-- --------------------------------------------------------
-- 主机:                           127.0.0.1
-- 服务器版本:                        5.7.26 - MySQL Community Server (GPL)
-- 服务器操作系统:                      Win64
-- HeidiSQL 版本:                  11.0.0.5919
-- --------------------------------------------------------

/*!40101 SET @OLD_CHARACTER_SET_CLIENT=@@CHARACTER_SET_CLIENT */;
/*!40101 SET NAMES utf8 */;
/*!50503 SET NAMES utf8mb4 */;
/*!40014 SET @OLD_FOREIGN_KEY_CHECKS=@@FOREIGN_KEY_CHECKS, FOREIGN_KEY_CHECKS=0 */;
/*!40101 SET @OLD_SQL_MODE=@@SQL_MODE, SQL_MODE='NO_AUTO_VALUE_ON_ZERO' */;

-- 导出  表 wcg_mall.address_book 结构
CREATE TABLE IF NOT EXISTS `address_book` (
  `id` bigint(20) NOT NULL AUTO_INCREMENT,
  `user_id` bigint(20) DEFAULT NULL,
  `consignee` varchar(20) COLLATE utf8_unicode_ci DEFAULT NULL,
  `consignee_address` varchar(500) COLLATE utf8_unicode_ci DEFAULT NULL,
  `consignee_phone` varchar(11) COLLATE utf8_unicode_ci DEFAULT NULL,
  `default` int(11) DEFAULT '0',
  PRIMARY KEY (`id`)
) ENGINE=MyISAM AUTO_INCREMENT=16 DEFAULT CHARSET=utf8 COLLATE=utf8_unicode_ci;

-- 正在导出表  wcg_mall.address_book 的数据：3 rows
/*!40000 ALTER TABLE `address_book` DISABLE KEYS */;
INSERT INTO `address_book` (`id`, `user_id`, `consignee`, `consignee_address`, `consignee_phone`, `default`) VALUES
	(10, 32, '杨健', '重庆市涪陵区', '13290010295', 1),
	(2, 32, '陈韦江', '重庆市涪陵区白涛街道', '18223354992', 0),
	(15, 32, '陈佑强', '重庆市涪陵区白涛街道', '18223354992', NULL);
/*!40000 ALTER TABLE `address_book` ENABLE KEYS */;

-- 导出  表 wcg_mall.blog 结构
CREATE TABLE IF NOT EXISTS `blog` (
  `id` bigint(20) NOT NULL AUTO_INCREMENT,
  `create_time` datetime DEFAULT NULL,
  `update_time` datetime DEFAULT NULL,
  `create_user` bigint(20) DEFAULT NULL,
  `update_user` bigint(20) DEFAULT NULL,
  `title` varchar(50) COLLATE utf8_unicode_ci DEFAULT NULL,
  `content` text COLLATE utf8_unicode_ci,
  `image` varchar(255) COLLATE utf8_unicode_ci DEFAULT NULL,
  PRIMARY KEY (`id`)
) ENGINE=MyISAM AUTO_INCREMENT=10 DEFAULT CHARSET=utf8 COLLATE=utf8_unicode_ci;

-- 正在导出表  wcg_mall.blog 的数据：4 rows
/*!40000 ALTER TABLE `blog` DISABLE KEYS */;
INSERT INTO `blog` (`id`, `create_time`, `update_time`, `create_user`, `update_user`, `title`, `content`, `image`) VALUES
	(4, '2024-03-04 21:38:17', '2024-03-09 22:17:45', 32, 32, '养花要学会选盆，不同的花盆功能不同', '花盆如何选？最全花盆攻略不要错过~\n\n水泥盆\n①优势：防腐耐用，不怕日晒雨淋\n②劣势：不透气；保水；笨重\n③种类：普通水泥盆、镁泥盆\n塑料/树脂盆\n①优势：轻便结实；便宜；不易破碎；颜色样式多；耐挤压。\n②劣势：不透水（但不少款式有排水孔设计）；不透气；不环保；美观性一般；使用年限有限。\n③种类：青山盆、加仑盆、爱丽丝盆、霍伦盆、控根盆、水培盆、自吸水盆、美莳盆、木村方盆等。\n\n陶盆\n①优势：透气性好、排水性好、颜值高、搭配感强、保温。\n②劣势：易碎；水分蒸发快，需要增加浇水频率；冬季怕霜冻；较沉；花盆表面易反碱，长青苔和白霜。\n③种类：红陶盆、黑陶盆、灰陶盆、白陶盆、泥瓦盆、紫砂盆、粗陶盆等。\n瓷盆\n①优势：色彩丰富美观；色泽鲜艳有光泽；盆表光滑；保水性强，适合养对水分要求较高的植物；可做套盆。\n②劣势：透水透气性差；易碎。\n③种类：陶釉盆、瓷器。\n\n水培盆\n①优势：干净卫生；一般以透明塑料盆和玻璃盆为主；适合养根；方便小巧；容易养活；新手友好；适合懒人。\n\n套盆\n①优势：装饰美化作用；种类繁多；可塑性强\n②种类：藤编袋、布袋、牛皮纸袋、竹筐等\n另外，还有玻璃盆、可降解盆（稻壳制成）、木盆、石盆、铁盆等。', 'https://web-framework-cwj.oss-cn-chengdu.aliyuncs.com/484080d4-4fcb-48f5-b778-df7edad1f5d5.jpg'),
	(3, '2024-03-04 21:35:56', '2024-03-05 21:14:42', 32, 32, '床头柜怎么选？装修小白一键收藏', '床很多人知道买合适大小的，反而不少人对床头柜并不是很关注，其实床头柜在卧室空间也是一个很重要的部分，上方既可以放置随手物品和台灯还能作为小物品收纳使用。而且搭配衣柜可以让风格统一有延伸感，所以在挑选床头柜时，我们需要考虑到空间大小、功能需求、风格和材质等因素。通过合理的选择和设计，床头柜可以成为卧室装饰的焦点之一，与床和其它家具相得益彰，让我们一同探索床头柜的选择与风格，为卧室带来更多的功能和美感。\n\n一、种类\n\n一间舒服的卧室会有哪些家具？那毫无疑问，床是卧室里最实用、最具装饰性的家具，但是不要忘记它的好朋友“床头柜”。如果选错了床头柜，卧室的舒适和美观度都会受到很大的影响，今天小编把几种类型的床头柜优缺点细讲一下。\n\n1、开放式床头柜\n\n开放式床头柜是没有闭合的收纳箱，但是有外露的陈列架。用实木做出弯曲造型，比传统方正的床头柜更加具有女人味和时尚感。\n\n\n2、凳子床头柜\n\n凳子床头柜之所以这么叫凳子床头柜，主要是因为它的外形和一张凳子一样，风格简约又不失大方，现在的床头柜设计不只停留在收纳功能，还要具备一定的展示性和美感，让主人走进去就能感受到舒适幸福。\n\n\n3、连体式床头柜\n\n定制衣柜与床头柜连体式是很匹配当下装修的，像一般空间紧凑都强烈推荐做定制床头柜，不仅空间利用最大化，还可以通过合理布局轻松搞定功能化，让小空间也能五脏俱全。\n\n\n二、风格\n\n床头柜的风格也是多种多样，包括现代简约、原木风、轻奢风等。不同的风格特色也会形成不同的风格可以营造出不同的空间氛围和装饰效果。最重要的是，挑选床头柜时要考虑个人的需求和喜好，确保它既实用又符合整体装饰风格，为卧室增添美感和功能性。\n\n1、现代简约\n\n现代简约风格是近几年最受大众青睐的风格风格提倡以功能为主，将装饰设计的元素简化，采用更流水线生产化的家具。很多人都认为简约即使简单。其实不然，简约设计风格往往不只是表达在家庭装修方面，它也包括了家庭中的软装搭配、家具设计、空间布局等多个方面。\n\n\n2、原木风\n\n原木风主打自然柔和，围绕着原木展开、整体暖色系、阳光洒进来的时候温馨、柔和，那这种暖暖的风格是你想要的感觉吧。\n\n\n3、轻奢风\n\n首先让我们先了解下什么是轻奢风格?轻奢，顾名思义，即“轻度的奢侈”。其实它不仅代表一种精品生活方式，更代表着正在享受的高质量生活细节。\n\n', 'https://web-framework-cwj.oss-cn-chengdu.aliyuncs.com/ec3aa833-0dd3-4c48-b1cf-59aa567d9a20.jpg'),
	(5, '2024-03-04 21:48:49', '2024-03-05 21:15:53', 32, 32, '台灯怎么选？', '台灯是我们生活中必不可少的照明工具之一，它的选择对于保护我们的眼睛、提高学习和工作效率都有着重要的影响。那么台灯怎么选。\n\n台灯怎么选\n\n一、灯光亮度：舒适与明亮并存\n\n灯光的亮度是我们选择台灯时需要重点考虑的因素之一。一般来说，台灯的亮度应该既能满足观察物体所需的明亮度，又不能过亮以致刺眼。因此，在选购台灯时要注意选择功率适中，亮度可调节的产品。特别是对于长时间使用台灯的学生或职场人士来说，选购一款带有亮度调节功能的台灯十分重要。这样可以根据不同的场景和需求，调节台灯的亮度，既舒适又方便。\n\n\n二、色温选择：自然光线更接近\n\n除了亮度之外，色温也是选择台灯时需要关注的重要因素之一。在色温选择上，一般可以分为冷光、中性光和暖光三个档位。冷光色温高，偏向蓝色，可提高警觉性和注意力，适合阅读;中性光色温中等，颜色还原性好，适合写字或处理文件;暖光色温低，偏向黄色，给人一种温暖柔和的感觉，适合用于放松和休息。根据具体的需求选择不同色温的台灯，可以更好地满足不同场景下的照明需求。\n\n\n三、灯具外观：美观与实用并重\n\n当然，除了功能因素之外，台灯的外观也是选购时需要考虑的重要因素之一。我们通常会选择外形简约、线条流畅、颜色搭配协调的台灯，这样的台灯不仅美观，更能提升整体环境的舒适度。同时，外观上的美观也要兼顾实用性，比如可以调节灯头角度、灯杆高度可调等功能，这些设计都能够使台灯更加符合人体工程学，提供更好的照明效果。\n\n\n四、健康指数：关注防蓝光功能和光线稳定性\n\n如今，我们每天都接触到各种电子设备，如手机、电脑、平板等，而这些电子设备所散发出的蓝光会对我们的眼睛造成伤害。因此，在选购台灯时，可以关注一些具备防蓝光功能的产品。防蓝光台灯可以通过滤光片等技术，减少蓝光的辐射，减少对眼睛的刺激，有助于保护视力。另外，对于台灯的光线稳定性也需要关注，灯光的稳定性越好，闪烁度越小，对眼睛的伤害也就越小。\n\n\n小编总结：台灯怎么选，就先介绍到这里了。选择一款适合自己的台灯需要从灯光亮度、色温选择、外观美观和健康指数等因素综合考虑。希望通过本文的介绍和提醒，能够帮助大家更加科学、合理地选购台灯，保护视力，提升生活品质。', 'https://web-framework-cwj.oss-cn-chengdu.aliyuncs.com/9703c9d5-3ce4-4daa-8bbf-5d706ec4fb26.jpg'),
	(7, '2024-03-04 21:58:27', '2024-03-04 21:58:27', 23, 23, 'Minimalist in a small and stylish bedroom', 'Lorem ipsum dolor sit amet, consectetur adipisicing elit. Doloribus est in quos tempora. Eligendi iure perspiciatis tenetur unde, ut veritatis?', 'https://web-framework-cwj.oss-cn-chengdu.aliyuncs.com/0675012d-6c2a-487f-8f8c-d228aedc2cf3.jpg');
/*!40000 ALTER TABLE `blog` ENABLE KEYS */;

-- 导出  表 wcg_mall.blog_comments 结构
CREATE TABLE IF NOT EXISTS `blog_comments` (
  `id` bigint(20) NOT NULL AUTO_INCREMENT,
  `blog_id` bigint(20) DEFAULT NULL,
  `create_user` bigint(20) DEFAULT NULL,
  `create_time` datetime DEFAULT NULL,
  `comment` text COLLATE utf8_unicode_ci,
  PRIMARY KEY (`id`)
) ENGINE=MyISAM AUTO_INCREMENT=10 DEFAULT CHARSET=utf8 COLLATE=utf8_unicode_ci;

-- 正在导出表  wcg_mall.blog_comments 的数据：5 rows
/*!40000 ALTER TABLE `blog_comments` DISABLE KEYS */;
INSERT INTO `blog_comments` (`id`, `blog_id`, `create_user`, `create_time`, `comment`) VALUES
	(2, 4, 32, '2024-03-09 21:28:59', '说的对啊说的对啊说的对啊说的对啊说的对啊说的对啊说的对啊说的对啊说的对啊'),
	(9, 3, 32, '2024-03-18 21:07:47', '对'),
	(6, 5, 32, '2024-03-09 22:05:16', '这是一条测试评论'),
	(7, 4, 23, '2024-03-09 22:05:50', '这是一条测试评论'),
	(8, 4, 34, '2024-03-11 20:10:52', '测试评论');
/*!40000 ALTER TABLE `blog_comments` ENABLE KEYS */;

-- 导出  表 wcg_mall.instagram_posts 结构
CREATE TABLE IF NOT EXISTS `instagram_posts` (
  `id` bigint(20) NOT NULL AUTO_INCREMENT,
  `images` varchar(255) COLLATE utf8_unicode_ci DEFAULT NULL,
  PRIMARY KEY (`id`)
) ENGINE=MyISAM DEFAULT CHARSET=utf8 COLLATE=utf8_unicode_ci;

-- 正在导出表  wcg_mall.instagram_posts 的数据：0 rows
/*!40000 ALTER TABLE `instagram_posts` DISABLE KEYS */;
/*!40000 ALTER TABLE `instagram_posts` ENABLE KEYS */;

-- 导出  表 wcg_mall.key_pairs 结构
CREATE TABLE IF NOT EXISTS `key_pairs` (
  `id` bigint(20) NOT NULL AUTO_INCREMENT,
  `user_id` bigint(20) DEFAULT NULL,
  `public_key` text COLLATE utf8_unicode_ci,
  `private_key` text COLLATE utf8_unicode_ci,
  PRIMARY KEY (`id`)
) ENGINE=MyISAM AUTO_INCREMENT=29 DEFAULT CHARSET=utf8 COLLATE=utf8_unicode_ci;

-- 正在导出表  wcg_mall.key_pairs 的数据：27 rows
/*!40000 ALTER TABLE `key_pairs` DISABLE KEYS */;
INSERT INTO `key_pairs` (`id`, `user_id`, `public_key`, `private_key`) VALUES
	(2, 8, 'MIIBIjANBgkqhkiG9w0BAQEFAAOCAQ8AMIIBCgKCAQEAzLFlCTntm5XU7f3a6d1aM4dduhtuXCjy05DXD8SqxbK/jNDLO9bkPaAijLhdTe8nQTmf3vJvBMVENk7Rq8S90BEgJfhcc15da1CUBy/MqgBTRQ8mfYIktwBxQ4bUJgsZ9K6oCrrGLoUnIT0j0YqNp+PdM5PRlubZ3kFZpFytkFbw/is8quBFKjSn/Ly/11Mxs11qt0cbctR4xDbY3bAzAyfuqeUASGneDTJrWvyGmkdK+QuekPOsor1edlTH8MpQPGqAGROt+CgFAnVsbtGSF38o19OcMuNmPMN9hCmtGdF0+xc5PL1szSlOwrEfeYWja6/ixRje9QvMtihT/JwGPwIDAQAB', 'MIIEvgIBADANBgkqhkiG9w0BAQEFAASCBKgwggSkAgEAAoIBAQDMsWUJOe2bldTt/drp3Vozh126G25cKPLTkNcPxKrFsr+M0Ms71uQ9oCKMuF1N7ydBOZ/e8m8ExUQ2TtGrxL3QESAl+FxzXl1rUJQHL8yqAFNFDyZ9giS3AHFDhtQmCxn0rqgKusYuhSchPSPRio2n490zk9GW5tneQVmkXK2QVvD+Kzyq4EUqNKf8vL/XUzGzXWq3Rxty1HjENtjdsDMDJ+6p5QBIad4NMmta/IaaR0r5C56Q86yivV52VMfwylA8aoAZE634KAUCdWxu0ZIXfyjX05wy42Y8w32EKa0Z0XT7Fzk8vWzNKU7CsR95haNrr+LFGN71C8y2KFP8nAY/AgMBAAECggEAYKSu5fTGRSuwXW96UOm0QVj7vTdfWz7wK0ia6bR6xp3XB6a7FfUnTRtSxKr1TqsIFykcXNiM5y02QAflwdpBnj+/tH23NLdMlzLzuRLt6CQALL5y91YffJHGaFH7zzx1lEt0RqCZmnQ+ndhulWv75tVUZpo3ni4/lkq3hr1FKzywDJ2fAZ7bz+b3gyFUAFilZtZ9Qq/THz18FFr1g3NGegrFJmZ3qRLVWzIvpLi5RXQYo5AUL2OZ/Eb2pso2VaDuF1u/04MfC/YzjhtJqszorhRGm8FPSHwtu8pjkqgWS5O4VQgRD6c11fnp7pJ1deyOpzX2RK2uR/Ai+/HEo2ReoQKBgQD8/6R9JOoFyNz7zyXj3VXdeqbVka1eV2VH7WlEd5Wdw58Qq7lm1nKq8sUIIPjw6a1tPeMF25wQAiMrtD9End9qDfJ4hL/TrgjKCxoGSHjma1oIo111ALs2xStfemG7WvMpgnb5yPSdtjL/ycvXT3r5L6A0JndcExjcV9Thb0x1HwKBgQDPHww3yafz5UfGorm+NzL8/84yv++o3q+ZzAB1Rmfwo0XPQJrVu7G1K1VqroVxuU9VmE4W7YMeXAydsaqk8bgoEH7g4vqqMxyQ79Rbr/UWfZQYcscM2de/4CtKPy4xEJSe73dQfEQ8ZG6qq7OUQGmuKYpPjpfjvhnZdF9dWI4q4QKBgQC1PN002RDce/vyV36pMZGlS4vgSq+LecgQMr7KUXBYyB5W7u2uAcm7NJZ5MEWlL4ERVNghBiVSQnW3hTQdj4rQipU8SLyyg2XAdxt5jMkvJ5AjyAPXIWL75Vsg1qbUdF7lSZS5c3/oyvDV1FW2NDW/9KIrObMfvn58ul7B790xuQKBgHLRyGko3nWjtl2Umhmr6hU9DicuJgLcqEY/REW/KSHKsYmKTAuOiJ5hjnGcnBeGXkeaLjghpR1wdAH7mxjjc26qblvnGIS/3ucuPPAzJFA6f53qCxTBswwIjpcTXV0PzwQoxmEU8pL0LjFpDB10c+F739PovaUgHp5hF/jcfbuhAoGBAO3eBqV6cwVv22xCYWH5DL+deQpNzi4XSNq9Zc+fs+zc4Xiv2s+6gLhkRiUFdlnPmcq2ROrmuMtKArEvnzOEbSblJcGk4Sq6dIqmSc6N21tN2O3D9B/hXpGszx4wn4XuvWbUxCvtErPqL1PoZvP33DizRQRKrXMVDEgzZysysdnM'),
	(3, 9, 'MIIBIjANBgkqhkiG9w0BAQEFAAOCAQ8AMIIBCgKCAQEAm0qUz9CpG1dKTDbJmVCLqFiKmRKKJ829vfAFt/O0g5iDU67PR3INvZM8Hp4LCwNGhrY3cb78n3os3Q6yByx63356aGFepnv5fJBqCj79VcFCdOVOO4wrJc9TKGlHGgdSlrV7d8hxdYkJ54c5pDQr9VXn1P/4cIZ0DR//sHYA3GkLza9c1WjA/I2SLpaphXOUJXXY5k4vlu50pJrmEaR66FT0b9Skch7DUfqcPCNxn5lH8YyGhHJztlO6hwU9gwgRFXHEBMRrvSJiCCvVezurBugeaoKLBciXJkUHiHyOw2eSSiooV6iouNfoTrN1HEsufdznNuIi68wIUD4mGI62QQIDAQAB', 'MIIEvgIBADANBgkqhkiG9w0BAQEFAASCBKgwggSkAgEAAoIBAQCbSpTP0KkbV0pMNsmZUIuoWIqZEoonzb298AW387SDmINTrs9Hcg29kzwengsLA0aGtjdxvvyfeizdDrIHLHrffnpoYV6me/l8kGoKPv1VwUJ05U47jCslz1MoaUcaB1KWtXt3yHF1iQnnhzmkNCv1VefU//hwhnQNH/+wdgDcaQvNr1zVaMD8jZIulqmFc5QlddjmTi+W7nSkmuYRpHroVPRv1KRyHsNR+pw8I3GfmUfxjIaEcnO2U7qHBT2DCBEVccQExGu9ImIIK9V7O6sG6B5qgosFyJcmRQeIfI7DZ5JKKihXqKi41+hOs3UcSy593Oc24iLrzAhQPiYYjrZBAgMBAAECggEABOa/OKnw1HSWWz51cXnZ1pfo0/kCVExJm1eajppKDcdACeGgGDSw21Vs1diOJ6xUSwcwS85H4e60wMtochKE1E4FJgtAtgd+seBLAITJcS3234KnS/jaGcjn6oQcIuWtRSV4Pqkcb6XCIsUhXB3rb0RlW1My77ZGrm1eoB6xW0OG7KIl0J4697fWyrj3Pl9COYnZAjrhiRf679MWBtwGBA4z3KjzUVHxkM0UfbT6QlIgS4Py3WIGVLDAr9z2JK13qVKYgOBbRoYzFiNB/GqlVB4EneHGtzYpW1gYxVk66aX5nBGh3uMGVkXBzDWGpIwb5TFP+BjsAy7EK4jlgLb7GQKBgQDNyrkxMALdJye3JFExXpYKEOrXyDcWrUhNdyQYYlcYQlWopNAsfU6r9650BTngEi8b7om4sk5ZSjzcmIvCHCrCL7qcSe6YBBv/74Rbjn5QX4Q7FWW4cHdh67Su4/+3ZDo51X/UMHkOwKe4jR7TsDdiZgCQLALHAX3ou0u48/KhtQKBgQDBLbZQ7VwKVGaY0f1xzFVztF8gDFgZ2BKwFOUH+6geIwfoXjFVs+3+YnKcVC+PSatxDY/366ZGBXsg7xMxUEOtuXBipMLfbtVMVaA4jqoz4lHKOKkn2zIS0oxfJZIItKXrOyX5P4SZASY3D/F4QzR6MBeaAikrQ6BRqvfd/9rJ3QKBgHchu1GZPJ8wEpK36HTPD8amAn2GPzXWfHuz0+Z1z3uQsyvctVJ7+/YbfRdXCykG/dSKo5mTRz3zdwYxHP7y9WHS5ZGiTwgboOXpj1K9S6xVjyPxACDkoofCPqfb/2X4FKj0SnrY0MvUhYOV1lmvsnA5ImxTvgvcdjorauuX9UbdAoGBAL6LG1DZvzaFJ6nHPyl3NjZpjIatBl1/jndWNM7aAGqxfQRLnHf/gVmwu4HNXBgGv29ExGPzcU+R6nCCwLichhUeW2dBQuJmjUe9EcuXlPSWYLyJhPhGMi70tPbItTGXFi1fa0Zdy6mrw4j+Vdyc1W9Mbos/ZGJDUyga7mBwFNuVAoGBAKNRBsxE85kPDR70coFHdaKUkpwlj1CIS8LALaPpEfxHokysgffzz4M0xPxKJPRkfbUJtP6a3CmK1V93eDsTwkentDS7v90BP0oYcmTrXCYq28v9KvIXg9nMhE2yfsIo5kK5DCpaEjypLQxijoak1F+vRHbeznAomOmn88sNgKgL'),
	(4, 10, 'MIIBIjANBgkqhkiG9w0BAQEFAAOCAQ8AMIIBCgKCAQEAs2Bh6mgHBBgNQMCW7Yf70so8dn1sVFJ3EEYgEcikmoTmQZFKk8tppMVIkcmJAaDQNcv2iQ/zLmsMEUyYJ8v8inrD9W/arRC3SuYRE0usaD8W14xB6/ZoQj9B2lh5kMoYm+5PjGQzqmS425HyE2hpWlHq8eNP196oo4chOALGHPUtgwUz7NCjcQbBei7SblfMxXqjmbQxoBPk2/yx+nQtOfCgt/Bfbqbx+e5HlbfMy27uVbCPzgtvxuNDiI1K/kJGKRaCsJ2f8m3A01gZIK0K9cK4XjnqPXoWkgRlGIdJoYSUQ7Os67ikcfQ99si15SnhTyhq+YE37OYUsHqSgI30ZwIDAQAB', 'MIIEvQIBADANBgkqhkiG9w0BAQEFAASCBKcwggSjAgEAAoIBAQCzYGHqaAcEGA1AwJbth/vSyjx2fWxUUncQRiARyKSahOZBkUqTy2mkxUiRyYkBoNA1y/aJD/MuawwRTJgny/yKesP1b9qtELdK5hETS6xoPxbXjEHr9mhCP0HaWHmQyhib7k+MZDOqZLjbkfITaGlaUerx40/X3qijhyE4AsYc9S2DBTPs0KNxBsF6LtJuV8zFeqOZtDGgE+Tb/LH6dC058KC38F9upvH57keVt8zLbu5VsI/OC2/G40OIjUr+QkYpFoKwnZ/ybcDTWBkgrQr1wrheOeo9ehaSBGUYh0mhhJRDs6zruKRx9D32yLXlKeFPKGr5gTfs5hSwepKAjfRnAgMBAAECggEAHTxMyTE6T4MCCfc5wi4jL5hxoVhQ4y9ro3XifTOIDH0zsCUXlB4XsljLOqOv1lmZBeOf43f7iSm+VkV3GSlomENpE+Qurn1memkkCFKRn44E0Y3VIrnPBVkdCRLZgW1G9IczZOzh9Ngkvvi7DUm7vhJS6ijD1ym9r6VzFxdwpcBTt38CCFnLA/dXdf7z4/9gI9a7+W0BpqmBBZ+pXPS4JyIxmV90NDEMtHr+b1A+s3J9L6i/FPKJq2Rr16R6OfYAc18cDTvgiYliPi/RKxMJum2c8W8AztvLhUmkcpjkYPMs5bU+uL+ER4Hf4nT5Zgz8RS/+CJ1p+mi2ekd1lmodNQKBgQD09yGREDS4vzcTjHaa965aUiDpEbOLwssgXpMf8+Ps86E1iJJH34lA4gP4nPyxB7rSpw0A0VaTppVM8BZC8nDVK+/aITBrN2adpd7K1XAbS27FP7CnkEoNpEHhqFXEVAIfVYW4XoDxgQwGgRF5BcaoDYe0zHwwZcjRk6AyeD1BnQKBgQC7dOZX/kZASQtbsNu52vrh7SoD9hgJnBE1WIwYP4fAlXCbYWJ88lHn2DUDvq3nCH7NlU7IW9PMTEHavqkBTQ/aShtGryLd6dMffz8neHI7FtpSaN6+aGOKykkFTtLda4bMYzejtlOhqRZX1LL2k+hHZ4+L0v13N3r/n2zKbG5g0wKBgQDQkBBeJ8Qbf4Hu/OqGalZhxAcNKOsLFWBIQP1WeRoXxh39LDgPRXzgZw4mf9KNDx26+EuT5Kensm7vQIJToYL7nBrsRtGol1Sg6HZVj3+RXZoECoPnRmwmTTFiZSYQr83Wy8O8A4oZFFwetYkg1xAaSNq/zlH2CtL9zIjaL5FH6QKBgDY8Bxy0O30D5R5dF+U4vtc4t6w3uhKlrbDicn3de5gzZEYAMe92aE4MlqIDu+qY4Z73MLj1IFz+PxtbiCgRNKHySNv1dcAAk42MUihIR7xiyz2Gi9NI/mu8RM4dVRKstm5R0loyORYPhqBYsIJ4nn5yLuzEWYLxcUudw2r5XiHzAoGAEf/VxZtF8fGrgYImqA/Bl4XlHR/XmkgHVUQSKXwFYf77d+hQhmHfXcS0kJZlB1wMetx8PM7kaCJ3WwFP8kgIHmLRiZyh/Gzle8txAMMj48GdgZMUFHqI2FBNWChzk9uKltfZ0CdlgPptJS1uIVHG8HSacUJ4//f7hWfdi/ch5k0='),
	(5, 11, 'MIIBIjANBgkqhkiG9w0BAQEFAAOCAQ8AMIIBCgKCAQEA00HWishcUK0ZolKLDgZ4qIDwePH3jvDfQqGut1igkpRtN7cPt0pyiS4MbF/rd8zfkqw1/Xy4G1mjtrs3NiaMWrYdNegWZZOvThslLHY5nTehbE8k0xokCxLAqLd7s0DQYWnVEUA6uyPMOzqP6yGoOHEuTsF9U03W/yLMd2rK9KFsI6qJxmqsufMtxttNIrrnXmPYEjJqOYM1jq6+f7CvSE1aTdEjuuRMB1Yr13V3eC0GGAgtUbQRKgGpuYTfTt6+jACAkEhUIfV8N/IyIoHJAB843kxgDtyh8PVARZtEM8zwVqy700Nz4BL7Mjmetgl571eeOy95xx1JZE2Mi+bT0QIDAQAB', 'MIIEvAIBADANBgkqhkiG9w0BAQEFAASCBKYwggSiAgEAAoIBAQDTQdaKyFxQrRmiUosOBniogPB48feO8N9Coa63WKCSlG03tw+3SnKJLgxsX+t3zN+SrDX9fLgbWaO2uzc2Joxath016BZlk69OGyUsdjmdN6FsTyTTGiQLEsCot3uzQNBhadURQDq7I8w7Oo/rIag4cS5OwX1TTdb/Isx3asr0oWwjqonGaqy58y3G200iuudeY9gSMmo5gzWOrr5/sK9ITVpN0SO65EwHVivXdXd4LQYYCC1RtBEqAam5hN9O3r6MAICQSFQh9Xw38jIigckAHzjeTGAO3KHw9UBFm0QzzPBWrLvTQ3PgEvsyOZ62CXnvV547L3nHHUlkTYyL5tPRAgMBAAECggEASimfxoLGHbBXAmwV0uukqgrx4JOZQ739sqeN7WGYpTykBt4mD0N8Z/oZdGZMBHeQuS3pmj6RZ1CVr42TuVfZB/NM1+LNEgXBkhrndu9eFHo2Gg7Cr7VKl/SSW+hl7azAOqJroS26MH5FsTlC0tmy83WQOyej9n2qD1FJFFcSPsRVKVDReMEN3l7rzrojuCe8o2I4wDiymb+1WY0Iocla+s4jSEWf5ozwqxPJS1Y5KTfc203TOyJ6qtS+K2foZ1Kzr3Reljn7D0IIm+pH9wJLc4Kx1DZZi5KKBIs1YrljhLtvG0F2j7If7j/iywgiAfOKRhdxTTd6PDzBqTIXlTZ/HQKBgQDookcu6NcVR+lxEW/54U99UIG37Rajafl7VgBB2d2E/etU7KESD7nllDSKjqefUxvP5wivLUX7imVCfbpbWyHgogDZXR6/DL4HNc0qrA34VmBhvsXh6e8mf9zjxNjHzOflZtulS6Z7q+KfYdFoga/KleQrnEfRNO7a9LzB5Q+t5wKBgQDoeeZbJgH8uvHeHbD/cX6Wpmzx858cc1ur5eRfh7+jy8+4u2J4/hBcR4fREt2SikorkwfmGk7Avi761+Q+SHgUT/0SOWuvWech49BDvu5c/+OzUT0wwamOXjLsIbQvW14bV2zsondaaDLiTsFqtkwKatLNWr46Oi15wKaxLbMJhwKBgCm56cCtPN7xThrcwNP2KNbWWN4PpY7cFEaeD1/AXy5aiRprcxyVO4fFRINRwRkfxA5PZ0xcd3/9u9noSUPXncT36eUTAc/Mzkzmxo0P3VWc0J7XpBC4cA/cwVcNWMDFrRaFk4IbhpoKI5To67GuCUTyC8ISvwL0Vp9pZG320xAjAoGAPTjVBE4HGfJ1fcQd97eA2dWsPS+mSEzM6IEbWlkai91Br+mRLkHiNxsTVmj8dvn6PG11GBD3imTLZH30er6E+Pxzrhf3Fu+7Ib6n+x9OEKnG4lNTpQJrT7XY/TyHAi2yo8qrQcorWmC0fcq1vw+RCPFG4JO0IwttLHIis+hQDQMCgYAzbY8cLHDALaKJdUK19oQxuVdySSVmPq0mu1m9CHmJGvcNT5X7gaGKtDVHRiuW9dtkOGoXZQtSElEudOdHDwvrIWks99MhHrjLiA42ERWNkSWbdu3TnyLI7LvF3UVa60S0RAjlKs+1pwP8hu7Ryw1WNBq6SjZ0Rr6mA56L61XIBA=='),
	(6, 12, 'MIIBIjANBgkqhkiG9w0BAQEFAAOCAQ8AMIIBCgKCAQEAwmN7HgpufZRQnfpom0v7XbTafReMkX2riv7HEmX0RdvVgoOyI2jyW87z3yfVytmdf69PUTjkhPCAJmiEXyOssVEunVbpxSNsHkacG6VWFvwneYxmaHhCTiPoAXOaEXJXbAMYQ2/Tu2WMKxdDnEyiy3Hop2oBjRBA3unkSxFFBQfsWdQ/nedzWuuY+lT60uoqtlHngBd7F0i6G+OvXWI4xPQVTGnidvosDCkdbqSNJPpXyZ+T2OhX1kLs+iIJS2jB6cMCqr90Saru6OOSNvpEq8f9L1wqB7NrPiJJW6KJfkZovYbbHi14YU0zhkZ1mf3vUXaxH/1Mcnt2DOdyvfFdmwIDAQAB', 'MIIEvAIBADANBgkqhkiG9w0BAQEFAASCBKYwggSiAgEAAoIBAQDCY3seCm59lFCd+mibS/tdtNp9F4yRfauK/scSZfRF29WCg7IjaPJbzvPfJ9XK2Z1/r09ROOSE8IAmaIRfI6yxUS6dVunFI2weRpwbpVYW/Cd5jGZoeEJOI+gBc5oRcldsAxhDb9O7ZYwrF0OcTKLLceinagGNEEDe6eRLEUUFB+xZ1D+d53Na65j6VPrS6iq2UeeAF3sXSLob469dYjjE9BVMaeJ2+iwMKR1upI0k+lfJn5PY6FfWQuz6IglLaMHpwwKqv3RJqu7o45I2+kSrx/0vXCoHs2s+Iklbool+Rmi9htseLXhhTTOGRnWZ/e9RdrEf/Uxye3YM53K98V2bAgMBAAECggEAB7+YEGoms1dudeLzDoBTLw4Jc4O1H7YxrfhajmTaqCTgzYiwWMb9z3kKsYd7THsA0y51a+289iucABaZyC0Ph4COlMj6coLnSWGpJqpK1Im34m7H75FzmyfFP2GQmkduLVOw65Hmj7QMMp+FG2gr87jA/Fi2YnLBEzb22aMrls1YecjPUr8zyjtZUPcd7ArFtC7FAvTCwSOPLJvwLeHvjKD6kDddoS6kegIYBpRxrVeehzwvPJlCM/AD1dDZYKnlwuH4TfhyTiwalgRtjWeM+XSveNz3v3BT5ewg2ypoiw90377SOBP+0gPonhCkSKWPNdxnscXbNYzdXRato1puOQKBgQDGSxHeog/MgBoXVAXmlbOXxq+vil4u4u2j0TZHtR3reEycs9PsIF1dy02w2D34Yo1TlMh6ekoZxDIm23GXLiQ/hHjM2/T/tgqa7qL7P2YqvikLYhfOIvqSpAI56qTtIdsmE+0KK8CHriBeZWiofOc3M7C0FTyKBgzw7jzmGWu+BwKBgQD69YN0VSGWL3lSMD7rr4HcPfOzO+EMH+BdUqMBXccu5dYp+8xM2S7J8WyFcf92oU58oD11mxDzYLxKVYAU7z9fNCeQ+7KdeogdJyInqMdyc4SGcRMKF3oYX5YBM/pnyfJWw8NeymwAvNaIkBmT41GYt1bWpH0Lpw8lHsrynxe+zQKBgFFI2qVpx5Ir/QYNEnIocbtI3iHWVa9gpMufamHQs9gfs0AVU00bI0rcmRdiPV0BgS9+8QOL965CR9C36gNwDbnf4ukPTYo5JHXIVxUpMwdYdljNODbvDcpo4uS89Cik1UHxrxyZPM4hqfEoHtPah6mQTeI0RmHKAyoMbvhf+VOnAoGANJRp9V68yb2qmpi3JiRAfgeQ3rWmAidPl93vfyLJz76h72vtMxCx5+eoSBFJZ+6GBkCAf/p8Q7G54Y0mZ7x0t5qyy4KgurPofssrMcn/96/STWS1i4C9uQuV3yynw0UhfCJJ9btNg54NCNHAOib/epK3JAOUm3NmDe30sX65t+UCgYB+CuXvpjNnpiEQBxS/7GqySpLCpJpuh5ScLt5bQP5ZIddrdwGHvG4iVUDahF2ERvu7TLjO1liTdhBk1IFJFeH+G00uFETP2r/Wg7u4H2RhwC91rv4hCYjxxQ2DdSkpQdJEGAxMcOLBFgsK3IHOeT4kKs2J65KtOyNDol8x7WQU/g=='),
	(7, 13, 'MIIBIjANBgkqhkiG9w0BAQEFAAOCAQ8AMIIBCgKCAQEAs8u+o0XS/fN12tbOnNRXkjZFKECkqNhmGX6NMCGX0aDVksLqHrzqQB0eLW+e6XvE4qBr7tqssTPfUxpTe4ynDbuS0aaYXAlWH+ktdtCG6G4kWQI9asZ1xHAoBwK4jeICHYwUeHB1EPaXXu7kno28YeAdJLZSSU3tIEYik1BKJUaty/aoslD3oNzz8Ro8QQWTS07f/Fjz4th5d9HnKayStgCFo6X8MvfVYdg/sYJWTzcgRBNmcwF9/Od3ctpSsauDEERmcj0yat4449ufmxl4odE3nF8CcPEO1dR1VGWxuOhv9wLr3IKxuttgXxrDBOWcrRyHybMR+SRkQRT0U37gLQIDAQAB', 'MIIEvAIBADANBgkqhkiG9w0BAQEFAASCBKYwggSiAgEAAoIBAQCzy76jRdL983Xa1s6c1FeSNkUoQKSo2GYZfo0wIZfRoNWSwuoevOpAHR4tb57pe8TioGvu2qyxM99TGlN7jKcNu5LRpphcCVYf6S120IbobiRZAj1qxnXEcCgHAriN4gIdjBR4cHUQ9pde7uSejbxh4B0ktlJJTe0gRiKTUEolRq3L9qiyUPeg3PPxGjxBBZNLTt/8WPPi2Hl30ecprJK2AIWjpfwy99Vh2D+xglZPNyBEE2ZzAX3853dy2lKxq4MQRGZyPTJq3jjj25+bGXih0TecXwJw8Q7V1HVUZbG46G/3AuvcgrG622BfGsME5ZytHIfJsxH5JGRBFPRTfuAtAgMBAAECggEATW/y5zqDEeqCd6Mt8OEJ6IjkR150LN6rNs7JO5I0Y86sPd4iXOPL1ppT7YjWPkSW+27RndnkKBwp0w6TJzLgnmsL5K0mkPladTsGYFaWzFPn5sgusKbSgS03KDHVUBKoC5bSGD+DRC+Y6YPlxp5QJS2UD8RQ846TE2Pxr1YU4TFzOE7JoMBc5nI+dkW/TdiMVVpE1jwvaWuOw3Kl1CkY1aGo/BOlZglOnE6CFZFHNJsH6fIkuoZOskasCsPavLN7J2njp+89lq0OeNWifZP60G+hNQy6zS5MJ/JcPEQAlAyWYFIXXwj0pk9/OWnziyeeaA8B0xJWKsykj5tsa48R1wKBgQDjhEQpedrdpER1kDKoYag2cCUS3ZbfNtq2NCaiB2Dr/Zejbi0jekTf+rJ3c6GWylDig4Whkr1a+QriocHMZas6q4cVspJ8BCAecb/eNDP9OtEyPZ/TaSXNQfwnalg1ElfMQvMlUSknaIUeV1X6X0GfEFzZceg0a2TZKbrtsfgoGwKBgQDKThBgN1UPWr1/fnJSb29WOipP3IKEESFFzlZ7PWCwH5NBV1YbKbUknPXYrMkTA5D4PT/sjIuchwH3qBtvlhxIGF1sTaxgZWdNaajCrJ0mN8jp17K4E2gUBhaxFV72z8scdJWk4JKj4a73YCmzTQ/ahCvUy/+VkDnVRLCwbh2tVwKBgDO7wZwEv0WisoZg8YPkINGwEl4F0OaUnIrNtPMm5l0C3tYkmVL13G9pm+cZfebBvj6jVWF18mSbOGRsD5sgixzeH+tJHZHhhkQl7VDjYeb01tirtonl4NiZZnK39bKrpxclKhCUMd1qIMrTZRN3UX6Pw+0Vv40b1mSi3oRp8Vl9AoGABcHM83//mq1BYURu6mujZnfHRniG+k0mfj8N9PndK4XqgdyDZch9ECqrUFwyaKkcUgQkMo4ZVv38j1ioVzeVXHPdDLz1H9Ui6HAOTmPtIO5LeGQcAOMEfjViJe3uwuVM6WVj8Mo3QhSlDwMcjK6vuc8zFB4uCsqM6sXGpW6sx4cCgYBJekp/+aQhICqFmU2S72gTsNGUhgkDQOGUMpPLFm2YKZRF/eR0kAT0/THUJ2Bioj+kPRcE0FXlJRiOG8292tcJP3Bk846gHIlcfdRcEAB2Gi3+rxJQME8ImRaziPz0Z6G3iAcZ6p4leiU5QO06j+frJ2wEGPW6/5MSl5BWMmPrHA=='),
	(8, 14, 'MIIBIjANBgkqhkiG9w0BAQEFAAOCAQ8AMIIBCgKCAQEApPnxXC2FUHXp+4b+W3A5fIEfj9pcSQedDt0DnmqLdOm21/bS2TMPH75WAr3KBYwfBVGJXmiULv+ScO8Qp2RkLHUCikMYaP4G8YcitAnWScbgg40ZogQu/N4AeGRGs3FfotkTZ/SyjRs35XL4JaAql2eISFK8P9GDZahxdXMXJ5qSnv/K+uNLptIVchzuJAWt1EFtoAiSU/DFIY4t82wxYovoFqtBsFG+c9r62aaLmhlBtZmOGEZeflL7CJtOKkqKbxQcapmTmyQjKTsAcKoCfj+JwIDVKU4YuFOc3L4Zt860FVWOIeOL2cZnUOV3ZkYi+F+7fURIBL24fEkG58YkxQIDAQAB', 'MIIEvQIBADANBgkqhkiG9w0BAQEFAASCBKcwggSjAgEAAoIBAQCk+fFcLYVQden7hv5bcDl8gR+P2lxJB50O3QOeaot06bbX9tLZMw8fvlYCvcoFjB8FUYleaJQu/5Jw7xCnZGQsdQKKQxho/gbxhyK0CdZJxuCDjRmiBC783gB4ZEazcV+i2RNn9LKNGzflcvgloCqXZ4hIUrw/0YNlqHF1cxcnmpKe/8r640um0hVyHO4kBa3UQW2gCJJT8MUhji3zbDFii+gWq0GwUb5z2vrZpouaGUG1mY4YRl5+UvsIm04qSopvFBxqmZObJCMpOwBwqgJ+P4nAgNUpThi4U5zcvhm3zrQVVY4h44vZxmdQ5XdmRiL4X7t9REgEvbh8SQbnxiTFAgMBAAECggEABqYm2sw1ifShUDM0n9gkuPvgmxpLNeD0rNtY1f2n+TeiLY9pGA/oFXjFBqns288LQQT0QGB+oxZHKf4N8cZ+CGdUNDZYDtiOIcCMiYJhUeqOCenvP98N9cBiIc1eJsVJpsqQ7v5RuUDWPo0lAH81YudtUAeQRrzZoDNAagy6wNciwcL7WLm872M75E/2nrGaSwuAwOBXeUFGV96Ow8v4iRCuphEujIXEGRioGxHlQNLAS/jHPLoWMVTtubeFQxVrJ5FJzi9ppEcNXZ48cocdt4g/rY1v7sjij0kzR0UBDaJd4JPdBOs73xu1nHpM3VpWzIzNu45l8A54kMvgw14n0QKBgQDHm+Cyf10HBXS02nQ/tCRxXU/LpyX8yXKEoJW+dJNRkFab6cJOUWXf5uRlLjQ5VqN26s2CPPmWluS8/rtJCQ4vbHwxz0VN9OdFiQG/kJtx1gKkNA5LvtV/pzGMpMwW6TvL9D71hQzEz00O6wKUI9citqLvRPL6/rZW8MzXQc8T3wKBgQDTlV4uOJvRQAo5evwB60VKvwIQbNNNJeGqv0zTB/N2h4acB7V1Vn21DLI8Zl/PeuX7gWu4GbfBwekZmTJv4L/zZzgGkipKM83UQarnHf/PNISQutx9HiXDDKIjTHcVjDUBblOx/qPJAsLOXV2nM8dgxK8B8Z4L6dFNtv3opWx72wKBgFlqvJd5coTorsUtbxHycrjN4icKs3uwCjrbbPkqY6wQCpxBdSd8UzSfzAR/VCmzY/qraHBFPFF3OvRm8CLhiZc489GkVhl78fY2T7Au6VNvWTORli3cSOusTAgC8uH4jS7qNSHq/jNT4eMi577Q51jHk+m3a1mArNH5gOmUs1zlAoGBAKv2vXoRlkrGosi+9S1WG5Y5kiLpX/9W54fQPU9TKgRO+A++kDPS3Q6WSBKhHgPSnjMAqB0UAe6ffKXKhly5rSjV3oowp+BxJDv8NzvqfOvaglfjF6s1InnZvbm0vyCrOLV2Bt4m2NVZwhzZc3GeutAiax7IUqzaF7vzG4DHWll7AoGAKd5yxwXwPPizTz3hpVfkPzL4kCPtEC/s8rNqm4bRuvy/YpvT9zdPGQjLwdEAkp5BOzd+HwkHYQu5z0jERFBLtp5duZ8dXsKH9XhY/P711ARqWM5qaTyL8ZZMd6eKy5iB8Eo2uEW5RZjrqLl1E9gmCwrBw+YmdjynP5Lo6nKzGMk='),
	(9, 15, 'MIIBIjANBgkqhkiG9w0BAQEFAAOCAQ8AMIIBCgKCAQEAoHF87lOgJ1C5qTz/jvV0YDysyIxdpR3O8peQ5YMoFwHg5PwL1ZV/S0KWYDjMghOL3iSKPwaerPXsu+tWiW81WwWHGOnA5VxR9JiAPjx3/rEJB0LlOJtl5F2RaS2COj9GGMycayYLEqPTn8Tmo05YXjy3/m/+q/v0vVP1Wdq7hFPoQvhp2fwKPQtlRS8U/5cjn3y+BRQTGKbTDqTQg60zxzrzkMW9IJGYzLBO7Yx2q+2ioB60+nC0ZPxKzKhAU0eUvCMv46xeMBIzLMkbbJBAGj6PK8dS0iQBx7hWKkvK2x5bLEteXPSG8VPx6HRTYnZjdHDSzP3SXax2ryuPEJv7BwIDAQAB', 'MIIEvQIBADANBgkqhkiG9w0BAQEFAASCBKcwggSjAgEAAoIBAQCgcXzuU6AnULmpPP+O9XRgPKzIjF2lHc7yl5DlgygXAeDk/AvVlX9LQpZgOMyCE4veJIo/Bp6s9ey761aJbzVbBYcY6cDlXFH0mIA+PHf+sQkHQuU4m2XkXZFpLYI6P0YYzJxrJgsSo9OfxOajTlhePLf+b/6r+/S9U/VZ2ruEU+hC+GnZ/Ao9C2VFLxT/lyOffL4FFBMYptMOpNCDrTPHOvOQxb0gkZjMsE7tjHar7aKgHrT6cLRk/ErMqEBTR5S8Iy/jrF4wEjMsyRtskEAaPo8rx1LSJAHHuFYqS8rbHlssS15c9IbxU/HodFNidmN0cNLM/dJdrHavK48Qm/sHAgMBAAECggEAI7PNWJ1cRJNmlR3hQnclS+sEieYOSplc/Uez8xah+6ir2lip63/GYUFyg/vvqjxeQfMAnnDDK3rYEKMYUSHhjh0nSGhvx7oo9JRg6Th8fTz45NhCeLu/yzb1DiIV2g9NcmRJpGBFU4MIKwPeTNW4vVOmn+RdF/lLpzvBG5scYiANmv29l1iKFJXk6+zzW9qr4EhgKPEDBpohop0ovBBT8dkdm1YZeCsOZTqr2ASQgRMtxsfSfUHF9EOIIkmsMLbbQiaDuCOYrdvO6fwFcYOL/UHDARgDUaeLff/eBgMYSXT5kfticBO8GmP8ifNT1AIbYgzzhN2e2QUeaP+SOry4WQKBgQDLgCiSmq7Ip6yu8Ysv5pDHNBnw/Hu6DF9sRfTnSSuhzqJ+L/ME2VNtUJwaKCAbRIRGjYqHHjrChkZgooc5nQp78h9XSJeV+Gzyzjs/pIZdLFuQIR+XTHlT2GnsKw0fCDjPzSr/2l2p+wlml0rS9IAMxQ6UO9wHZItlZEYIOGDJXwKBgQDJ1a9qvnPXY0niWMSsE6TckKqZHt5ELtTUohJf4+bmqF0Qp1oQs8nAA3jwYIziZrTIjHs/YvXFqwpXxoNSGZFQIxRkpAu39ovhiXvZa3VjOgprC7DKvRQdj3jlACoQ87WczbWN0a0cGhdXFgHXlGXnz4u29v7z+h8eyiNAbgenWQKBgQCQJJ4YgfJt9L7PSA5UBpfkUhZR6TVmah8pHUBEl0KNoUTd5u7XL2z1kFSR/nwHdHfRVa6a2KG8acnt5xGrkH39n1ntxGCC/O2G6udyxAHce2/73kp3K9cAudkFTNVFdthu8J+VjMIthcB55447cK5G3UnfW6sVnXVTgzxL1EtSNwKBgGu0F7OChhZ96UNb0zdwFB2PJTooersvsmr1QZDh8KlNVrw4UZtwFUzdjX/YRdXasMYEERC2IiilKRPF3vXEpwJ4db1uvMIiUmq8DtbqvO2CX2TYDDNjyoQrt3ucJtZ89oECVMulBBdm5OWX3MvJaMfWvNuZ2lsfMdQgUcdj77mhAoGAWq/V/hNtgweCVSJaeskwIk7daYPmvK/M9FEjE6SoJR1wq6fAZt+RDz7TVmVHDjAWJ+QkIqb9lTgZaE7t28D7TnbSDZTXhE1hUGrtE9YmbZJJ/gmGiw3V8cNKtCT1Og2OPTnRdPNZh+bhtWj+KQwkAGLMS2cJQf9duEXVFvxCDMY='),
	(10, 16, 'MIIBIjANBgkqhkiG9w0BAQEFAAOCAQ8AMIIBCgKCAQEAqxSdcrheiRvgMFnjbbp7zmxXG5W2XDZDfd0MQ7sbbo7xy4imklNrdgX9/0ysWd+RcwEfOEtVgZFoopLXZWn18ew157kSxYBmj3G/XjP+7B9PqKrjSywMITvAB++vo1lG2RmptScDusWaDBEMQ2jpdGvuCfFmbZO8vz/AzkysCdzDc0LyaMNe1cD7XECC1p94fwy7iaZLcg6O44Ap8dXxQj7xdXid35ikmUnkhydko4t4Y0xfhkOVwPAmBl0bGabVDJ8ZGxqCPIuFZJpjaHRymqZuLP/8wfCfFMRrrXPbO7Fq9nEFxtM+ZwFu42UAuI9TCK2rG42nz0oFhxFvsg9GDQIDAQAB', 'MIIEvgIBADANBgkqhkiG9w0BAQEFAASCBKgwggSkAgEAAoIBAQCrFJ1yuF6JG+AwWeNtunvObFcblbZcNkN93QxDuxtujvHLiKaSU2t2Bf3/TKxZ35FzAR84S1WBkWiiktdlafXx7DXnuRLFgGaPcb9eM/7sH0+oquNLLAwhO8AH76+jWUbZGam1JwO6xZoMEQxDaOl0a+4J8WZtk7y/P8DOTKwJ3MNzQvJow17VwPtcQILWn3h/DLuJpktyDo7jgCnx1fFCPvF1eJ3fmKSZSeSHJ2Sji3hjTF+GQ5XA8CYGXRsZptUMnxkbGoI8i4VkmmNodHKapm4s//zB8J8UxGutc9s7sWr2cQXG0z5nAW7jZQC4j1MIrasbjafPSgWHEW+yD0YNAgMBAAECggEAC705ZJLUIdJg2tCAM5pVPn/epkzqm385uFw/qDIhmr+CRfYVf/rrZ8jXefo35V7a6ypLiyBYOLDSnj03PIU91CDiPglMCXNbFkK23+7vciJf4/H98L2QA4PHFIRU5/+LRgBlzcFklx9SB7vvvHxpcIyrY9FFtwUpMXJdd4p5T5/SoE4t4oGE54sGluljlxTXCByoLjegmfvsCeCJQXkxL+Aipm0P/soS9c6KXEqDq2tB1qE0Gg6wlDd2bAwouEnsrpphmB2moGkOVq7My16iQSpVZd93y73B8aioyzS6BBj+Wz6yZI/BPL6S5Il/eJXIft4ltmfteEIVF85uO+wIQQKBgQDFTd5A5qN4xzR/AUyE/SFDEI6suROMbNEIAQ9suufi0MrzLmZkFFnV6m5YXp38+C9QKAncx3Bz+7bwCRENPqcOj4Rd55NW18Aslnq034UvxB5crIPEwpfZRGmvVckVaIhQBXoFXmPVZxpdyza5tg5xCnQVJkMkN/o0lDHv0Zb4XQKBgQDd+aCu9updM3+OSnIOVOLKwOIeXOioui5TfbQ/LZGDQNG4y3/XxjtZXRUIuU8Oo7xn4dNKfKF0mrJfLOlpxE444bDHeBxjsN3cxsW1z9dQ96EkGu91H/3DvaXpCaXOtybqijV4kNhH5Y5lOdv18PScRw4A8vpBFwYwl5bqXevpcQKBgQCa+PKdX4r/Dti4+Tg1LO23U4X9PNGR9taoxsxqxtPkX8NJByT9bs6xKxXI62iEjhv7hbdZZn15XDjwiO6PzKpC0Y9SgtZD2+riGr/+2aIvRofims5U+dNzoDyyr1rmKdkHoYWaOe2IbRdUnI07iTgGqgNLqWYLSLyKF+yxRZqjMQKBgQDAtTcKrtJIl6zlmzvptUgvPcURFxflY71UPo19S9JIYL2x8PnMGgzsSCM6r6Yyz3OBvEvzHsAMu0Cf4B3D9Ojz+PvAMEZ1RddXFDoQ3Z/Qays6bSf2Rw/IH50p83Y/QEJI3DQPt7AMuv4kY1bS7Z1vD0DZEhiw6Yw2I2Shk2h8AQKBgHkByRwmTS5+VYHo+DiSjMYT6EmZsCQlqP3xysgOoEWlsOReRHN2XH/9snTZczSUYEcbRQFS6O60bqdNjf1pODWryggVUFor4nyanlOVfFw28DcAvZ/yYooYfzCydIdL2GeNkA6YQYWihZuBCEZMC1b1RTWsfRRuYRGfa+0GzJVN'),
	(11, 17, 'MIIBIjANBgkqhkiG9w0BAQEFAAOCAQ8AMIIBCgKCAQEAyMXcsV6tQ7hykmcqPI99kQiyPYRKKV6UljvkbzUVjO+u02GeejQzWQgqgWEy7t2NMncRN8ZgvoULqZWNgYzCuNXvEdfa5bksrLMm5SoFwlD2d5phgbHnOH49zYZRuusk5XsKUh5v6pELtykZK07FWUWJw6peYrji46xjQ/jAKD4SG/GBAYCnCgBH8uUUO8y5sWxEiVJ351ApLdB09xFuz8+5eDj1vF0nzv1dCTU6AVX+OdToh3UXclVzMWm6VSw7ezF6ro2f6/ZZK/BaSetKwftZoMLR4GmFUGQMg2bHaRUqJNL70mmbxlMtDMp7E5gtQrc+A/THh31CIfOlCQLQdQIDAQAB', 'MIIEvQIBADANBgkqhkiG9w0BAQEFAASCBKcwggSjAgEAAoIBAQDIxdyxXq1DuHKSZyo8j32RCLI9hEopXpSWO+RvNRWM767TYZ56NDNZCCqBYTLu3Y0ydxE3xmC+hQuplY2BjMK41e8R19rluSyssyblKgXCUPZ3mmGBsec4fj3NhlG66yTlewpSHm/qkQu3KRkrTsVZRYnDql5iuOLjrGND+MAoPhIb8YEBgKcKAEfy5RQ7zLmxbESJUnfnUCkt0HT3EW7Pz7l4OPW8XSfO/V0JNToBVf451OiHdRdyVXMxabpVLDt7MXqujZ/r9lkr8FpJ60rB+1mgwtHgaYVQZAyDZsdpFSok0vvSaZvGUy0MynsTmC1Ctz4D9MeHfUIh86UJAtB1AgMBAAECggEAS5xATcfzBoLrGvmhLWd4iWs1/PbaGxRUbvOlRsA+GnKVa2PjE/CeudPadhkN3mkvaKbwpAmgm39tcfMxdG13U7a1rwmUlVkUWwGpDzqxKonlGAva1sYR5vOcAM+p7fPqVEXvEBgIW9U+DT98DBRBPCp1BGwf2Zv5Tna4d3uxmjWDKSH8RZ0F7RB4NGumEs9q5Z1OdgEVcr/3mQva4AS+/f6AI6lfLmfxyF5t20AG9ZQmVg4nUqertueTAuCWuhLGGZ4w9StWZzCzRQaP2u9MmySLhVBXhmsuLQBeKFBdR5whrtpM4eALvbIcWVzWnwFDFQtxBtCD84mgef7bhVBYDQKBgQDrYUieQDyfSmacMrwaQTeVpF9/X1lb5xRG9q2Fmg0Rf+tLW0oixZz/5un0wU7IVUEdQzQopBQm4sdOlRLWHaiedUu9DmDaiB7rBHTPvhBIdltQyLb/jVhO/cMsG2gV3X3XASIXnXNhP2/lhfZfLBxDwT69C92b+Fznb2afUjzBTwKBgQDaXHeFAOBWBG1WMLObsySijUVRx1jcuzZEw1BogNuB+H1hIrHTbtR71hvTzdGdOtMhGpgbADwP6RDN7J19Y4zH3f3xnlimiYNI9jndXUg0Fqbnj341pGkHWtkae/zEvAFGeZWoCPky99gg78YoihUMcm+NPKgQX2MHEbFnNlg4+wKBgGrG7QxtE5MnSzkcgtxeLXsC4BeGB6F7SGWQzdLHuZnwr6q1tQHlJ32nIQbZEoYqtqkxrV2qYUHqqoNpeOwM9Es95qfS9/jquyveD6eWDwjwOCiDhRCU7DSZRYqivCr/GXEJoI+Z65d4EajLhqJR/lh2N6HG2jdBCdQrYyBvTARdAoGBAKO8LkrnK1CUpT+56RPZMqFI+S+nITTylHDfW83gwbglki5iC6GVO3NYSyl47bLORz5NaLzmYiM0Cku/HyDEou3DwgWJTMQj3PO63gzlQ5z7V0/PQz4J+E9xidXYHuOObg5gYR3NDL9xJPkdkiMX10ysCoWHdCZCwEiuta3FDEY9AoGAU70i58gO7aCKnRErXzxuusNf40PVRTGxQFZE2OK/laQcneNIAiiaQl89UHtr9q8plbwJKflhAT+jr1L+iDo/gsVtpAb7av/Q7eVOnWZsiAZN9fSSDNoI/BTZMNkOHtLZ7PD67l08LU1pq19U/oU0jnQfjWYelUwHoWuBDABa+t8='),
	(12, 18, 'MIIBIjANBgkqhkiG9w0BAQEFAAOCAQ8AMIIBCgKCAQEAuzhrIODZQmMtZwj1G3RdY3oNlUnrXWYlI3scF7ccFV6YnelqpDtGYRT0KoioRPuou7Jb3c+6XJX/pN8bXzkn5iLhNOiW+xLwQ9UdSbulbTNUVs7RZpGzAo9VTq6zPiEvvvA+IDcacySs9bZOxCqYTACBwyY20BOcHQ55PTNulsFbvdMwnMZQyaRoqlhpO7iOHwXfCT9h4THl7bJ7gNGWDp6aq0fmgvbKEOHMq3FYQVuqmxQnJawfDE4PULJUmB3rrGQoQpjQfPYFAyg1wOnvwbiDPYQ11TZQ+33ClX2mKw6WARg6DJLrW3phYU8bF+kW5IaWrTgjGbkMfHcSypO1JwIDAQAB', 'MIIEvgIBADANBgkqhkiG9w0BAQEFAASCBKgwggSkAgEAAoIBAQC7OGsg4NlCYy1nCPUbdF1jeg2VSetdZiUjexwXtxwVXpid6WqkO0ZhFPQqiKhE+6i7slvdz7pclf+k3xtfOSfmIuE06Jb7EvBD1R1Ju6VtM1RWztFmkbMCj1VOrrM+IS++8D4gNxpzJKz1tk7EKphMAIHDJjbQE5wdDnk9M26WwVu90zCcxlDJpGiqWGk7uI4fBd8JP2HhMeXtsnuA0ZYOnpqrR+aC9soQ4cyrcVhBW6qbFCclrB8MTg9QslSYHeusZChCmNB89gUDKDXA6e/BuIM9hDXVNlD7fcKVfaYrDpYBGDoMkutbemFhTxsX6RbkhpatOCMZuQx8dxLKk7UnAgMBAAECggEAJ2iJzELoGHxN20lcZqoI2l6fq1QC8gcFPEG2uRs3Exx1XY/7fZRojRjfCHD5koOykcfKZJdMMB72z9qSpWmfh2bCJuPqm/DxmCWs449XE/RhBWDFXSTAHILVPxmw6xwLM9LYEOnobGJE8fes/sfEhQL6TXymvwfRraAVTxebaKnwkx+adl9LO6r7WP1fO9OKVfaE1LsCMc8O+7Hl/Jh7MlXOFKS8XRSElYuykSWUd+BCXZ2nx24JtAclTR+WMuEAl6wZuDYfekzvH77shuwiXdnRnOooMDxyLKdcxrkJNQV56ZL57eHHCXcuiVHsDa0cRkwSlXRznImKU8ZMzLuqiQKBgQDURu7vb3Yp3zZJjatWfJ+1jTA+oBwmd+D85JxXD6u3cH5gBlIScOUi2Hl+4G6+xbaLYglYangFbYxy5qccPssKCboIKb5aus9CgKJizN+U5IEmIAr1PHZUXjY2mdZB6TGx/55lrU7MvzVUixJC3UptW74W0W+nvAIWCAuNzpknIwKBgQDhyEgCMYe4aCcjlbtD+cendRK4t2D5XmsLBM1KrgH2/K0SiI1eTvVI/AQqcac/lQ4iUwDyOuaVSSdReWlWZ0G0/gKQGqNGohhVMaFD89L0oaS206gIo4Bh/eqtZ0Wh3e/WyrvF/iRQSMHUlHYpY15vkmO3VeP22Phvl4mgpyAcLQKBgQCMM7FZ+N8tdpyvZd9VRwhg67iClFMjYSf7P662ncYHaUg+ec45GdFs+1b7YpYicAlJ891CRUeyJhGOTiLvN9X4ckYpYBC2cg2z2avm33OILofSO3WhVWa+AF+EHoTxkWheLPtcImQaPOunRBcyjF+87MwW3AsH2Nfz3ypqZZqnywKBgGjEEHXEGd/9pDuk3NI78uLHNjq0DLFpmG3yenfuqka7FGwHJOHf7X1CQ4SWXC7qsTZIIaZEon4fBbmOhsxq+VhMjU/krGK4EGZnsxbe6sJMxyt2pv/rLkVKFz0DMJJdc07Nn7fNp3gBar+DbBjkXQuUd+S4XCFMqGrPfDMpmYK5AoGBAIS33ZlqFrdxLnTyVQnOla9ixZ61lPBBnawfFrIbIQHhqICq4bYTD+sl6OE96t3/XZ2PjYFHCiy93U6ICuVkFkkYWUofGmuc/No3hLMFShpg27kzI6q+32dReGeC69/bNenl0XLxi/hfIfm6gJzNN80InU3lcyWBsJkVvbUhNML/'),
	(13, 19, 'MIIBIjANBgkqhkiG9w0BAQEFAAOCAQ8AMIIBCgKCAQEAndB9+2SgLGhVygBsUsHWP2nyGiuH5CqF5fT/FESEWolI/iIPSBP5GBX62g8xwurqEf1onQYI05tlzxEw29HSGveLnnprLVLKtN1HNEvFaMEWmhvxIDjIULB5wGJ/dgqVZ4Mnu+sceiwNdVLImjbflVsxehfWaU+XQKIwtOR1iZGntLKX1EyTzy5QV27P8UTjCOIADvh5NAt/4b/NwfKXKJzGMT7MIQlKLdbYhrUXQbZ9UFPcdCCbsTeHLch2I1GHnxXkFV6rinsmC4eORXBbZY8Xvjw4YrAq7EMW2LNo6E806qCrNG9fzgkCLZLqNXUv+zIP0vi2kOIQCSJRnLmIEQIDAQAB', 'MIIEvQIBADANBgkqhkiG9w0BAQEFAASCBKcwggSjAgEAAoIBAQCd0H37ZKAsaFXKAGxSwdY/afIaK4fkKoXl9P8URIRaiUj+Ig9IE/kYFfraDzHC6uoR/WidBgjTm2XPETDb0dIa94ueemstUsq03Uc0S8VowRaaG/EgOMhQsHnAYn92CpVngye76xx6LA11UsiaNt+VWzF6F9ZpT5dAojC05HWJkae0spfUTJPPLlBXbs/xROMI4gAO+Hk0C3/hv83B8pconMYxPswhCUot1tiGtRdBtn1QU9x0IJuxN4ctyHYjUYefFeQVXquKeyYLh45FcFtljxe+PDhisCrsQxbYs2joTzTqoKs0b1/OCQItkuo1dS/7Mg/S+LaQ4hAJIlGcuYgRAgMBAAECggEAEwHRrpXFwdt2G6x133jHml8jANpl1Un20wWxNCp1a2cWAr+s6gA309oP2rQSSPjcpLqJ30GjDgNtHWWjZhJNFSDj8LwrTOvoDKULBqYqmk2JMJn1bm1QWQGMRGrIkbnAGVW/Ux+D0EYef9cu4H4D6zvux1b4JLpoi+kM5ziN3HndQhKpVah9AgIu3hxXgAo/bX/Co4BrJaxWcZ0Vpqok0t5DRsTivDNsdsFHVQB3FLqQ2LqvskBPHYO9HQPCZoAvrD8SQCQvc0RYOM7e+7SnuGYzdA51Zro0CKy7seyYFT2pOlEMkhTnI74DqEKtuwQUucaCE9lCHDezn95oxYlTzQKBgQDVKU1rNvy5c5ZJUAi/q8/y5Hv278o9g25Z8gaCF/N2f45ZMK6/7K9adCJRnxg3O+E8eVejTH2KnBMeMrMWF7Vsne4lQBMurSb9yn/LkfiyFdp0Ps9Am9ULuO7Xxf9TkPg5+xTItjLXimYqMAfT3uzlB9M+bpxZjrZMeogGgmIWhQKBgQC9h7VmVaABU2w2/MlP9wriSQ7HZXoOYNqjDjfCMqBVxtnlbqJfPu1nJSvihr4fxW7YJ0eVTnV2ZF9DaEXGlt+RcW36jR4o9FSJ53bVVtv4YXT+furuFu3X5JTt/n8e0zNi4izWBs26BPy57roTFI/oGahlfiqYt88HCgyCSf1/HQKBgQDS9m6Npr0WWYQqiJAwCj3jWSgq64UPvi0Pzc2NIWEuLO3X7at1fSzK69cvSrJvr86pyDno/wHclb0CDRFa0xoWJnOT4Edb0bieQrSZ55znu2MZ2zPI8LE4Sc3wNSAON5LD52/ZeSD2Wx3jsOd+U8nGnij+SABrTiezpy1Kq+2h9QKBgC2p+syzKJ/pJ5OACEjZ7qdijsr/6g54y3SpwklpxTOle25J35kvIifNzur/J+Ojv/cYT6jrhGWH/WPSRa15QFhcifDp+zBG3e9z8y+ng8wuPu/qSFQg9iEkE7XbsWkN3b2fXMocTYjaFsH9gJuEQr/bHrWFVmIBN0Is66KgjREJAoGANy55Qxyx2rH5KjKnYLvd2cpHFHoGEJzT8bXLbTDQc1h1uZAoezDGIL/7N5D4y9/vHL3E67YSsKtuaDVdMvNwGwiWdzV5tTl/KeLRkVnRAQHMsgcizjm3fF8+OlCykBpzu9++Kkt02eToAGnxyxGAlzCPdpgCOnMISW5jBRxqtgw='),
	(14, 20, 'MIIBIjANBgkqhkiG9w0BAQEFAAOCAQ8AMIIBCgKCAQEApEUZsAh3TrSEK1QUYvMBNEDaZlgfG1SkhBSYTYOcf76wHNUDssFzJpmEFJq5GMmDgkBiFMdDtDs3JrFYV+kASfsaCFvyMQa2xJ4NkgjXedZF0J+fEz+RHv4dAgNWgQou2XHj6PXqcIIbzfJYRb9iUamRHndcpWeAsDJru6Y3yAnJnvtoHvYs1MqPh/MwmtwFlWMd/64L5/MciotikO9Kz6gfSejGF32dfj4+f15Tc+Jkr8OsQU7YJMhzmY5VE2zS4KpXqAN4xlui6qoy7L+7nTltEHFhgu4E7/mhd4HGjjEdvvDZtf1YArA0ZHdy/NfPdeRZJQrDtFAhqYqoLOzHwwIDAQAB', 'MIIEvgIBADANBgkqhkiG9w0BAQEFAASCBKgwggSkAgEAAoIBAQCkRRmwCHdOtIQrVBRi8wE0QNpmWB8bVKSEFJhNg5x/vrAc1QOywXMmmYQUmrkYyYOCQGIUx0O0OzcmsVhX6QBJ+xoIW/IxBrbEng2SCNd51kXQn58TP5Ee/h0CA1aBCi7ZcePo9epwghvN8lhFv2JRqZEed1ylZ4CwMmu7pjfICcme+2ge9izUyo+H8zCa3AWVYx3/rgvn8xyKi2KQ70rPqB9J6MYXfZ1+Pj5/XlNz4mSvw6xBTtgkyHOZjlUTbNLgqleoA3jGW6LqqjLsv7udOW0QcWGC7gTv+aF3gcaOMR2+8Nm1/VgCsDRkd3L818915FklCsO0UCGpiqgs7MfDAgMBAAECggEAEHyU7utymfYZG8YlA6dS9B0cLlBi0tnkZxMwE/uFDfcj8sjYRa0PswyOSoka0aeL6NswXNiA7YpR5zK+ZJhQfJxUiQk9XflIB6S7RPBZO/Oq7xzOGN704DDt1WFjYbEVcaJyFtPzkxYj10Ae5uUl539GvtGI/VrNeiGdWWh9ybg0kl6toalbHFVxgfFYIBWQXqi9PoQ9krYxA95Gbg0sruxy32PxJPYPAvAXP7D0uC0CgFeiszqr/jAgb1xBAqK++rowmPU9SK44CEy/xXIkJ4yy3zENrQzitPPlFAuDj/jpjVZ8XCyjCb+RHJjwmCSn70sj8AIC7zudnVXh52QKtQKBgQDGlG9BjvDbYKy1l9jEOa7vlrY0kdLYaKUGB0nN0OZM/7VtRulKfbj6/8pcvaK0nRyVGoXntyMMy9REWdBm65TdrZHP9hMfBp+1vwChYHzHaZpHJogTcG+BWkI+pmW87w6uo2jClH160wnqR47hZxT5uGat4eI3iJ/7UYH54oillwKBgQDTxO2lhxbIbSXRFoEN4hzRpEI7/TiCfQmPOPcJXOZ/qrweAMlmvjWVUcmO50OI1/1h7hdy48BxWWCXz0EPB0HRN/RNRQGuJry8SR1B1LwrCIXaUJYx/K1EXVr8xPtv+7VCyWhhwTrFkNl+tSnoqqHYwi2KwgWeW0Q6n5boHaxstQKBgQCAZqopsct7jl8ebDj1aHb85G6cP04eMEvEQiIuusyvLQiayCdAy1o4sfyfSt9R+eTpZGUBFyHKvGFccNaYNevkCr8lwO9MOHQ8iGxX7JPCPT5Mk1WZfDIdacc7y0wthkXwFik+59Ta/mqC2hJBHO4rKlj6RfyH/Ae18VYhxaClsQKBgQCDQiN+nr27WxO+hnFVVppAQsye/DQDhVbghBFypzdjWEMjYZ9z5F+3/qqsvaE5d47hHT9BgfMtDpX1YovTsc7UzBbLsgL5m58OIU9WF3LORYkZqSt/LjuDDU4xMDMc1OojzEy7kpZIEKEOjWG9ic2pWan6wInU/oLKx1I06veNpQKBgARRT/iRUx5X11oD+SeifdTN4ZjGdLl+SQbGxhAtcjfOR4f6cyt8QGm6qcgJ6kW2KkHogy2NW7wAHrFY9+Uv5LxoXlyxXrCKOJhwlWXu+dKSyTetMjOtB2S0kP6Jlpz4ad1OvgOXkG1hBe13N5mZYypr5boAfC9ZiEwIu8VGu7qA'),
	(15, 21, 'MIIBIjANBgkqhkiG9w0BAQEFAAOCAQ8AMIIBCgKCAQEA1ZCQTrqgGMLiMX6BDUe1Z7/Dk7zhk6CL4Y8HnIWjDkysbk3ba2J8D0Iblrn2Sn+YRllVj3YfJhbeRnTPJb/NaddPf0YbkxtwNFAGB0geY/hwcAitKjM8AptMNW1z3X2EcdW5I5M1DPqrHzXGcLW2Zovfh5NacRKfTmYDh8Zfv0uR/MaRAdX5N16Ou13VLFU4NoQ2CCCGJtt9MliLs4vqUu7mIq88QHJ6D3rd8mPZUbrc4lJ8xinI+y6GxNwTpP9HnxhjeKS4PccBZAQbBAB/2uHX4pbjak/LLmOeFwCTjneBjg22Pf6iWm+H+kbDeSO/x7nlG9hP7bJwaAFd/KS++QIDAQAB', 'MIIEvgIBADANBgkqhkiG9w0BAQEFAASCBKgwggSkAgEAAoIBAQDVkJBOuqAYwuIxfoENR7Vnv8OTvOGToIvhjwechaMOTKxuTdtrYnwPQhuWufZKf5hGWVWPdh8mFt5GdM8lv81p109/RhuTG3A0UAYHSB5j+HBwCK0qMzwCm0w1bXPdfYRx1bkjkzUM+qsfNcZwtbZmi9+Hk1pxEp9OZgOHxl+/S5H8xpEB1fk3Xo67XdUsVTg2hDYIIIYm230yWIuzi+pS7uYirzxAcnoPet3yY9lRutziUnzGKcj7LobE3BOk/0efGGN4pLg9xwFkBBsEAH/a4dfiluNqT8suY54XAJOOd4GODbY9/qJab4f6RsN5I7/HueUb2E/tsnBoAV38pL75AgMBAAECggEAEMIjUMo8Pd/XuA02kJWL7/Q6+KDdt/k6gMdPJZfRpRGchkX9wyjF62dDRZ9EwFvQKypfbb6AeztYKIHfWhWkR3s/IGbz9aXgNtAAvm7eU6HvJhty2y43YKJRvJo2JAScHAKqtdabVxq5yt0sETQbzWLfINhjRHQy+V1FRvuTZS34NGaoUfMD0EnbK2Vq80GpZR0J00+a8boXtJQCL1JzsX+9rWx0iAadcZ/ORgvbsnnOX8OTuoNGcdoLEbJFcWDCgqIWQOqASdvXib9BN/ufBIKXlTtwle2KxY0kC7fclCSC6IcK4o/rsz/WqKfJ/BVZBmuKRA7HRexlQZnAxWPiMQKBgQDjEiwyi0J7Aery3Ff4JHLERDJTjO0HDmGNSS9aHscORnfQhzCe2xFj64ae9aR66HAI3djQo8qG3n0zr7vVw2OIUP3n2WCuWPuOEKTg3SCGdS0+YIbluHG8CaaPoBHbQIQUQSMuKzAViDJXYC2JnuaHxotDVumMwo9LN0Iz/zyS6wKBgQDwxeOb0+3wEqfODZZffHifSFnE/oxS5DB1Hu/ovLGYFdoWWI0Nm8f1JChJlMSXgix0GNIsMjfq+Y6h0EwGNkHAVLYERF0iTQ9Yw4ko7tB+IuuvOIDu9VQ7/YQ6bVAj9gTdJ0CDevBankrEhbukQSZ2zgwEfFXOar0ry3Hat4zUqwKBgGTSTdOHZ9ZMLLD2ywx/yoGAskPMv/WxGflstFy0a7fX7B0n2Zu/M0KFcjmkYgq8p/oX3swM3cDyiu7nKWSpo8kEBSjrqPTgx5j1pO++31E0OAmJPHxFYCKYul7tOOB8DekcXu2B+ZCl74xCRRXk+wDwVCdrMLnyLUO9XmTOAGxPAoGBAOYxO+/iiayqGVbN9MNr3GLkqDbH6t7hHVcMcfBAX0Z5Nd2BYbHuCxlbLU1T9zSnFtsUU/Q/OujjGTOpUtXpj6lTFAY2WhiONir2Hy9MS3cc6dnHGrXbRWJpeb7mfeUzs+jAO1S4+AybI/6JoSFjzGNvkVvEh8Dmmd/CDSM/s1wrAoGBALGwVIN9+Bo0RCd3yJ+VEI3XZPkmSpy9BSaDwSDXdVS9IutUi4hlrFMM6/17+Vnd5aGj8Dq7x4CnXnba013PnHvxJOzykB0IMAkxMP9LJCnYHkteZeWDKnzQDb/XaDxiZ4QUWQJIVfUVdWrlSvMn+nv+TPujAg7eMfoWsbfvE3g1'),
	(16, 22, 'MIIBIjANBgkqhkiG9w0BAQEFAAOCAQ8AMIIBCgKCAQEA0ql3YJldcmnBMHCuXExOrmQ4U7PLy/A9PGmKFBhqkVUIlzER1wgitsFbYRRzNYhaV0ehnffchp+8PzkkcUj0DmOoudFK1pnzwbB5yzouvXNSTaXQNclkVnnyr5vj2ar4CYcqc+U/Dxz7pZ81y81gGRZx505Qbe+Vn1M9ku9PNFz/wwym/wJ1kzfW97sNDUjh5icCjHPRIkRyvdAuErV4n6WE2zC2fSvve50/E8/qC8164IaA0sygJz0Sz8DFFUcUzLyimHtmxK8ct1rzh1b9zAKfa/iwkNPsaX6FSbKvo6nqpBl2BuVmxSZB+Cy/skk7qX7A/c4hTZlEAgLiMzYQmQIDAQAB', 'MIIEvgIBADANBgkqhkiG9w0BAQEFAASCBKgwggSkAgEAAoIBAQDSqXdgmV1yacEwcK5cTE6uZDhTs8vL8D08aYoUGGqRVQiXMRHXCCK2wVthFHM1iFpXR6Gd99yGn7w/OSRxSPQOY6i50UrWmfPBsHnLOi69c1JNpdA1yWRWefKvm+PZqvgJhypz5T8PHPulnzXLzWAZFnHnTlBt75WfUz2S7080XP/DDKb/AnWTN9b3uw0NSOHmJwKMc9EiRHK90C4StXifpYTbMLZ9K+97nT8Tz+oLzXrghoDSzKAnPRLPwMUVRxTMvKKYe2bErxy3WvOHVv3MAp9r+LCQ0+xpfoVJsq+jqeqkGXYG5WbFJkH4LL+ySTupfsD9ziFNmUQCAuIzNhCZAgMBAAECggEAEGjU/LhVmCD2xIAyhMwI4Pq7jIGX4WXwTzFlaRVRz8pQ5f4Thq2CjrvXE2PVaZkaeGwDAdwZ2H6+2inoVc65/Bj1Pqw36SmK3E6T3inFFErUYWoGIvpyD25mYhmBkSYJNizKOMblt5apX4hcV2jDEJE4BC2MhFPCUuvYAwcTI1/q3A+CB/BfNKp7AIGIfmRSSnaWvPEX6/BU3hoAwhe1sWBhhVsNRlvcQp9fQCWJXQobYz0bCMGLdb0Wj5qd0+0gC/qz0ufNZ7LRopIIXRpk4XYPI4XFxMNvqEIE+QrIHaHu7I9/DSeHmsbhwKvGxd2lFln+6LE+tg+en/lO1aIZ0QKBgQDWKIPj5My2TFyRTe2oq8ztmOvJd5hHfZoVLS0s9DuA56TTYKsA5oNIcaeJhksSI+so7z7St+KMFQvsJbCtynC0rZXuhcm9bCBCCpHA4tUQf+2LAXexgMMCTA+ThNHmtaEZ1sVQq+bKHcfTyxw6azDzZJpnU/a6g4usH9y0fGoGLQKBgQD70hQdpTJuIx4Vn4umRxDoE55ac+T43hIt51jk7oM0l8EpiyRxXjya4Q7wf+O+9DJVSPZT/4FPh/WpaapSPOYfeiFY+coq81muhrDhP1K9UFkMg4gaRAIMyCZR8p/WMq7f0kWsRKZqZCXJt3GIWsgZiEkIPZEGcRNtFAx2euzDnQKBgAUNS58ypImgX4al+fdCpkDsnJNSGOuG0P2y5R/sWwL9c+vwmdgZl/s7gyJBYr/4zPFYQ3khEV0QmglmEjbnUaVRevn3efzX8iLcsPeF4lTTT705uaMcUH1bYfqu5Wy12CkN4fW3OGiIL1CVuALAyJTVSLcrSeS4ebEDx2cSkEW5AoGBAO6dPdppcsPSGuu6ZoWEyYxfKqnjL5ByPR+qHB2xtDndondPFZUnCp5nq9RQGuoSUq9ll6Q4c7t8xVdmfLG4awZgn8DD0MGqHcy2bFzDuA8TV434BLt+vcKG1WjJUpORKwuDH+oAkwA1LWlangXqn7kx3qIkVIuaEiJF4RlTmY4xAoGBAKaP44NbGf9uV5u/0E1B1Pj4txxE+viX9rCN4xHPDILR6GJ/heQT3n9w04cC9TACWe7flb8pifII9uvkUxwUdG0gaFW1w6Zoph4p6nXR9YZTD/xDNl+MYjySYswDJ6HXXSmIK/5p1nO8vJJ3J15+rneg7hG/AKWz0VOzvuSYUZx+'),
	(17, 23, 'MIIBIjANBgkqhkiG9w0BAQEFAAOCAQ8AMIIBCgKCAQEA0LUi6qcxVoJ8f8f6IesusuItYcFPHsgB+HyDPGT3axFOsedPgy/3hcVq/fPx8Us3br4YbF5A8QcFXrr4YiDYD9PO9lIrAkmMoVqF3ZosQg/4XFCmPGx4cO/azL2gHqAKVYexDejUQLV2qMxMpMuFqiYJZ7sgp4SkpFDGWZqAvYmXSENoZq03YkyfaflaIVfYh0kA5HaFqoCffNHnQ07NrPH2X12QTtNqWGyn2HLmhqkIQF7Z8JaYHHTlATV8qAbB3PtV/538J99fIkyrb8orEj8c/+oI3HGHB+wl/vPgVSTorzel3fM4caGDAzzCAOa/4qDFF8isdYZanLlD1P0m6QIDAQAB', 'MIIEvQIBADANBgkqhkiG9w0BAQEFAASCBKcwggSjAgEAAoIBAQDQtSLqpzFWgnx/x/oh6y6y4i1hwU8eyAH4fIM8ZPdrEU6x50+DL/eFxWr98/HxSzduvhhsXkDxBwVeuvhiINgP0872UisCSYyhWoXdmixCD/hcUKY8bHhw79rMvaAeoApVh7EN6NRAtXaozEyky4WqJglnuyCnhKSkUMZZmoC9iZdIQ2hmrTdiTJ9p+VohV9iHSQDkdoWqgJ980edDTs2s8fZfXZBO02pYbKfYcuaGqQhAXtnwlpgcdOUBNXyoBsHc+1X/nfwn318iTKtvyisSPxz/6gjccYcH7CX+8+BVJOivN6Xd8zhxoYMDPMIA5r/ioMUXyKx1hlqcuUPU/SbpAgMBAAECggEASALfx9AlVWCTfXFuDEr942nn161f09KV33tyuqFpvw8LNJYHmM+xm33o8zO6/JMDztmXSrjgtmlCQJPJhO4pLpjZ9aKXRWREOh4mRzZdY/PnsU6AdSPGEM2plHAvMbHtruIxRIfbyHH0Pby0Cz5P4cva/egSlcpOFoXqUltdZUfWqcpBj+C/1ugqWDg8/b6GB7z9qFf9+GJa8X+rFOgYLFbY3ofnlhXNhNrkJAQ7JYbuxfhZ5A9gxQMaNvJelRnXzysEbIUnzR8wUB0KN2nU6EOcMa6cIvJSHDKG0wU9kyKX3xTuLU1mRE8u9qtbq8i9bUEonz7C4V7QyFMCi0CHuwKBgQDWJ36Yx1kqoMFernvDa7zLhcoN0DtIOlOc2AIMH4msmdXzd2HKnld447BoyrkPhUq7j9VpNV3Z5YuLZDSGLRQATM29tI+/P89k04QJT6P3VnYepMwtZh2gaks7QCN2cS5CAquUxpAllRX4KRagVjPez+nxNteWxwXSid4bdTjj7wKBgQD5fS82+MpUuoZXoAZETvZL3RqPajsicbqSfJHPNkc1ZChPN8n6+m9wEfhvc+JMxVqa/85qiicUCS/PejrWGKz5Mf/OLQZ6sb5Y4aNSFd56lJGCTQYkN5Mw80nm9qwLFS4s+Z+5Gb8hiXtyPdhftIg9w+gSC1i0ucOxUh2QQ/jqpwKBgAta7sCFGXpEKdyuXcuf49Pa1TrkRrBuv046uekQpwkq4whU1S+cM8EqOYlk7mkfRTYqy0MX3FEYdcy/VHWk4EGf0Oz1LQYUCRgsivy/Z09PG1ZGoLjriDigSjrrDLZUDALeB2ENIkmL3S1aaGO6DmgLGDl9EfNhvDJMsyU7kverAoGAKFwyCSiSQsax+PbwTJihi4BHTbAXxOi1EAGK7QSQ3HhJdRdHW4yr/mtJz23lzBmZIL4FPIMA82LREzVo0z3GrcGC6m2qQKsEagiGjT7wcNAcAgJH3hAHhcG10OFSz7Areicfyaf6nYhKKh8LI+BmsedBYbnoLcRnfgYUtkPovr0CgYEAm45vYUpAaioIaPRFd19hGok71WOpUPawrsftCc16lzyo+uQ3CrV1yIkTGul52BnvUNOekZiNUQVtIXG6GL2s4x+85aVHFmj6UJvQ8CvRZg66QcErQqSTPzZvvHwiqL0WuNmgYpQw+hMo4nDTyv0WAvGzgkcbRyOMth84X0HC3dI='),
	(18, 24, 'MIIBIjANBgkqhkiG9w0BAQEFAAOCAQ8AMIIBCgKCAQEAyrRech9qGSGqksiKbmtLwlUVyNrwe9q/4RvaQuLX7+ft0AxLqRAbV8cG1Lxe8hmCkVX6hfe3sMFHa9KCATCId75fraNwvacbaZcF7o4uthrL1EH2Ps+hxZlEbFlF6FHOC08wmSdT2dTFFq16lGpSS/J2jOJD+bzyWmyDbr4gXm0eouJzDMdLJu6BKYPMkhCFNFi5uhdC7tcxVeaAWzXiOXJIwKxXpV/8UPUakLPjjbB97Ddpwn1qC2GDMif43dBJL1ThBanRauotm+OjsatpNWTtTE2Meyr+6Og7+PEDgklO3vNud/hA0+4uA6Qc4GFwS4mDPm3dK0iHdzxpZBECswIDAQAB', 'MIIEvgIBADANBgkqhkiG9w0BAQEFAASCBKgwggSkAgEAAoIBAQDKtF5yH2oZIaqSyIpua0vCVRXI2vB72r/hG9pC4tfv5+3QDEupEBtXxwbUvF7yGYKRVfqF97ewwUdr0oIBMIh3vl+to3C9pxtplwXuji62GsvUQfY+z6HFmURsWUXoUc4LTzCZJ1PZ1MUWrXqUalJL8naM4kP5vPJabINuviBebR6i4nMMx0sm7oEpg8ySEIU0WLm6F0Lu1zFV5oBbNeI5ckjArFelX/xQ9RqQs+ONsH3sN2nCfWoLYYMyJ/jd0EkvVOEFqdFq6i2b46Oxq2k1ZO1MTYx7Kv7o6Dv48QOCSU7e8253+EDT7i4DpBzgYXBLiYM+bd0rSId3PGlkEQKzAgMBAAECggEAD5MfRJ6ETO0IyaFt/YDx/7sA4v9rheCvaJD2yrfaRp0n6RngwFsz9qEctcDJfMmX/inAh4WakBKxtaelhIjhm229tT4/HdtWoFzRwFwdW7GgYq00yeuzLtcRak/LrseGUNkjT0k1yKFwCUeICRpIO3ykPjvuZCRv7KG00Y/7NbYCjyl9DN+PzxLCeevrFdDLBm060GUcPPd3glGgnxh3m3QiwI1k/B5q6EBytZVq5RpzKuW0UpdQ4Z1JGiwShFJfPIMGZccrNDG/wZnBh9g1aziq9fvMNP/N+21VPbGjDS37xYNSe2ZoI6+tybSoTUOlNs18/go7ZlBN2pLZnWc4ZQKBgQD1mF4nZCQ/FaS8zK6WzzUIadSvfA6EZgobsDUwtEm67Z5tokBZ7T0Bo5JXgaPE1zcDJJD1n3LLC0vrTLF3i9Zwo5cr1DSOHj8vxJPDy60is16k9tVK6lKmq0IiZFpTKS+Otw+sghGJlp+jgH1RiGGCgInmIeYIN/+XgGAMdvsM1QKBgQDTStNj6n5BfhSJOkSFkQqSkH7XmazlkylvVpSDjCAzzn85UGOgTUcmXWXdd9X2EN/OCV2+HjrrajpQRCrL1IlJCHyc7XUcfadb7SWR4XtZ+5oJdrSRI6Rp3sRkNfU8rFKDz1/HniigaHP1vNtMRooIxAX0HvwhFFhoyhywsiv1ZwKBgQDtWNtlZjpBXUFf1M/Fn2q5Ps306gd9nL+YEqrU7udyZ8H8Yhmezs9ujg4X04nZ6cOYnfYZ6oaeA8TTGcNIrTQIl5C5ItPHpSObnnbPej9QkdidxI5NYDeQK2I2qpVAWUVEv1W+edVJCvAsqzhxW0QhQugCKDCPMM8qMz6fzTzCIQKBgQCOa75nd/VYkfKnuSXc3jJBLrLBAu3+5R4l1TdQIFDIeuVYra4prE1MN+Jk0NThAujIiZmtf9T5P+ZEml46fG15VAYjBRBOfwgjN4t+dH1f3u8qd+AogNzfG/BHF/PQzNrlzA9kj2AVF7MqLf2nwVhjpjXZIlWSupMJN0r1c3Ob+wKBgC412V9evFCH6Kg6s+ClUxQk+arP2TEhb3/ifaVpM/Xu8YZYxvBeKjzbOMK3jNjn0PtASnODfU1+1XS+Qgh0o6x0UfrRwg5g/fi12C3mydhEJiToPTDzx9hnB/5eIP7NQweNtatIfD+VWyhReWwLz3nEFq9SAmsExGySuiJnxeFR'),
	(19, 25, 'MIIBIjANBgkqhkiG9w0BAQEFAAOCAQ8AMIIBCgKCAQEA3VO13QDSN2l/SpCFOQuQjrmlabwhh1oWzofVNt/vukSOv1s/cEUPiIkAV9jgXzQI+iKO+tS7Fgf3d5dlUSFgUWj7BLRuMa6nxpBnLFW+RkoeQXvlRzvqPTYoOoHVD1Jyy7XC1yL2jR0Vx80uoBk2XmGC4A6/F2EMSPrFwfRXIcZnav0LeyXg1gpqj9bOmQH+RKIXnR24EMgVgPl4U6rQ3lZynoXUFbMtBDIBWJPsHd4K9YXoOMLRsZBCsM1J2OsbLHg3NWYbws3jXNdjs0BLpq52clTVkcHf218negpdAk8KZ3lkVN/gx1r+t0v9lp85vW+ufU693LhGrHsLjo02vQIDAQAB', 'MIIEvQIBADANBgkqhkiG9w0BAQEFAASCBKcwggSjAgEAAoIBAQDdU7XdANI3aX9KkIU5C5COuaVpvCGHWhbOh9U23++6RI6/Wz9wRQ+IiQBX2OBfNAj6Io761LsWB/d3l2VRIWBRaPsEtG4xrqfGkGcsVb5GSh5Be+VHO+o9Nig6gdUPUnLLtcLXIvaNHRXHzS6gGTZeYYLgDr8XYQxI+sXB9Fchxmdq/Qt7JeDWCmqP1s6ZAf5EohedHbgQyBWA+XhTqtDeVnKehdQVsy0EMgFYk+wd3gr1heg4wtGxkEKwzUnY6xsseDc1ZhvCzeNc12OzQEumrnZyVNWRwd/bXyd6Cl0CTwpneWRU3+DHWv63S/2Wnzm9b659Tr3cuEasewuOjTa9AgMBAAECggEAMySs2aze5r8SEwDiSBRMCy8K8ivu83/11TO+KTgGBVziP4WuWxsaQ8qksagD8PvtNx/VOlD+ClE89f2eA+lagHVpy+SFsiVRz6h+rtgBZ+yooSkoChXmQs7I7PwjZ679p+UQaPZDUshtyAW5yHULAzQ1MeE2dwiN9i88k10K5VqteNqj+hFsWViwDxTj8yr+kf/XzHU6+JcbWp3RQ+a5zQHYJWdd1OjVxg0wxCoHrXyUx2R50Vd4g9df7TSh01ANs7UxtUgvpoyPQS+dhT2dukAPAZgjk0mfC5Tm479rsS5/n5XQrlFLnlfXapVJ+/rGsDy5diXbzukmsfb7qXToAQKBgQDt414yzGKaS/ojpfLGFDZn+XrLyUxxIjco3cTfPQblc+BB2wJocDx+FELhLpx4zV+29sIog47YC4rgek3XFAAgyBIBs/z3rDc7z9G60Vyc8AMM5IGaYIhcUudkw8moVDr8oo/o3rsOu/JlrWBKC5sNp2uc9a22H/cdvG/3vfSb/QKBgQDuLY1RxhEynOlOOGDwciaSJu/0ZJG56yZtfMdlzieKy3+0ftJ6cy2/DI3GwCpefxPcHBbl4YnRbX6gNVbCSdJ7v6JMDEPeMW3Zwt1hqqkTVKlc0GAPDDe3YBndnNtsluqF4+yWkupdv55S8izOtC655YtGW7Bp+PxMUQvLL6ghwQKBgBsgLxCZz7CKc1Z3SMyfZ2jJwN/V71qDLUkCqL1P5yZo5Sx9PbQNAEjcJJgqyXrY6E4jqxYVkkc+YbKhH5kj1bPnPG5nSLQxNgci9mZYEzhuAdsJf2HMGiB075/E14zTNfqyyrgiFbBjbAt+DpnC4wZWjeXS+eDnmjUQ1K+qQGc9AoGBANNNeliX3d4HMzx/7BClVO7IuI0bQ+WrZvYvgz8gfBg4nd1lvhmAYY9i9czj4zLejqHyEaZ0Ry6Tc4lyiLvpfmDnDHdnUjanp4tPw9PH8iQCMhbzjqUK88st6QShClH2Oa37HYQgZugw/acczv+6/tFRghQzd/ksObkDFfF3IDSBAoGAGGgj9MbereR226kam9dKuboUwC/f/uxM2u3hXOWUhZVI8M0Q7ghvp9H0zhnRtZmaO5BjRKTNT+M67tUaPdfnFr6gTTW+zFSLJDwN12MLbjcYT5ojPIr8+a6Idtfa6yDfzLYvYt31/iTGZ7dt8aFaeEmKqxo38JNDvbjPaWjqp6k='),
	(20, 26, 'MIIBIjANBgkqhkiG9w0BAQEFAAOCAQ8AMIIBCgKCAQEApBAcj9U/OaUdQN27PGv1bIUO2++vGt5/+Jl6ZSj0oG6LuxVjlUDAiHwmKyOOeyqYZCDIKDufO0FagU5KfSm8mfNZYXGwZfyO8XHPb63MgnYLhG0AKPUNaHcrJSg9sHL8e3z0VGVqGlFruBu0PGcmUPCfwdFZGoEr3MU+CJaUDZEmxDiR4s3xPbw01r06Ml1S68pc0jRcFbK28kJSPwhy+hkU21jVQnUG2Ki6qtwnomKBC7ZwpU5Wa1BsAgxSnMrrfyASZqU6hdwDm4TC407o728ZnIn1b7hnreMVa2E7XCh77YPXbHQbQGxcH1uABjNpJsEOMKgPkJ6IT2q+y8DAvwIDAQAB', 'MIIEvAIBADANBgkqhkiG9w0BAQEFAASCBKYwggSiAgEAAoIBAQCkEByP1T85pR1A3bs8a/VshQ7b768a3n/4mXplKPSgbou7FWOVQMCIfCYrI457KphkIMgoO587QVqBTkp9KbyZ81lhcbBl/I7xcc9vrcyCdguEbQAo9Q1odyslKD2wcvx7fPRUZWoaUWu4G7Q8ZyZQ8J/B0VkagSvcxT4IlpQNkSbEOJHizfE9vDTWvToyXVLrylzSNFwVsrbyQlI/CHL6GRTbWNVCdQbYqLqq3CeiYoELtnClTlZrUGwCDFKcyut/IBJmpTqF3AObhMLjTujvbxmcifVvuGet4xVrYTtcKHvtg9dsdBtAbFwfW4AGM2kmwQ4wqA+QnohPar7LwMC/AgMBAAECggEAKAimb5KhsvdPhByXK89MPAbb8V8zY2MX5xnMfBLaXqua/TPi8PC0CpoA1lX+1p82QHifXvHtkRAJfbQVCSW+F/MBxH1xhfFzEAetjpriZJNZjB7tAxGJDAzIQnDnXL8yTQ/Yrx9wHKvxlSNtf6/L8cRFt43WKFmM0npvALl9tzFnkN/CNJjlMkEXUeYHrysswVPjsS76T180A7zXaVISyeS59jFLBJ97/UJgAS+xiiLB8IBo7arCNTU3Ala3p0zqAeBIpVvcdM9+3apEt4HuNi1r1qBsxbkc2fkzd75iarrXM6YPtbCaRuw8rifxByLqey4M1GzGmevlc5PR5kTPAQKBgQDltMLTqwL1gdGUb51IDKcbMWRPRqCSAn+OXCLI78H+RS3rrO+c0w+lDUBVQQlaOZDNaFNEsg9ipt2XRuz2Q6AtKrWWKKgqllCJ80Ai5gq7uZNtAazU4f2Iuo88VgxWc/V8fK1uzNHP1Wi/UbiAmzKsX/hLBPOrbgaJb6+ag4XWLwKBgQC218NM8Ione0WG3sdtpViKQeFMV+y86SutNrOn8kbnAR/cjWHmw355BrpF2kS8WP+ciNcsv9VNKBd0LYUjxpauNopVOGjc9Jqn7xG+0wbe1V4jo8KQQU9BgqmQU+zfIFXM4TGJWRDQe/E93phhqGkVbWMUUt3V4HkDnukHby6qcQKBgGRLi7Gt/onBmAeuwEbAN4p5A2pV1TBLZPR8qDeB7/scq5M2nBymTzNq2McgsXuynNYDEjBxaqRRZXly324bUunFtymMMPj/TsUc78kNFmym94bl71e4IOI9SuM2UwbAdNRY/8TcK1QKw0Sd4uhMW1DGSnw++kHEtZf2qv7VJG/DAoGAWB6aeF1BKBAIDR0XHiffCRsBGwsRBGaX7y363cktFK39Dg1xjobPUELGyV2NXPzDjEyC74UwprPYwdwiW4CdJC8S8klyeHLGioL0mXQYzpIkgaat4VooeVkgoXdhJJPv5gLuHdS3/tKNDJVX+VDx/Cqw4p2hXi+GAxG2GyghZHECgYBUr0WcgXZrz9pPV3Bg69oF6H8CO+kkyrqweX91tF6aRV9u7E9hvNEnwR32aSXYA3k3MCBD3q7Jl4b2IR0bIo4XiPJ9q2oWfiOXkXkPSio+oLZwmVVIfg+pdPkas7VBJssInU+mxOdvpSV4X7NR64zolsUhCcbMWExaClmM5yCHXg=='),
	(21, 27, 'MIIBIjANBgkqhkiG9w0BAQEFAAOCAQ8AMIIBCgKCAQEAmN9UsQrAetc8IwCFYuNsQbsXvmek7M2oDcaVaZd8Av8IvvDnJHLSyzB4Y2kW2f+bIU5ywlTd5zbgOXnfMv3OwV9zqUa/gPSoHrmuzss83U8XHCfyBPTmR8u2keFchZqPFITSYaDVwH4YK6kmJZHMyqhN+k260sbebBW9YI/z7wuKIxngH1eMtGTacJ5VYfMdHqpnjC2R8b4zQXWhJ2KAVSC6+RkEQTxVA5IgTYASvDgiIy5rZymOz9hBFNVHnkDL475vM+ZiPvFnPA8C+lkgJ0WDOluLhsPTeSRT0mQLZSdJjzps5hzuKIWy53ecHGZtKa2iye9CjdCEOgqyFzm0ewIDAQAB', 'MIIEvQIBADANBgkqhkiG9w0BAQEFAASCBKcwggSjAgEAAoIBAQCY31SxCsB61zwjAIVi42xBuxe+Z6TszagNxpVpl3wC/wi+8OckctLLMHhjaRbZ/5shTnLCVN3nNuA5ed8y/c7BX3OpRr+A9Kgeua7OyzzdTxccJ/IE9OZHy7aR4VyFmo8UhNJhoNXAfhgrqSYlkczKqE36TbrSxt5sFb1gj/PvC4ojGeAfV4y0ZNpwnlVh8x0eqmeMLZHxvjNBdaEnYoBVILr5GQRBPFUDkiBNgBK8OCIjLmtnKY7P2EEU1UeeQMvjvm8z5mI+8Wc8DwL6WSAnRYM6W4uGw9N5JFPSZAtlJ0mPOmzmHO4ohbLnd5wcZm0praLJ70KN0IQ6CrIXObR7AgMBAAECggEALzVkk4nE+ApotUxvZKLjpwbOZcve+AvodlyZfnK75rb4bfK6Bpz48KuGufhViLuxHd96e/22SzU8mDNFFJuhkkDWWHOTJxEmq9pem9jScmt+sQC68gHo7UoBFtq39kBNKCJ+T4zaBahK8Yy6TYbRbdH8xqvjYjzsqgcqpNu/klWM6TjR814mzvlrlG2jqH3TuI3H+P9yk0uWmLbOMFMOfuH18YSMgPGRYIULpPjsRjdDOsPRu7zqT3KkAmS9IPExMHLS80v379/0+m9g6vBXDKgA7eHFkECSfm0mK+R3nKtzLscyEqD1cSxLCHunEErFlyeDfRiF76cwgc3SEz3sgQKBgQC3WSoTrly1k7p9MkyAKBWXLiryF/S3Af/G5NBQsh2F3L5qwaQ76YmYoj85svrR8ajoGTR3AtBj7P6zxoDLtjbVZ2cOoTMCRW0CJX+fB+lsTfA0P9inH0BbH90d9EV85pcGDKVx+EhCnJZyAP6cblKOVYlSpIIsw+t5DLUufP+YgQKBgQDVcrFKZJhTkyMx073MeJ40hLBnhhPPrPkivw0W1ur4IYQ4u9YHb8mgdL9iXNyA/YQiU+j8X3UgvKZkm1w5moIXGYt+OJ1JWOmB/illUl7hGfNnJw2COkQLS0YTu75XOn3FwwzIQjta5nYt8scmpxqLWfs1M70NfRMkOPX2vzgu+wKBgE9Bwgij9PuhEpqQJbW4niyuDm58oJKD0Ld/rfVUKaL2G3I2pvInMA3FBSPCFN6wYl2Cl8VieAbaKfg4tPBaojV573jJgi1XKZol75clamghANb1Sohj4AQEMCeEso0deOdqjBJKS6JP4lEB0Q56OkHBBA2vg34qax32ulOQQUUBAoGAE4PxAcRAySNizGN3rwI4NMUM++oeVZaTEMI3CCeORDGMTUOfRf7KiIkkFnI3FvQW6KyTWL/BjcSx0fECdaHS0xnazyeN+e7PKrt6PXFSi3I79upzKbz6C65OMe+wb3lBlptGx+iGVMFNfNX9r2MH4kXP2gVo+5q77Uvn8S96i5ECgYEAifHQPlwd4JJfo7tWvl4mJDB2GGyMkSNLeF86KRTxZAw5fyqvRmTjc+FzAdlbuoo41GiRy7RH0z0pp2NJRPPvqSOm+c93xvWRTh1RRcWaVWih3q8+YOqeR9nHFd5F7SadjXwRL/up53+7AcWftdsB2C4ZGfr+labJPyRdnpDF6mc='),
	(22, 28, 'MIIBIjANBgkqhkiG9w0BAQEFAAOCAQ8AMIIBCgKCAQEAzHsCAuiaa/UX3S6wWSyxjzBSkGRQmsZJXyQ0kk+2Q05sW0SEqD1ma6CXkn6kGNFgNREPb6pG5OAvP0s8HxyM+7hMMHJse2ftAG/QQHJEHOgl2zjPvmEiuAy8k5aEIiCxlP4KFxJ1Xk/i3tGPhwA9CcuKgd7kWcHSsO8iJ8u3O4IkAKdJMVT4CpzqLBLUq4WTKDtyEqDEAzprfq7B/8uIu1LoIdRXQWHNnFuWn+0YJq8Wsak9fR3u6sryEgm+k6yYrJt3Qcc8A6bBI85GFoP34thHs5uskcX5+HveA6km1f97qst1v6yMW7eEj2IKP5Yej6h17Dl3NuLrJ/1R8HaEfwIDAQAB', 'MIIEvAIBADANBgkqhkiG9w0BAQEFAASCBKYwggSiAgEAAoIBAQDMewIC6Jpr9RfdLrBZLLGPMFKQZFCaxklfJDSST7ZDTmxbRISoPWZroJeSfqQY0WA1EQ9vqkbk4C8/SzwfHIz7uEwwcmx7Z+0Ab9BAckQc6CXbOM++YSK4DLyTloQiILGU/goXEnVeT+Le0Y+HAD0Jy4qB3uRZwdKw7yIny7c7giQAp0kxVPgKnOosEtSrhZMoO3ISoMQDOmt+rsH/y4i7Uugh1FdBYc2cW5af7RgmrxaxqT19He7qyvISCb6TrJism3dBxzwDpsEjzkYWg/fi2Eezm6yRxfn4e94DqSbV/3uqy3W/rIxbt4SPYgo/lh6PqHXsOXc24usn/VHwdoR/AgMBAAECggEAHCI8h5vrSzlAnE0FNG/Cylmysm0q7fCkPbPki9Dt2drba79EpUU1Z0+EK0LDXyrHmuWLAykhcfIqbgHy9rDd8PBNg0jrBhupbyrzMzrFhlimhMAPTTleJoaSF5hY+70V0dMWHlCK13wUUeXxYni07TkVCINbVcImM/Pi9ijAQC6LXRbEi9ugaT4ukOUE49GaJ6isF6sR93SHaj36GSQvOklAXx0gJCAQ+7ThXPcnOX+OTr7delJjHWbmUWh+DAf2Ocktz4lvJtmc2B+Rezu2G9Wg8MB9eOXQnmQRoAXp45wEI0D/xS4M7ZIQ5NHHniZmXdXz6YZv7/kd+q0mhjx+6QKBgQDMlEjSjkX2aPBviLxPddeJIzHMN7X5MrSl/YA1OCqzEggqktm1la8QhmQP8l2ROuuaWqiN8hMgFyGIWhougXdnXcdAUKeGdRXek2uhcSwqI+xwLlVFwve4jekUgIrX7+YVFjDSks7OMvEhUQvZzTG8e1jJx3rewLHglQwPgiK6wwKBgQD/4F7B9+ny3zyRYH1Hqbo/eOCLhvX9FGtX5OhbsE+2KZrXNqQeEneRrsUopucM730yD5hJTXAfUh0y29PBV7yUxKOtgpAlS4q7nopmybTGHx3mui7qgHee2DpDnlRztPUYlU9YIhx0fvD18S4A+rltZozj47g5DpBD9SvEa+nblQKBgFxaIFm00k5/ZvLipie0ydzln2hSSfq58iTwwDzGIzh9TmRxsIgxjzsFgAxW2/hgwdUHUgnqGsokxwV3r1QJK+7kvbsB7e5b0siMgkz5+vb3CphFwkbg0dVlcq/Hq2X5rUMdpmKY1XTuOD5TCOeEoww0HovQWl5OXL5GapBhre3jAoGAWwlkDVT8KoocTYjr6dRMTIrgMSQ6Xuml62ao+P44zhHtYkaxi3V8jxuEUBtZtzN58paz0ti3XJ1lgBPQOkjR8ognx/LdADfpSyl0CnAXXinyBIYXbR158czypd4uI+CtFysASNYSE6yaZJaDjJun33GODQKXJ82zrEoNYVwXnyUCgYAoiojhW6YhW50SbUwKGvVnSLITBLfCM5QLZ2V5oOj+nRIcqJ8XCCPjephJpk6og88fxcIzirhMbqyCITHSCy7vovwb1IffAzruChMZpDT6Lv2l06VMuac+9JlmpCK4AxL1GWvMcZZ0A3MYbUL+CABonwySBhP0ptUAs5qRZ18jtw=='),
	(23, 29, 'MIIBIjANBgkqhkiG9w0BAQEFAAOCAQ8AMIIBCgKCAQEAs4eTMhdFmF/4C1Hqsl8Ib772ioImPs9A/4Onf9Qbepsz/EuvdTeVzn6rGJCmQYuGt9qm7Ol3XIf3ws9wU0a2DrFMTz1j4Y24CwTTUc6fgIBFp9mv2KID4eY4FBrih8bHOp0aKMVBptyWkLU8FAPDjYDMfAh9tiGFheiDZ+TOHpFqwTES6gxO06gqdyKZKhLEAIc6OAuVfgQqFJbRDgIyjcPuIZJqrV3oC4sOBnvrGHglv1OZB1mqMqbF2+Ccl8k5AdxC7rH8m3tZK8/7sXfkYL9ttGFjOwfK9xj9FkhTkGQmpAC9lzSi+nmMLSYBWGKs6e9Ya4Vdn2zJ+RL0DLkGcQIDAQAB', 'MIIEvgIBADANBgkqhkiG9w0BAQEFAASCBKgwggSkAgEAAoIBAQCzh5MyF0WYX/gLUeqyXwhvvvaKgiY+z0D/g6d/1Bt6mzP8S691N5XOfqsYkKZBi4a32qbs6Xdch/fCz3BTRrYOsUxPPWPhjbgLBNNRzp+AgEWn2a/YogPh5jgUGuKHxsc6nRooxUGm3JaQtTwUA8ONgMx8CH22IYWF6INn5M4ekWrBMRLqDE7TqCp3IpkqEsQAhzo4C5V+BCoUltEOAjKNw+4hkmqtXegLiw4Ge+sYeCW/U5kHWaoypsXb4JyXyTkB3ELusfybe1krz/uxd+Rgv220YWM7B8r3GP0WSFOQZCakAL2XNKL6eYwtJgFYYqzp71hrhV2fbMn5EvQMuQZxAgMBAAECggEAAkxw+u1N87XK2bsNq7hh+PhNDmUjMzh5GkYBWraInlXAlFetu+z498D3oaPJSFtbRenzq2KqQUUjMkHXEm6vcKaEr4EKndeWkyfxKRt7P4YLUXfzWe02t0/SYpa2u5e02YNe03kCSBSL8vddeQ4hSCPT7Z44NqEQPuPFIIsb60unQMhsJzeWVNXaHp1ZTIPMUw9SJrOWBwsDtXPgCc74ZhqhHem8NMvszhLe79zaBmERBRcgXPSVpkNvH9mSeaE0VlBikrabEF/DIxA1SL7ZV4s2f7GVmvKPoGftjYdpKJwWkW1dZfmS/Z2Zp+aGO2TM+I+2HAYAOHsy0rp+d1coXwKBgQDW37HMPUbWH5sy2tFgJCt1GFneWhw2JEHi1dQWMLZQs6ed2+48cmRnmrdYnRYPhu2gwOMlWJ9j4zc3gg7cRkKVAdRb6NtjoLNDLRmhOQZygUA/nrOAdxb3ZvXn40Nv1gzRCQS1Z0HXf3hUAxFI6JyiNhjCh6NQdzgx3vJluMIn+wKBgQDV5BkPcRVro31Ivm+TMBkl0wVMHhV4HW4Wp5BFYTbUMR0CR0XfLBOluRRSvFrg1k+Lz4Ciw2XqhmMkhTwJWyxIjzPHM9okvzhiv1y0LkQU+cdZ3OhHtaRwqc8S7J2e7JMzGF2u4C0TyiXHGSeQpcOsQjKzYbLPaZxSr6Vc3NHjgwKBgQCEUFMH1WPdTrEe66eqcBtii5ArX4mnvUPlDo7+6xgZMcexaVCWYEp7kcX9Bx4iiY+iQaSdxqi/tZa205ubAJjXcLz3q7gM7VP1tbvmj1rs/7I0euFF5g96YShjlopcP4682bTQj7j3nkLWWN037CUnrfApOaTTU9aCvyq8gLzuKQKBgQDR2pXr3JuTnDhTouR9mPdTcRMFd47A5r8YYxbdu1+8GOPJVHxtViWAt3IFKuBPMHWjStd+2g+oZmnnbwFUfKuaFUZL78fbvfFokTA3aB1MJzU8Kc2Mbd8E2tZcTuLnBl32B7YC2dfgTrl5+mgjN0AgRmLQNM7nSUsipUqtLcqQWQKBgAS17BvQQ5p4vPPBZue8NtB3OyzwSKXPWW88d4CM+d1Y0oxAD3yqHqCaQ7IJVJsxblVheHXU7DVBJVpaEqOTKqdvitNCqLATZmvdHDhrzH949oo+47bLB4+5ytwd1vsNwkMRy20+0L215dpowZTD5Z6wn4uG5eh35JdgwEkFgl3A'),
	(24, 30, 'MIIBIjANBgkqhkiG9w0BAQEFAAOCAQ8AMIIBCgKCAQEA91oLa+4QLzXaZd5UNvc7fmZij2+Asxk6hzhhIfBtswyXn0mEOWd1cncxVd16faaAUdCQ7d7hui7Ypr+dU9gbtg4+hhO/viMHvd/RjbF7V4wb+tMMZBmt8qUX4rvO0JWljhosdqrIXtnVsK15ZIPp45wMeaG/7tS/x/h8ZEEKJXW2QLLswShVs/LAyvsbPrljDIz10moMRN0UMm23oP93/R/W2GU03HeFiS3EtbeCExQ5fzgK/313pnagTCoQ6BPnwK59gEdlDZbx/TUYO4JUrUnfbJ8UA1O8OvNE49YbhDGG3jZVDZFvELyg0w6Kqm51fYrhUTAnvDUM3aiO8GQNRQIDAQAB', 'MIIEvQIBADANBgkqhkiG9w0BAQEFAASCBKcwggSjAgEAAoIBAQD3Wgtr7hAvNdpl3lQ29zt+ZmKPb4CzGTqHOGEh8G2zDJefSYQ5Z3VydzFV3Xp9poBR0JDt3uG6Ltimv51T2Bu2Dj6GE7++Iwe939GNsXtXjBv60wxkGa3ypRfiu87QlaWOGix2qshe2dWwrXlkg+njnAx5ob/u1L/H+HxkQQoldbZAsuzBKFWz8sDK+xs+uWMMjPXSagxE3RQybbeg/3f9H9bYZTTcd4WJLcS1t4ITFDl/OAr/fXemdqBMKhDoE+fArn2AR2UNlvH9NRg7glStSd9snxQDU7w680Tj1huEMYbeNlUNkW8QvKDTDoqqbnV9iuFRMCe8NQzdqI7wZA1FAgMBAAECggEACFzdP34qQmpb8q9AYiZcNtMP2IEg1Q1QjwNPN2ZJUzElDC/gXk96506T1q8ZBdgEBSAb0ksDjzenwAWA9HV9RFu5be+Lf0pwZ9FCJLwAK07ToFiT1euPV8GQq+wFG0S/9uy4HZ/7C8fqI2HOFaGnHfin7FHVayX6wPBMBlizlt4RsdbZphPd6KdSpeARcdmB2V+kEq9Qgod6u01jXsLpQVCBcz4vvYxmXGNIkTWKQhLXmviDtIID9+nNZ/7Tnok9ShO/QR2/sgIYAHX/JeHrpLgE+tE7+1/DDCKl4x4NBq90g9vJYSMcdSfi39sWmyJcMTzilyIthmwLB9bHLIXdqQKBgQD+iKYfAVQUEX3xW7JpOTKUBDWX95RBMCiyFxkcGy2cE5ktmji33PHViuoRIuDtCXDGa0b+ZFcHisBzlXM9LDmYMAKkgxKeAFl6KJGFqupTxtUVcuXV5ftfyZ+WjMAGaxDbG0bQuTjxcdXhG66gmF+rHsLg8oKbDQr5Wka+T3psKQKBgQD4xs37bGj0FA9G0ZwEnF1z2/KRM7l+RGS/mdumVkXbE8+mS/5VV4t5itOqRhSob0UmrA95CNOZ2qIe/P3A1J9vrTRfmtr4PZZuFyFhEkaMGwkOn35mZT0LuTJnZiRdDNM9Ayr9n2ql2rWkc1ta5SWZoaOZMY8O+A9dJwhjYgb7vQKBgQCOc1+1XoL1sExx9cXFyfMaj7iG0lKwoQlFklPFPRirjvRdZ0By9j6KKnKRIJoNTwlEoulamkFywR6wEWYrSEL7f3MbKxgSQVPSYD4BNwRp2o+Kr4Ed0tZ6Z1bfZOpbLTSDy6I4UlEiH3l5wIpc6qowFMkwJ8kciZIot3N8MvLq8QKBgBghiJdrw55xV64B5QVZeYMkgZnuD38c+TzQmsq+sZX3jPvPgUMb8859Vdy9YYGZEXcX14RhA813tKQW3DJZLYHyphLj/Xt41d+l5Ln6wNcUREOj2unpxgseErKO6NYRyWewp/nj/b9KwLXL7r+ZXJVTZYAVm4/TJgJeJ+Uj/BNtAoGAdz7Y2OqxkJux3Di7wnrxsCIfvsdmdSVA9cWCaMJrYdVmA9KekWulMWhPe4G7GwTpD9icYjMs2EqEbG0G5AsJvFHZ9RaRIlnYQ9TOOuerniqvqticHPF7C7tUQPrs2rvUxfumbGNVEIVpsMebEVys3v7PrA2/r6llo2dvbsKq2fk='),
	(25, 31, 'MIIBIjANBgkqhkiG9w0BAQEFAAOCAQ8AMIIBCgKCAQEAzRauLAF1q7PBv8eDU2DzXsrpaT1OH0EDNGPYpJ6IWxr07+ZD5xqpk28tqkai2Lf+fmRyW2Dtk9M3kHdW0q0Xaw2Ls6+cV8nGar0hD2WYWhjCEohMp25C/1VegLuSAJka/LSBQgtnf+kKWwQUItzVPkQ7PiZYL69LRRY6E+AH75gLa2GBCqU7+gZwA/n1KXDZnfJpL0x7XmU6peq6jGyOa8qbGLXpMdV80qdiSkF5ejZVe+k4ZQes386z5tWFdi51T1hrbN4WQ57o7/QiQkQKt3ePId7EXEA0Ve/z4Pb6MAuy2YPJwX91E8uXqsMs3S7DgyK5Xy9w+D9uSct113hpwQIDAQAB', 'MIIEvQIBADANBgkqhkiG9w0BAQEFAASCBKcwggSjAgEAAoIBAQDNFq4sAXWrs8G/x4NTYPNeyulpPU4fQQM0Y9iknohbGvTv5kPnGqmTby2qRqLYt/5+ZHJbYO2T0zeQd1bSrRdrDYuzr5xXycZqvSEPZZhaGMISiEynbkL/VV6Au5IAmRr8tIFCC2d/6QpbBBQi3NU+RDs+Jlgvr0tFFjoT4AfvmAtrYYEKpTv6BnAD+fUpcNmd8mkvTHteZTql6rqMbI5rypsYtekx1XzSp2JKQXl6NlV76ThlB6zfzrPm1YV2LnVPWGts3hZDnujv9CJCRAq3d48h3sRcQDRV7/Pg9vowC7LZg8nBf3UTy5eqwyzdLsODIrlfL3D4P25Jy3XXeGnBAgMBAAECggEACX8772cdpqblQWMM+XflSzHipURAzW0Ud7kKLaTW9/+PgTqwsSdsm/p/cwmwdbBPA1W1zzYVyFU1Bu5Eza6U5Zjf69ElcHIEO3oAuXqdF4p7FbI8uPnf1byzeqr87cTJQXOfIvKd30goieqOX2cqI4cTtnr+dU5U8ij/ZV9X5LwIq72FqqaI+KOsrWXwcbMsTfNteyVg9B+yjiwufPjaJKN2DWw5x3NOX1G06ypA20LZiXuTlMNUl74zNAsHFxxcMKY7m4nkCtqqRBvKOuxYOI1kcEA40vXOTnOKlLIoGI7WsM10aT7vK6S4XON1/3W1d46d7kyp++zl2Vika3ef8QKBgQDeXtvSWsbm8xkuvkssYCmEB04ORKBI6yZ27nvD5DqC/vfo9BSUlHoyEwbKl+ZDVtbOEtlwSc1vumrvDOfDvUfE/n4o+Lbq3yiSN/VOA+8l9XCaVLmHGvlCSe0CDFMtFQPJXIhViL9fhiUhooJs3cFauqH79d6vFHmGS7ooh9UjkQKBgQDsGr76OkhNfod0X9P8xhWaCsy0Ern7CiR/1StkfqH73Mt3qzsvxL+L4XZtSasepOyaOvUm4woAETWnFdUik2zx9A8BxJG+mhl3Ajj+mmM+JpV+uCjH90AZ0G2LfnDxRTFMcJ4I06jFw2Sssf/hZJvjt8yEgBE9rCFSxReXH19rMQKBgET5V2XgEmIAdYcyL08MZNQ3D9cNIkp75ept/qW8XQnU3EC9tMSBaYWusSSWCS5J+UbiQd+6hKZrRE/xyNHGHETWS3uZ6eLgZU01XjlcrwkvIEY+kW1+yGHvXDyOZh5Nrmb+9KrTR8jxawMLzTjHb/ocebIViYT07NzjEFMSDuKBAoGBAOs1GdweA7lvu3FrpbvDefGjoJojrbMxP3s52aibnrNSGkB1DNlhn5CyY1Ase5RjqHFdGqxKscOvYUu6rEFtrLK899ZDBQ5kZcnxJOY+128q8PL0c2wCHJGa2gaFR+6Th7Em38jbUt7w8HI6QTdBCyuoBs5Y5tQRjoDuZ7ndPymBAoGAIymVytpyefmB96350/kc8XPom/w/XG9HxJorg3iGm/V2yvqqzMVJcmL6KCVBIogYaM9uqpA7jfxaVDswxhfUynd1FYH2lTgbZ33ViYjvawl/re+aRSyvqmcWC7u3W9Xi3GKPequpAcTRiAd4pnqbDotVIgRhVHx/gRC7uXrj8kQ='),
	(26, 32, 'MIIBIjANBgkqhkiG9w0BAQEFAAOCAQ8AMIIBCgKCAQEAtEbqLopqiRwyPVvG0VhTPCkb7Rg8vz20k2bPR9sGlyqHKpEZC+jV5aBpq9B16JerTs6gFbhugnWiqIEuHFOVANI5wyJBuzX4Fkl+QoFoOEEOngax77P3aIBkvfDvwru5/TvjLkXrKxRsedeWGhixbnk31uHjm6tgboGk/9JJFnoaDjQLHjSORopOSOJHGIEkXtUNahCDKPaL55eXPPyoxA2JiIBC7sYDSWgLdQ/HjTteVZfFIWNRLHrW0wy2uwlREyLY4mJDdZLJmTpdzr52C0ATPVARU4J2YzkeFpf9fOBW5Cg3sh+YkaF96me1Hr06352YyXSUqSTpjoyMQJg7WQIDAQAB', 'MIIEvAIBADANBgkqhkiG9w0BAQEFAASCBKYwggSiAgEAAoIBAQC0RuouimqJHDI9W8bRWFM8KRvtGDy/PbSTZs9H2waXKocqkRkL6NXloGmr0HXol6tOzqAVuG6CdaKogS4cU5UA0jnDIkG7NfgWSX5CgWg4QQ6eBrHvs/dogGS98O/Cu7n9O+MuResrFGx515YaGLFueTfW4eObq2BugaT/0kkWehoONAseNI5Gik5I4kcYgSRe1Q1qEIMo9ovnl5c8/KjEDYmIgELuxgNJaAt1D8eNO15Vl8UhY1EsetbTDLa7CVETItjiYkN1ksmZOl3OvnYLQBM9UBFTgnZjOR4Wl/184FbkKDeyH5iRoX3qZ7UevTrfnZjJdJSpJOmOjIxAmDtZAgMBAAECggEAAY665DuG6nfS6pN56knLIQaDlFpdoo3pTi+EWTnNJ5hvILnr1zdw1A5Rrz55SdYE00yetsZyfX9hNT9KO6Mt8vcgkjDs4L0splLigh2/lgZG1B0iGCVXCxjAuUSWajHBdWUGARMAps1Kyo36lB290eaqP7NJj3m6jg77m9yyOgoDX75YteHenb0cBVFQbIxUuDEMlY/oCoKqO9Kb6k2iQJvPnmqEzNd5dEeXgyCOextTxcc8pD0WYcSs0wiBVFIWMuBzXgioazd9AZsMtwpDuO5sYFtPpCYG2EwZ0m1ahrcAd1tGCVYmSTvY+QhOnYGi8nIyETf2k1xl86ZmlO+UjwKBgQDCIGss09sQ08zCMNSPb+X/KzNSnFQakGSeKnQ8dY9DS7/sUvBvdjP4PvXZL1HDOQBV2I4AS9W8Uzfy3mxIFbemgyJi7ame+Owb0R0+lGvUo/g86P1syANOFa3jFSdscdAEMYYHU/OHuBoga1E9XpTNBIKPZLEUMKfBXAmAhlkxOwKBgQDtvHLujcLDOY243BrIcLeUjIYdtF3+xiHPUQ/VPCbgYemg8Mb367gYccDFCAhlbyDNKJrT1m0VLkCbJrn3glzevqgNGRZoH0RLwWpH2dvB95Fk0eHrvr7dP74V3WFqGkvuIPOAZdQOBJd3gKACMWsAnPuk+JpAvzHBbSxqAV98ewKBgF54Uk/FZaVBvTJ/euG2zdGon1hDdXZb8Gs8M8a8WxSfx21lS1aiylWzpgakTYDYu34LXcdtID1+rgqGDWHjF7VzuYc1K0eO0bATysyKhBM+HG7f33xRtbIJQM7ym3XdySJRS21DgI76m9RNBYL9BSLkX/kSQk6WAv1JIeKm/r7DAoGABukQajDCtYwJu5LiUGs+WtoO1/QzO0GlH/KaRDeAZctS0DPPhMtcSZGc6d1G6TPmvy/r+DZma1Qx2pCwnSoz6uGd3uuYxCQMhyszHK2Pfr7kggq7x29++s1siBQsTbo/9McObPAIzvOBN58Mh6PKGXV2tx/m0/T6zEWRIe+yR9sCgYAXJQTjrCaWwAKShn2tRj9ykUKu/GD6m8wTG9OPneAOKCvcdj63zsIFTdWYoaOl12fDmBl+GC4gE9+QLuiQvqVlTwiA9c+xbG0GvDq+Ur6seIR0gLRev9aD3An3Ejs40RjlF09o7vVCSD4sUpd6RhGkV/yJkKjBkgZkOTfAz2KJTg=='),
	(27, 33, 'MIIBIjANBgkqhkiG9w0BAQEFAAOCAQ8AMIIBCgKCAQEAph7j/HFeYj6rQnXAchmNzIQKQd1Xiuw3IxXFCueXgExQcb5+ObJtXP/IFb0in3tGiuzldzVJsHDsFMs/0ga3buCpSIkYqjGqDhMRcJDDz7vrKmKloUJGFTtGpiTzAM3wjCixLZLjmNHBTCXVZeNmatpaZ97O+fmrAO3oL2isf9tcr6Q+lCf5ayWLvbX6ARVXo0xoRihaGsO4nbxD6ZqZlriJcrMcRvUJ6GVG6/Pjb/X38M0OzE2r/RcJ3furszGWklZQlslCw3WwKo2EuSMHrIFY6IXqGMPaFt0L4EImyZ4gyGNCSW6T7DFmnP8dxzqfap48qis9yvyLOR/IPsl3SQIDAQAB', 'MIIEvgIBADANBgkqhkiG9w0BAQEFAASCBKgwggSkAgEAAoIBAQCmHuP8cV5iPqtCdcByGY3MhApB3VeK7DcjFcUK55eATFBxvn45sm1c/8gVvSKfe0aK7OV3NUmwcOwUyz/SBrdu4KlIiRiqMaoOExFwkMPPu+sqYqWhQkYVO0amJPMAzfCMKLEtkuOY0cFMJdVl42Zq2lpn3s75+asA7egvaKx/21yvpD6UJ/lrJYu9tfoBFVejTGhGKFoaw7idvEPpmpmWuIlysxxG9QnoZUbr8+Nv9ffwzQ7MTav9Fwnd+6uzMZaSVlCWyULDdbAqjYS5IwesgVjoheoYw9oW3QvgQibJniDIY0JJbpPsMWac/x3HOp9qnjyqKz3K/Is5H8g+yXdJAgMBAAECggEABT1GLYkZ0/lsB12VY0PhEAk+FZO4lh4bIxUlsNFbGuXNR7kdXA5/moZKtjzP4b3OnMUZ+6eHmnQFTiaW7bXehTW6wRnp2DxWw7jgPO+j7WJc6WpRFQP1F+hVsxnJPEZChvkllW1jlkdPVGqBD4Sbj1UxssL5PjMcrJvUTeJ8RlAEwMai6Cx7Qy2l2to4r1ZJNkM1lIh6O34zWi3Frhkmf0+nEhWB5HKD7gEr5A50cN5leHT88/KxAXQsOLlarLeDC2Q9tBKfJHLZItB7okY1/AKJTv9X8CTepDLiWZ0DMEsGYgE9Ib4sfIdtPdFE1KjQC/ei3l1YuruoYVFADQTD/QKBgQC10nlo1F5sOkbK3nkhwAYtWf0G//ekzB0Q9smjf2liXdPy4+pq9sBD4Owbc6mxV1FWk3IZJHChg02ZPqfdux885t67xmu9EgdTIa+KQSeOfSZLrYDwGStygktyGypt1O8G3Wf0M85nilh/3f//t1jCXo8rCHR2l60hPVHUju5elwKBgQDp5IzXIpKB9mxvUOxmHkK+OGoHBMowS4BHvpZ/u/R0eKhZaHFBuqrhdbAsL0x8vQN1SriKSOntWk5/AHqk9y5+dyqod6XTF1yUj8m8M6LDl5LeePzvKbp9flWWvGDRsCr+DDh4cZvvHN9+buz0dP0lpqoG20ctPmiqY6Mtffd1HwKBgQCasdNoNF+Nt1tp2TS4WVcoGMslvHwncx47w6y09X9lGK1ulyloDj5wwhpAFP1IjCEBBvvplk5ZrIxGGL/b8AvY1hilLGGYAJHI0f03JM4R9jqx4pG0NcX4bBDiqWhFAAjKD3AVnko7X8KCMBBRsd3LqYYnt87W45+Ci1hm/6ChSwKBgQDKJro/2uaroxN3Zobbf/4JsHKbXF1wPmFCIQysnAOdgwdmNynkOHUm5nP8zGicSzUo9Arpojlk5q9/fyeBWw55SX+6Gadd+gwPbvNaUXq0+FV9KS7besJvYniRDoHT2iJebquEFhVDJj5YZYExi8eb+h9sS6uKBC2sTu+jCwOM2wKBgFaat3zERMNMEuTAxinRnKERpP5TMsPsxLm4bDj7/EtKIMa15YTYoKSv9jnxkf0g7h2c0K4YkP+FBj98V5jixZS0MQ9NIwtjX5G6ZK63S6/3GG8YhKtge/MA2aneaJt2nh4kfyF1MKhWFWwkn1KGM8howwV873m+lxoQE2TAvKwZ'),
	(28, 34, 'MIIBIjANBgkqhkiG9w0BAQEFAAOCAQ8AMIIBCgKCAQEAxpcRah2UxY8kMxH7tVe0U9W40kOajtO0LPaqNVLKHQW7nLFG/A6gn659MIGkQKroIUKj6yTZUj0TVBLHzajfyHxRuQ99uSNBqleoFUHCARcigTM6OowAB1tZ/Zs6Tjyq9ibJNupM2sVAhoMSiHHGmqrdhRXJLVs77afwJKRByjaE8Gbph+tscrdIR48aVLTD5yefqIqakvt5j7XYiZ0qdAkGd8eC1ZVyQLifRKfEXB/N5myYblHHlavplczarol1XIy33hItD6L26KPINIJZ0zVqakbe0RGNx4p8JzxfwmjCstBKybUlfbi+4ZVauhKgsMqiZNDKd+YId1t5bi3OGwIDAQAB', 'MIIEvQIBADANBgkqhkiG9w0BAQEFAASCBKcwggSjAgEAAoIBAQDGlxFqHZTFjyQzEfu1V7RT1bjSQ5qO07Qs9qo1UsodBbucsUb8DqCfrn0wgaRAqughQqPrJNlSPRNUEsfNqN/IfFG5D325I0GqV6gVQcIBFyKBMzo6jAAHW1n9mzpOPKr2Jsk26kzaxUCGgxKIccaaqt2FFcktWzvtp/AkpEHKNoTwZumH62xyt0hHjxpUtMPnJ5+oipqS+3mPtdiJnSp0CQZ3x4LVlXJAuJ9Ep8RcH83mbJhuUceVq+mVzNquiXVcjLfeEi0Povboo8g0glnTNWpqRt7REY3HinwnPF/CaMKy0ErJtSV9uL7hlVq6EqCwyqJk0Mp35gh3W3luLc4bAgMBAAECggEAF8bFhH13LvIU5PJtvwf5pKHth2slqZ0KMOn1df3sCe6CSF/nPk1oCMZE4dZbuoxbz4OhiYk3ZcO/OS0oc+SYqnHL/QqwREbG2WS2UJk3Z5cEABEIkzLo2/ihfR4lLHHSDDeXlrYVrom4UIKH6QMqQqFbdVAm7oHCWpFlTJXH9LQ9LPachBEJSGijJY6bHGmf1qu+bADRlOJ5vd9/1Srx02OiSEVNgNJdKjdGXilf4Y1tdxLPoji2AZdVK9N5CkSmUaqGpoDr/KnEGoFx0E1jMLF3cCiUy9Nsqx6lDib6W8OV1D0G+990iqroFplSKy+E7qbTE59cFBFka6d73bb3EQKBgQDQcu9EJqSG5uYGRug1I9sT6EGxd91Hz2B6Se8iZ044UbeAAnuqtqaWfeXP63VeZKTt0uuvdSbIVYSEOzmh+ApJaLi8mfUYK+PIvOxB67mTDP1R2eBpQHO0i2lSD9JL+dGoqfQ9XgRW0mm9Z3p9QuEBsXFpdmS60R7i8Cqi9qwQEQKBgQDz5GSgL8gVks1O6oX0Lo8QSB/jNBQgBiTzvoRooB8dxtpN3xmCeTarMdGyrBd20ggUgZMf+s3oWoVd2Dq+gRkdW7sLfx2J5mnz18jvuTkoMWP1FEYg2sCDjrp35RJDls4GSQolTmDPpNmwyuwrJd4Ls6XWTfxcA9g12xulgUinawKBgQC8HKzuXM0nbOJzEbRmmGgRjA0U4e4Q6wXO9j/XVVESpDQsUpFV2yV1NEKbo4q017C7axgErH2GVx6S0nvNPnHSE657jZjQ6nLS6iNvzhIXsaY+IphRg7enXBR82QhYRie9xTpD0z+pNpP0OJkix6MVCxQlL5HxwdzUwhZIIMHgcQKBgBCdweFMABTAMK6sub2eIm8Yitue47Qe1wuoMjsylYwgzSS7C3DhM0FMnp3OrbaRrq0++rgWDUtER4vSPIZYI07lvgOVgHyxrwxG6lCyzNsZKlc7L1/zp2QPKFMczza9ooG5HjDWezAKai5qVNbHuK4Raj4EiCn4tRVOPT70ZO/LAoGAPhuneKMIBnOPRyuzSafqOeSuZ2kqXwaW27iO1vl2gj/tyrbHjow1mbwoBlNp4wdtDz9oBQUn+nkl9oPGUHf9+sCu1UuItUAhNNBG8oKgUGhwUo9XXKQm0J5yn/E3gdpEba33qPLKz7q0JVIE9k6ZI+8utRLn76t2lguBLt3z8cI=');
/*!40000 ALTER TABLE `key_pairs` ENABLE KEYS */;

-- 导出  表 wcg_mall.official_collection 结构
CREATE TABLE IF NOT EXISTS `official_collection` (
  `id` bigint(20) NOT NULL AUTO_INCREMENT,
  `product_id` bigint(20) NOT NULL,
  PRIMARY KEY (`id`)
) ENGINE=MyISAM AUTO_INCREMENT=16 DEFAULT CHARSET=utf8 COLLATE=utf8_unicode_ci;

-- 正在导出表  wcg_mall.official_collection 的数据：6 rows
/*!40000 ALTER TABLE `official_collection` DISABLE KEYS */;
INSERT INTO `official_collection` (`id`, `product_id`) VALUES
	(15, 50),
	(14, 46),
	(12, 41),
	(13, 43),
	(11, 40),
	(10, 38);
/*!40000 ALTER TABLE `official_collection` ENABLE KEYS */;

-- 导出  表 wcg_mall.order 结构
CREATE TABLE IF NOT EXISTS `order` (
  `id` bigint(20) NOT NULL AUTO_INCREMENT,
  `order_number` varchar(50) COLLATE utf8_unicode_ci DEFAULT NULL,
  `status` int(11) DEFAULT NULL COMMENT '1待付款 2待发货 3已发货 4已完成  5已取消',
  `user_id` bigint(20) DEFAULT NULL,
  `consignee` varchar(50) COLLATE utf8_unicode_ci DEFAULT NULL,
  `consignee_address` varchar(50) COLLATE utf8_unicode_ci DEFAULT NULL,
  `consignee_phone` varchar(11) COLLATE utf8_unicode_ci DEFAULT NULL,
  `email` varchar(20) COLLATE utf8_unicode_ci DEFAULT NULL,
  `pay_method` int(11) DEFAULT NULL,
  `pay_status` int(11) DEFAULT NULL COMMENT '支付状态 0未支付 1已支付 2退款',
  `amount` decimal(10,2) DEFAULT NULL,
  `order_time` datetime DEFAULT NULL,
  `checkout_time` datetime DEFAULT NULL,
  PRIMARY KEY (`id`)
) ENGINE=MyISAM AUTO_INCREMENT=76 DEFAULT CHARSET=utf8 COLLATE=utf8_unicode_ci;

-- 正在导出表  wcg_mall.order 的数据：2 rows
/*!40000 ALTER TABLE `order` DISABLE KEYS */;
INSERT INTO `order` (`id`, `order_number`, `status`, `user_id`, `consignee`, `consignee_address`, `consignee_phone`, `email`, `pay_method`, `pay_status`, `amount`, `order_time`, `checkout_time`) VALUES
	(74, '2024-03-17T14:32:18.363490600', 1, 32, '杨健', '重庆市涪陵区', '13290010295', '1774532899@qq.com', 1, 0, 17282.00, '2024-03-17 14:32:18', NULL),
	(75, '2024-03-17T14:34:35.010673300', 3, 32, '杨健', '重庆市涪陵区', '13290010295', '1774532899@qq.com', 1, 1, 3999.00, '2024-03-17 14:34:35', '2024-03-17 14:34:47');
/*!40000 ALTER TABLE `order` ENABLE KEYS */;

-- 导出  表 wcg_mall.order_detail 结构
CREATE TABLE IF NOT EXISTS `order_detail` (
  `id` bigint(20) NOT NULL AUTO_INCREMENT,
  `order_number` varchar(50) COLLATE utf8_unicode_ci DEFAULT NULL,
  `product_id` bigint(20) DEFAULT NULL,
  `product_number` int(11) DEFAULT NULL,
  PRIMARY KEY (`id`)
) ENGINE=MyISAM AUTO_INCREMENT=19 DEFAULT CHARSET=utf8 COLLATE=utf8_unicode_ci;

-- 正在导出表  wcg_mall.order_detail 的数据：5 rows
/*!40000 ALTER TABLE `order_detail` DISABLE KEYS */;
INSERT INTO `order_detail` (`id`, `order_number`, `product_id`, `product_number`) VALUES
	(18, '2024-03-17T14:34:35.010673300', 35, 1),
	(17, '2024-03-17T14:32:18.363490600', 33, 2),
	(16, '2024-03-17T14:32:18.363490600', 35, 1),
	(15, '2024-03-17T14:32:18.363490600', 40, 1),
	(14, '2024-03-17T14:32:18.363490600', 45, 1);
/*!40000 ALTER TABLE `order_detail` ENABLE KEYS */;

-- 导出  表 wcg_mall.product 结构
CREATE TABLE IF NOT EXISTS `product` (
  `id` bigint(20) NOT NULL AUTO_INCREMENT,
  `create_time` datetime DEFAULT NULL,
  `update_time` datetime DEFAULT NULL,
  `create_user` bigint(20) DEFAULT NULL,
  `update_user` bigint(20) DEFAULT NULL,
  `name` varchar(100) COLLATE utf8_unicode_ci DEFAULT NULL,
  `category_id` bigint(20) DEFAULT '0',
  `brand_id` bigint(20) DEFAULT '0',
  `price` decimal(10,2) DEFAULT NULL,
  `inventory` int(11) DEFAULT NULL,
  `image` varchar(255) COLLATE utf8_unicode_ci DEFAULT NULL,
  `detail_images` text COLLATE utf8_unicode_ci,
  `description` text COLLATE utf8_unicode_ci,
  `description_image` text COLLATE utf8_unicode_ci,
  `label` varchar(255) COLLATE utf8_unicode_ci DEFAULT NULL,
  `status` int(11) DEFAULT '0',
  PRIMARY KEY (`id`)
) ENGINE=MyISAM AUTO_INCREMENT=57 DEFAULT CHARSET=utf8 COLLATE=utf8_unicode_ci;

-- 正在导出表  wcg_mall.product 的数据：24 rows
/*!40000 ALTER TABLE `product` DISABLE KEYS */;
INSERT INTO `product` (`id`, `create_time`, `update_time`, `create_user`, `update_user`, `name`, `category_id`, `brand_id`, `price`, `inventory`, `image`, `detail_images`, `description`, `description_image`, `label`, `status`) VALUES
	(42, '2024-03-17 13:56:59', '2024-03-17 13:56:59', 23, 23, '七星高照闲云壶', 9, 7, 3788.00, 120, 'https://web-framework-cwj.oss-cn-chengdu.aliyuncs.com/10a64296-b211-4eb0-b071-ca1c77f82ccb.jpg', '["https://web-framework-cwj.oss-cn-chengdu.aliyuncs.com/d010306f-829e-498a-9ea5-f98823cfb151.jpg","https://web-framework-cwj.oss-cn-chengdu.aliyuncs.com/80bb01fb-22b7-47ba-ae1b-6e5cb2e46690.jpg","https://web-framework-cwj.oss-cn-chengdu.aliyuncs.com/8bde78dd-4f0e-4064-8331-e66ce88067e5.jpg","https://web-framework-cwj.oss-cn-chengdu.aliyuncs.com/8594955e-93de-4c2a-8c80-0132bfed2f28.jpg","https://web-framework-cwj.oss-cn-chengdu.aliyuncs.com/85cd2636-0e12-4db5-bf41-50407108875b.jpg","https://web-framework-cwj.oss-cn-chengdu.aliyuncs.com/90c56b8e-5b99-48c8-b047-ee2b989c5fcf.jpg"]', '“七星高照闲云壶”可能是一种精美的茶具，其设计可能灵感来源于中国传统的文化和艺术。这款茶壶可能带有“七星高照”和“闲云”等元素，这些可能代表着吉祥和美好的寓意。它可能采用精湛的工艺制成，外观可能华丽精致，展现了中国传统文化的独特魅力。这个茶壶可能被设计为一个优雅的茶具，用于沏茶、品茶或展示。它可能成为茶道爱好者和收藏家们喜爱的艺术品，也可能作为一份独特的礼物，传达对接受者的美好祝愿。这样的茶壶可能因其独特的设计和高品质备受推崇，成为收藏者钟爱的文化艺术品。', '["https://web-framework-cwj.oss-cn-chengdu.aliyuncs.com/4b5d25cd-9bb4-4312-afe3-5a243fd4fb3e.jpg","https://web-framework-cwj.oss-cn-chengdu.aliyuncs.com/a7e35768-059a-4036-bf8b-e69da5eea7a5.jpg","https://web-framework-cwj.oss-cn-chengdu.aliyuncs.com/acfb617e-7293-444d-a89c-bc9cbd9465bc.jpg","https://web-framework-cwj.oss-cn-chengdu.aliyuncs.com/3456927c-b267-45cf-bc49-d3ed945deaf2.jpg","https://web-framework-cwj.oss-cn-chengdu.aliyuncs.com/602c10d6-db79-4661-97f8-09dac6e8a11e.jpg","https://web-framework-cwj.oss-cn-chengdu.aliyuncs.com/bacea3c1-3557-4523-9760-c79a2a89853f.jpg","https://web-framework-cwj.oss-cn-chengdu.aliyuncs.com/b31b6b3d-a52f-4161-9046-7654bc3dbfa2.jpg","https://web-framework-cwj.oss-cn-chengdu.aliyuncs.com/6a72cee1-5b51-401a-a3a8-3db7af4e83ee.jpg"]', '陶制', 1),
	(41, '2024-03-17 13:54:33', '2024-03-17 13:54:33', 23, 23, '霓裳羽衣茶盘', 9, 7, 4998.00, 100, 'https://web-framework-cwj.oss-cn-chengdu.aliyuncs.com/d87bb7ea-17a6-46f0-a17b-da1764818a3b.jpg', '["https://web-framework-cwj.oss-cn-chengdu.aliyuncs.com/af76ef43-8fac-4ae2-bdcd-3547a89ec75b.jpg","https://web-framework-cwj.oss-cn-chengdu.aliyuncs.com/f120420b-267b-45a6-92cd-6cc1841a425c.jpg","https://web-framework-cwj.oss-cn-chengdu.aliyuncs.com/47dd44f4-4cce-4f0c-9129-cc59cd3a3426.jpg","https://web-framework-cwj.oss-cn-chengdu.aliyuncs.com/e76b0930-7b53-47d8-9071-031a7e8ec61c.jpg","https://web-framework-cwj.oss-cn-chengdu.aliyuncs.com/302c1bf9-a077-470c-bc22-f87bd8a3d871.jpg","https://web-framework-cwj.oss-cn-chengdu.aliyuncs.com/b5cc1e4f-b102-41e1-9daa-459ccc86f948.jpg"]', '霓裳羽衣茶盘可能是一种精美的茶盘，其设计可能灵感来源于中国传统的文化和艺术。茶盘可能以中国古代传说中的神话故事"霓裳羽衣"为题材，这个故事中描述了仙女穿着美丽的羽衣的情景。这款茶盘可能采用精湛的工艺制成，可能具有华丽的外观和精细的雕刻，展现了中国传统文化的独特魅力。霓裳羽衣茶盘可能被设计为一个优雅的茶具陈设品，用于沏茶、品茶或展示。它可能成为茶道爱好者和收藏家们喜爱的艺术品，也可能作为一份独特的礼物，传达对接受者的美好祝愿。这样的茶盘可能因其独特的设计和高品质而备受欢迎，成为收藏者钟爱的文化艺术品。', '["https://web-framework-cwj.oss-cn-chengdu.aliyuncs.com/a1abf5ca-7cde-49df-9f1f-2659e082088e.jpg","https://web-framework-cwj.oss-cn-chengdu.aliyuncs.com/a8405bcc-5112-44c7-858b-7b7e1f70a046.jpg","https://web-framework-cwj.oss-cn-chengdu.aliyuncs.com/7419cc59-7ac9-4ed2-a8ac-7947c545a6ba.jpg","https://web-framework-cwj.oss-cn-chengdu.aliyuncs.com/1821f917-af27-414b-ab06-d81c80407e3f.jpg"]', '', 1),
	(33, '2024-03-17 13:42:20', '2024-03-21 14:03:34', 23, 23, '吉祥托福', 10, 7, 1198.00, 100, 'https://web-framework-cwj.oss-cn-chengdu.aliyuncs.com/4c5e66a1-057b-440c-b8f4-2f0207975559.jpg', '["https://web-framework-cwj.oss-cn-chengdu.aliyuncs.com/69a49805-8cca-4b39-8aec-f0ec0f3fa74d.jpg","https://web-framework-cwj.oss-cn-chengdu.aliyuncs.com/122cea7b-7101-4a17-8b01-af9dddefe760.jpg","https://web-framework-cwj.oss-cn-chengdu.aliyuncs.com/157a37cc-4138-432e-8685-a840162a2f64.jpg","https://web-framework-cwj.oss-cn-chengdu.aliyuncs.com/ab89e4d2-268e-4835-8434-881421f729c7.jpg","https://web-framework-cwj.oss-cn-chengdu.aliyuncs.com/1923099f-e39d-47be-b7a9-5a8c98669b83.jpg","https://web-framework-cwj.oss-cn-chengdu.aliyuncs.com/ad9b6505-9cca-41e6-b0e2-a1be2193eb8b.jpg"]', '这个铜制摆件是由高品质的铜材料制成的装饰品，它的设计精美、工艺精湛。这件摆件可能是一件艺术品、雕塑或者是一个装饰品，它可能具有特定的主题或者寓意。铜制摆件通常具有较强的装饰性，可以用于家居装饰或者办公场所摆放。铜制摆件通常具有历史价值和艺术价值，是一种能够体现个人品味和文化修养的装饰品。它可以是一个独特的礼物，也可以是一个收藏品，展现着艺术家的创意和工匠的技艺。', '["https://web-framework-cwj.oss-cn-chengdu.aliyuncs.com/8b09ffc5-e1b2-4bd7-8deb-29046e08116a.jpg","https://web-framework-cwj.oss-cn-chengdu.aliyuncs.com/cf05aa03-297c-4c77-9e52-5e7e73d0aa75.jpg","https://web-framework-cwj.oss-cn-chengdu.aliyuncs.com/5a79763f-d81b-41a4-80e0-05869801092f.jpg","https://web-framework-cwj.oss-cn-chengdu.aliyuncs.com/e40b9f44-2b17-401b-9f01-a0e07997fb45.jpg"]', '铜制', 1),
	(34, '2024-03-17 13:44:43', '2024-03-17 13:44:43', 23, 23, '鹿喜人间铜摆件', 10, 7, 3899.00, 100, 'https://web-framework-cwj.oss-cn-chengdu.aliyuncs.com/c175f71b-324a-4912-9abd-c5cc71352c9e.jpg', '["https://web-framework-cwj.oss-cn-chengdu.aliyuncs.com/69523061-e093-48f9-a708-38512ef28a71.jpg","https://web-framework-cwj.oss-cn-chengdu.aliyuncs.com/67eda34b-e919-4a52-af13-8fbc40abb6da.jpg","https://web-framework-cwj.oss-cn-chengdu.aliyuncs.com/edc07e97-ca92-424e-b9ea-332c553001cb.jpg","https://web-framework-cwj.oss-cn-chengdu.aliyuncs.com/e7dd3ee9-ee56-4b50-9164-ff76c243711f.jpg","https://web-framework-cwj.oss-cn-chengdu.aliyuncs.com/8bee92a6-a306-41aa-ab54-36a970968ce3.jpg","https://web-framework-cwj.oss-cn-chengdu.aliyuncs.com/bbc6bce8-c5ad-4392-8e05-2a049e5451fb.jpg"]', '鹿喜人间铜摆件是一件精美的装饰品，以鹿为主题，由高品质的铜材料制成。这件摆件可能展现了鹿的优雅形态，寓意着吉祥和幸福。它可能是一件具有艺术价值的雕塑作品，也可能是一件用于家居装饰的精美摆件。鹿喜人间铜摆件可能成为家居或办公室装饰的焦点，展现独特的品味和文化修养。此外，它也可能是一份独特的礼物，展现着对接受者的祝福和美好愿望。这样的铜制摆件可以是一件收藏价值高的艺术品，展现着艺术家的创意和工匠的技艺。', '["https://web-framework-cwj.oss-cn-chengdu.aliyuncs.com/705c2610-5818-42df-9283-29bf2a084d3c.jpg","https://web-framework-cwj.oss-cn-chengdu.aliyuncs.com/0931a1ce-1793-45f7-8e43-81f896c97eab.jpg","https://web-framework-cwj.oss-cn-chengdu.aliyuncs.com/dd0437b4-72c8-40d7-aa99-48c1b755f25e.jpg","https://web-framework-cwj.oss-cn-chengdu.aliyuncs.com/b7d6de5f-7f11-4732-bc25-b18069c5ccf6.jpg","https://web-framework-cwj.oss-cn-chengdu.aliyuncs.com/3d867d0c-47d4-47fb-989b-dee48ab4fde4.jpg"]', '铜制', 1),
	(35, '2024-03-17 13:45:55', '2024-03-17 13:45:55', 23, 23, '乾隆八骏之腾雾', 10, 7, 3999.00, 20, 'https://web-framework-cwj.oss-cn-chengdu.aliyuncs.com/e272e1d4-a535-430a-8226-575d9b6c7eb4.jpg', '["https://web-framework-cwj.oss-cn-chengdu.aliyuncs.com/4efa5db9-5ea3-40b7-b1d2-9327c498eb34.jpg","https://web-framework-cwj.oss-cn-chengdu.aliyuncs.com/de631679-779d-47f8-92ce-ee9e884a4512.jpg","https://web-framework-cwj.oss-cn-chengdu.aliyuncs.com/037bb28c-a430-4e0e-9b97-076497a6699e.jpg","https://web-framework-cwj.oss-cn-chengdu.aliyuncs.com/d2cd6c74-2b64-422b-8029-7cdc08c1e1f5.jpg","https://web-framework-cwj.oss-cn-chengdu.aliyuncs.com/f70362b0-6d0f-4b4e-8cf2-bc80d1a5803d.jpg","https://web-framework-cwj.oss-cn-chengdu.aliyuncs.com/d17bb62e-30f3-4d3d-9b7b-d7f15bf373ab.jpg"]', '乾隆八骏之腾雾摆件是一件富有历史和文化价值的装饰品，以乾隆皇帝最喜爱的八骏为主题，由高品质的材料制成。这件摆件可能具有复杂的工艺和精湛的雕刻，展现了中国传统艺术的精髓。腾雾摆件可能是一件具有艺术价值的摆件，也可能是一件用于家居装饰的精美艺术品。它可能成为家居或办公室装饰的焦点，展现独特的品味和文化修养。此外，它也可能是一份独特的礼物，展现着对接受者的祝福和美好愿望。这样的摆件可以成为一件收藏价值高的艺术品，展现着艺术家的创意和工匠的技艺。', '["https://web-framework-cwj.oss-cn-chengdu.aliyuncs.com/93752b55-6125-41a8-860a-b7f5ada2a528.jpg"]', '限定', 1),
	(36, '2024-03-17 13:47:13', '2024-03-17 13:47:13', 23, 23, '云起龙腾铜摆件', 10, 7, 9999.00, 10, 'https://web-framework-cwj.oss-cn-chengdu.aliyuncs.com/86b9e63e-76a7-4431-8dd0-63f4006430f7.jpg', '["https://web-framework-cwj.oss-cn-chengdu.aliyuncs.com/8411a7eb-91cd-4e8d-9017-21d196109efd.jpg","https://web-framework-cwj.oss-cn-chengdu.aliyuncs.com/161a2153-920a-4e21-a1b6-f135b9ad0356.jpg","https://web-framework-cwj.oss-cn-chengdu.aliyuncs.com/36618daf-9e00-4c4d-8c70-0a7bd9f8bcb8.jpg","https://web-framework-cwj.oss-cn-chengdu.aliyuncs.com/2a8f1e45-4d88-46c3-b564-27ea6c4386f5.jpg","https://web-framework-cwj.oss-cn-chengdu.aliyuncs.com/6229a394-194b-4c51-b154-721f62c1e32b.jpg","https://web-framework-cwj.oss-cn-chengdu.aliyuncs.com/5185bb5d-9730-49fa-bff1-4dd440a0e9cd.jpg"]', '云起龙腾铜摆件是一种富有中国传统文化和神话元素的装饰品。通常以龙为主题，象征着权力、尊贵和吉祥。这样的铜制摆件可能展现了神龙腾飞的场景，具有较高的艺术价值和装饰性。它可能被用作家居装饰，也可能成为办公室或商业场所的装饰品，展现着东方文化的魅力。云起龙腾铜摆件可能被视为一种独特的礼物，传达着对接收者的祝福和美好愿望。这样的摆件还可能成为收藏者青睐的艺术品，展现着匠人的工艺和艺术家的创意。', '["https://web-framework-cwj.oss-cn-chengdu.aliyuncs.com/d46bf8c7-55c6-4c42-855b-2f98c2a77821.jpg","https://web-framework-cwj.oss-cn-chengdu.aliyuncs.com/223059ca-514a-4a7a-b2a1-074b715b1616.jpg"]', '限量发售', 1),
	(37, '2024-03-17 13:48:44', '2024-03-17 13:48:44', 23, 23, '宫蚕图卷笔记本系列', 12, 7, 99.00, 1000, 'https://web-framework-cwj.oss-cn-chengdu.aliyuncs.com/e7150df0-af17-46b9-895d-d9856da8174a.jpg', '["https://web-framework-cwj.oss-cn-chengdu.aliyuncs.com/d8890e31-a2a6-4f2c-9dc0-ef7ed5beb251.jpg","https://web-framework-cwj.oss-cn-chengdu.aliyuncs.com/df66b558-4d8e-40da-b2a8-f8546562831e.jpg","https://web-framework-cwj.oss-cn-chengdu.aliyuncs.com/e75b5001-3309-421b-99ab-ca7c4637337b.jpg","https://web-framework-cwj.oss-cn-chengdu.aliyuncs.com/dbef222f-2769-46fc-8684-c6523d99bd41.jpg","https://web-framework-cwj.oss-cn-chengdu.aliyuncs.com/32715945-3149-4abd-b673-2fe39f3e8312.jpg","https://web-framework-cwj.oss-cn-chengdu.aliyuncs.com/65d4f6f1-8ed2-456f-8a30-d0b4cb81d15e.jpg"]', '宫蚕图卷笔记本系列是一款以中国传统文化为主题的笔记本产品。它可能以宫廷蚕丝织物图案为设计灵感，采用精美的印刷工艺和高品质的材料制作而成。这个系列的笔记本可能具有古典美感，展现了中国传统文化的魅力，也可能是一种融合了现代设计元素的产品。宫蚕图卷笔记本系列可能被设计成不同尺寸和风格，以满足不同用户的需求。它可能成为书写、绘画或记录生活的工具，同时也可以作为一份独特的礼物，体现对接受者的美好祝愿。这个系列的笔记本可能因其独特的设计和高品质而备受欢迎，成为收藏者钟爱的文化艺术品。', '["https://web-framework-cwj.oss-cn-chengdu.aliyuncs.com/820487d5-6866-495f-80f9-d7415116d569.jpg","https://web-framework-cwj.oss-cn-chengdu.aliyuncs.com/1cd9767f-2226-45e3-a168-d82532b96aa2.jpg","https://web-framework-cwj.oss-cn-chengdu.aliyuncs.com/8e45bb4f-277e-4f28-8f58-0b20dd75c960.jpg"]', '', 1),
	(38, '2024-03-17 13:50:08', '2024-03-17 13:50:08', 23, 23, '兰亭雅集系列', 12, 7, 199.00, 1000, 'https://web-framework-cwj.oss-cn-chengdu.aliyuncs.com/d0653273-6196-4d5b-a6b7-29b9e0cbf634.jpg', '["https://web-framework-cwj.oss-cn-chengdu.aliyuncs.com/8c8d6e42-6add-4d39-93a2-edb61fd1b019.jpg","https://web-framework-cwj.oss-cn-chengdu.aliyuncs.com/b44bfcfb-17f0-43d3-ab80-57d00417a2b2.jpg","https://web-framework-cwj.oss-cn-chengdu.aliyuncs.com/8796e9df-501c-440b-8f7a-e66ddf5677de.jpg","https://web-framework-cwj.oss-cn-chengdu.aliyuncs.com/c86c68be-513a-4887-bf96-708f8b6590cf.jpg","https://web-framework-cwj.oss-cn-chengdu.aliyuncs.com/b3197438-54c8-4fcb-b4fa-b812b58a667c.jpg","https://web-framework-cwj.oss-cn-chengdu.aliyuncs.com/79ccc080-e22e-4d6d-98ba-9b32140a9324.jpg"]', '兰亭雅集系列是一种以兰亭集序为题材的文化创意产品系列。兰亭集序是中国古代书法家王羲之的代表作之一，也是中国书法史上的经典之作。这个系列可能包括书法作品的复制品、文化衍生品、文具用品等。兰亭雅集系列可能以兰亭集序的书法艺术为设计灵感，产品可能包括笔墨纸砚、书法作品、文具、装饰品等，展现了中国传统文化的魅力。这个系列的产品可能因其独特的设计和高品质而备受欢迎，成为收藏者钟爱的文化艺术品。兰亭雅集系列可能通过创意设计和精湛工艺，将中国传统文化与现代生活巧妙结合，展现了对中国传统文化的传承和创新。', '["https://web-framework-cwj.oss-cn-chengdu.aliyuncs.com/f9fac986-98b3-4dd7-b9c6-c7895dd15e11.jpg","https://web-framework-cwj.oss-cn-chengdu.aliyuncs.com/3d93e9e4-b4a6-4e35-89aa-80951d71c4dc.jpg","https://web-framework-cwj.oss-cn-chengdu.aliyuncs.com/91abc6bd-74f7-4928-9d4c-b300b8ae6718.jpg"]', '', 1),
	(39, '2024-03-17 13:51:35', '2024-03-21 15:29:02', 23, 23, '寻觅笔记本', 12, 7, 120.00, 2000, 'https://web-framework-cwj.oss-cn-chengdu.aliyuncs.com/55e73207-2f07-4589-a85e-30b6db74440a.jpg', '["https://web-framework-cwj.oss-cn-chengdu.aliyuncs.com/0c2e2c2b-8745-4ff2-806d-ba963a1887b4.jpg","https://web-framework-cwj.oss-cn-chengdu.aliyuncs.com/64d6b1d7-417d-4ceb-9a06-7480d7d1aef2.jpg","https://web-framework-cwj.oss-cn-chengdu.aliyuncs.com/eff7ed8c-a4af-4690-b304-bff1f60be7d8.jpg","https://web-framework-cwj.oss-cn-chengdu.aliyuncs.com/4a014eaa-ccd1-49bf-b763-cd8cd13c8fab.jpg","https://web-framework-cwj.oss-cn-chengdu.aliyuncs.com/675cf733-7a51-46e9-bd9b-28aaf90984e6.jpg","https://web-framework-cwj.oss-cn-chengdu.aliyuncs.com/4f93a4d7-9fbc-438f-93c7-06094bf38fbf.jpg"]', '寻觅笔记本是一种专为记录和规划生活的高品质笔记本。这款笔记本可能具有精美的设计，提供便捷的书写和记录体验。寻觅笔记本可能包括各种规格和风格，适合不同的使用场景，例如日常笔记、旅行记录、绘画创作等。它可能采用优质的纸张和耐用的封面材料，确保书写质感和长久保存。此外，寻觅笔记本可能包括便捷的书签设计、内部格栅或其他功能，以满足用户的各种需求。无论是作为个人使用还是送礼佳品，寻觅笔记本可能成为生活中不可或缺的伙伴，帮助记录生活点滴、激发创造灵感。', '["https://web-framework-cwj.oss-cn-chengdu.aliyuncs.com/81f977b5-c3b6-4e3c-8261-99e0c30d6fc0.jpg"]', '热销', 1),
	(40, '2024-03-17 13:53:10', '2024-03-17 13:53:10', 23, 23, '富贵吉祥葫芦瓶', 9, 7, 3988.00, 100, 'https://web-framework-cwj.oss-cn-chengdu.aliyuncs.com/baab1a64-a625-4b3d-8bb9-33ab6d17e0c9.jpg', '["https://web-framework-cwj.oss-cn-chengdu.aliyuncs.com/593f35a2-0a86-410a-886d-21922dd07ae9.jpg","https://web-framework-cwj.oss-cn-chengdu.aliyuncs.com/d2469980-e89b-4a6a-89ef-7f290570bdaf.jpg","https://web-framework-cwj.oss-cn-chengdu.aliyuncs.com/53fa7c88-44e2-40d7-8a9d-eea441b45aaf.jpg","https://web-framework-cwj.oss-cn-chengdu.aliyuncs.com/1d9c44fb-445b-4b0b-b988-40f4bc49d937.jpg","https://web-framework-cwj.oss-cn-chengdu.aliyuncs.com/867a1993-ea39-443b-bf99-e798ba15196f.jpg","https://web-framework-cwj.oss-cn-chengdu.aliyuncs.com/b0bb4f39-75b9-473f-b72b-ea6cc541c9f2.jpg"]', '富贵吉祥葫芦瓶是一种具有象征意义的装饰品，融合了中国传统文化中的“富贵”和“吉祥”元素。葫芦在中国文化中被视为吉祥、福气和长寿的象征，而“富贵”则代表着繁荣、财富和好运。这样的葫芦瓶可能采用精美的工艺制作而成，可能具有华丽的外观和精湛的细节雕刻。它可能被用作家居装饰，摆放在家中或办公室，以带来吉祥和繁荣的象征意义。富贵吉祥葫芦瓶可能也是一种受欢迎的礼品，传达对接受者的美好祝愿。这样的装饰品可能因其独特的设计和象征意义而备受青睐，成为收藏者钟爱的文化艺术品。', '["https://web-framework-cwj.oss-cn-chengdu.aliyuncs.com/82f39386-12ef-451c-b5b6-a4e0fe1729e8.jpg","https://web-framework-cwj.oss-cn-chengdu.aliyuncs.com/896d5131-6d6e-4316-94f5-fba5c431c86b.jpg","https://web-framework-cwj.oss-cn-chengdu.aliyuncs.com/b33b79d7-fa97-4791-9625-16692b7efcb2.jpg","https://web-framework-cwj.oss-cn-chengdu.aliyuncs.com/05ca7ccf-28fa-4586-9bfc-61dfbbfc5526.jpg"]', '', 1),
	(43, '2024-03-17 14:02:37', '2024-03-17 14:02:37', 23, 23, '千里江山茶盘', 9, 7, 3669.00, 100, 'https://web-framework-cwj.oss-cn-chengdu.aliyuncs.com/a1d3d276-3144-42e1-8bba-06e92ce835c7.jpg', '["https://web-framework-cwj.oss-cn-chengdu.aliyuncs.com/63c4f7c3-9f3c-46d5-aa08-08ad001644f9.jpg","https://web-framework-cwj.oss-cn-chengdu.aliyuncs.com/52ab92ca-15c4-4d3a-abae-739a000f9f29.jpg","https://web-framework-cwj.oss-cn-chengdu.aliyuncs.com/3a2f16a5-77af-4e03-911c-2dc91705b4a8.jpg","https://web-framework-cwj.oss-cn-chengdu.aliyuncs.com/1f0762b2-94f6-466f-b9fd-901cb8f86900.jpg","https://web-framework-cwj.oss-cn-chengdu.aliyuncs.com/57863d8a-e621-462f-b653-0631dd0acfb5.jpg","https://web-framework-cwj.oss-cn-chengdu.aliyuncs.com/b0f5c51d-1c0d-4a23-9081-3ccc9e3ffd83.jpg"]', '千里江山茶盘是一种传统的中国茶具，它的设计可能源自中国古老的文化和艺术。这款茶盘可能以其优雅的外观和精湛的工艺而著称。千里江山茶盘可能展现了中国山水画的意境，通过精细的雕刻和绘画，再现了壮丽的山川河流景色。它可能被设计为一个优雅的茶具陈设品，用于沏茶、品茶或展示。这样的茶盘可能备受茶道爱好者和收藏家的青睐，也可能成为一份独特的礼物，传达对接受者的美好祝愿。千里江山茶盘可能因其独特的设计和高品质而备受推崇，成为收藏者钟爱的文化艺术品。', '["https://web-framework-cwj.oss-cn-chengdu.aliyuncs.com/5012f7d9-65b4-45c6-9ba8-3dceebdeb6c6.jpg"]', '', 1),
	(44, '2024-03-17 14:04:18', '2024-03-17 14:04:18', 23, 23, '千里江山壶', 9, 7, 4599.00, 120, 'https://web-framework-cwj.oss-cn-chengdu.aliyuncs.com/07b1b158-7583-4674-aa76-19804f21501b.jpg', '["https://web-framework-cwj.oss-cn-chengdu.aliyuncs.com/81bf77fb-ceb7-40c3-afb1-487755e130ee.jpg","https://web-framework-cwj.oss-cn-chengdu.aliyuncs.com/4e5e84c3-d54a-40aa-8e46-2c7b930ef393.jpg","https://web-framework-cwj.oss-cn-chengdu.aliyuncs.com/e5de546b-3c64-4995-b426-9d0b23247a52.jpg","https://web-framework-cwj.oss-cn-chengdu.aliyuncs.com/cfdc0db1-0ea5-4ac3-889a-89c731b12591.jpg","https://web-framework-cwj.oss-cn-chengdu.aliyuncs.com/dbe9a7ca-4d2c-4770-9794-dcc7de204a06.jpg","https://web-framework-cwj.oss-cn-chengdu.aliyuncs.com/fde344a9-d775-4a9c-bbc7-00e99a1e73e7.jpg"]', '千里江山壶可能是一种具有中国传统文化特色的茶具。它可能以精致的工艺和独特的设计著称，展现了中国山水画的意境。这种茶壶可能被设计成外观优雅，结构精致，可能带有山水图案或者其他中国传统文化元素的装饰。千里江山壶可能成为茶道爱好者和收藏家们青睐的艺术品，也可能被用作沏茶、品茶或者展示。它可能因其独特的设计和高品质备受推崇，成为收藏者钟爱的文化艺术品。这样的茶具可能也是一份独特的礼物，传达对接受者的美好祝愿。', '["https://web-framework-cwj.oss-cn-chengdu.aliyuncs.com/a9fc8977-f30e-4592-b9d5-617d36cc81c3.jpg","https://web-framework-cwj.oss-cn-chengdu.aliyuncs.com/4c6357d3-125e-4ed8-a6e9-b913f3c5616e.jpg","https://web-framework-cwj.oss-cn-chengdu.aliyuncs.com/2903863b-3265-47cf-9911-1e7ca98ab674.jpg","https://web-framework-cwj.oss-cn-chengdu.aliyuncs.com/427f863f-aacc-46f9-b033-60e73e6037b4.jpg","https://web-framework-cwj.oss-cn-chengdu.aliyuncs.com/5f2a6301-5656-4e2c-a0c9-458f82d490f1.jpg","https://web-framework-cwj.oss-cn-chengdu.aliyuncs.com/05dd5c8f-df3d-463e-8bae-968434b76933.jpg","https://web-framework-cwj.oss-cn-chengdu.aliyuncs.com/3e1175dc-d82f-429e-9a84-5e021f0e3b1b.jpg"]', '', 1),
	(45, '2024-03-17 14:06:59', '2024-03-17 14:06:59', 23, 23, '清流乾坤海棠盘', 9, 7, 6899.00, 100, 'https://web-framework-cwj.oss-cn-chengdu.aliyuncs.com/74c80ae9-c583-45d8-9732-a877550a957e.jpg', '["blob:http://localhost:5174/6632d543-2517-45c5-b975-3ff8bb5949f5","blob:http://localhost:5174/4f7a39b4-8ddd-44a6-9576-20b5271ef267","blob:http://localhost:5174/d26814cc-1b94-406a-be89-21bd8de0f906","blob:http://localhost:5174/9e9c681c-97b9-4742-80be-993872b3d025","blob:http://localhost:5174/6583ebe4-4be3-4b9f-91a2-1691ed7b48ca","blob:http://localhost:5174/6f2569d3-7473-434d-b51e-6221a03c0a14"]', '清流乾坤海棠盘是一款精美的茶盘，它的设计灵感源自于故宫藏品元代王冕的“墨梅图”。盘内梅花含笑盈枝，展现出孤洁神韵，传递出“只流清气满乾坤”的志向。这款盘子采用了非遗传统工艺和朱氏釉彩铜技艺进行精制，铜材质具有抑菌性，经久耐用，健康卫生。它不仅可以搭配茶壶使用，还可以盛放糖果、点心等各种小物品，功能多样。这样的茶盘融合了传统工艺与现代实用性，展现出独特的文化价值和美感，是一件非常珍贵的艺术品。', '["https://web-framework-cwj.oss-cn-chengdu.aliyuncs.com/bfe6d27c-4288-4304-9945-01e3b3a23990.jpg","https://web-framework-cwj.oss-cn-chengdu.aliyuncs.com/606bef5f-3868-49b0-868e-83b0abf7a98a.jpg","https://web-framework-cwj.oss-cn-chengdu.aliyuncs.com/cfef65ec-62d8-4097-be78-fe611f8f3cc1.jpg","https://web-framework-cwj.oss-cn-chengdu.aliyuncs.com/d6e2ab95-491f-4317-98d0-5374b1f92697.jpg","https://web-framework-cwj.oss-cn-chengdu.aliyuncs.com/7e2683b6-1efb-44df-af86-f0386db167dd.jpg","https://web-framework-cwj.oss-cn-chengdu.aliyuncs.com/9a436c5e-2a64-4791-b3b7-80bf6a786225.jpg","https://web-framework-cwj.oss-cn-chengdu.aliyuncs.com/b7b76015-efad-4001-afea-67ab52cbcf83.jpg","https://web-framework-cwj.oss-cn-chengdu.aliyuncs.com/d003c4a1-9779-4d8d-a4c9-c4e7e80637c4.jpg","https://web-framework-cwj.oss-cn-chengdu.aliyuncs.com/25d767fb-5bc4-4a0e-882c-b7281407109a.jpg"]', '限定', 1),
	(46, '2024-03-17 14:42:30', '2024-03-17 14:42:30', 23, 23, '花开似梦系列线香', 11, 7, 199.00, 1000, 'https://web-framework-cwj.oss-cn-chengdu.aliyuncs.com/ea8bdf77-e6a0-431f-a09c-6fb25c8bf095.jpg', '["https://web-framework-cwj.oss-cn-chengdu.aliyuncs.com/e59dd3a1-9d77-4075-81af-f2b57566c85e.jpg","https://web-framework-cwj.oss-cn-chengdu.aliyuncs.com/b8c42c15-19b2-421b-8043-760a5a02b3b3.jpg","https://web-framework-cwj.oss-cn-chengdu.aliyuncs.com/3952651a-7c9f-4397-a3e1-d71491308694.jpg","https://web-framework-cwj.oss-cn-chengdu.aliyuncs.com/6070b572-805d-44c1-901d-4f82631ea535.jpg","https://web-framework-cwj.oss-cn-chengdu.aliyuncs.com/302b9058-5b53-4789-83f2-46d0d7b4c9dd.jpg","https://web-framework-cwj.oss-cn-chengdu.aliyuncs.com/2926704f-5506-4c9e-b4f3-ff137978f435.jpg"]', '花开似梦系列线香是一款精致的香氛产品，以清新的花香和梦幻般的气息而闻名。这款线香采用天然植物精油和优质香料制成，散发出迷人的花香，让人仿佛置身于花海之中。\n\n花开似梦系列线香有多种香型可供选择，包括玫瑰、茉莉、樱花等，每一种香型都有着独特的魅力，能够满足不同人的喜好。线香的包装设计精美，外观典雅，适合作为家居装饰，也是送礼的不错选择。\n\n使用花开似梦系列线香，可以为生活增添一丝浪漫和温馨的氛围，让人放松身心，享受宁静的时光。不仅如此，线香的持久香味也能够净化空气，改善室内环境，是一款非常实用的香氛产品。', '["https://web-framework-cwj.oss-cn-chengdu.aliyuncs.com/89847b13-c0b1-4c9a-8be5-58d38687ea63.jpg","https://web-framework-cwj.oss-cn-chengdu.aliyuncs.com/27dae475-6f03-4fcc-a195-f944d7685c79.jpg","https://web-framework-cwj.oss-cn-chengdu.aliyuncs.com/70a1a493-f38c-42f2-ac68-5fb37da17763.jpg","https://web-framework-cwj.oss-cn-chengdu.aliyuncs.com/f0553663-7347-4502-8d03-0908dc3c1b7f.jpg","https://web-framework-cwj.oss-cn-chengdu.aliyuncs.com/8d7eece6-cb1d-4e4c-8a4e-fea4a85ab463.jpg"]', '', 1),
	(47, '2024-03-17 14:43:57', '2024-03-17 14:43:57', 23, 23, '千里江山收纳盒', 11, 7, 299.00, 1000, 'https://web-framework-cwj.oss-cn-chengdu.aliyuncs.com/875e95ab-174e-49f0-99d8-83936f51fab4.jpg', '["https://web-framework-cwj.oss-cn-chengdu.aliyuncs.com/71e16c02-e0a9-4099-819a-2cf3e17ebb30.jpg","https://web-framework-cwj.oss-cn-chengdu.aliyuncs.com/1c6c021e-cb92-4903-8ba6-e11e0e97a72a.jpg","https://web-framework-cwj.oss-cn-chengdu.aliyuncs.com/ae47a0c4-d8fa-440d-8422-fb3e8c462b85.jpg","https://web-framework-cwj.oss-cn-chengdu.aliyuncs.com/f0266a2f-3c50-40ea-a6fb-0624055eeb83.jpg","https://web-framework-cwj.oss-cn-chengdu.aliyuncs.com/48256a76-a962-4c73-a55e-6bcacd3c069f.jpg","https://web-framework-cwj.oss-cn-chengdu.aliyuncs.com/6cfd67c4-3bb2-44df-b70d-04eb3ad65228.jpg"]', '千里江山收纳盒是一款设计精美的收纳盒，外观简约大方，采用高品质的环保材料制成，经久耐用。收纳盒的设计灵感源自中国传统山水画，以千里江山为主题，图案精美细致，寓意着广阔的胸怀和收纳空间。\n\n收纳盒内部结构合理，可以有效地分类收纳各种物品，如文具、首饰、化妆品等，让杂乱的物品有条不紊地摆放整齐。盒子的大小适中，方便携带和摆放，不占用过多的空间。\n\n千里江山收纳盒不仅能够让生活更加整洁有序，还可以作为家居装饰，增添一份文雅和艺术气息。无论是自用还是送礼，都是一款实用且具有美感的收纳盒。', '["https://web-framework-cwj.oss-cn-chengdu.aliyuncs.com/14a55185-7690-4fed-a70e-3560cf37730c.jpg","https://web-framework-cwj.oss-cn-chengdu.aliyuncs.com/5ee6019e-0cb8-46d1-a668-5ef2e5118b2c.jpg","https://web-framework-cwj.oss-cn-chengdu.aliyuncs.com/a7dbf287-6181-41c2-960d-bdb2719b6c4b.jpg","https://web-framework-cwj.oss-cn-chengdu.aliyuncs.com/dc203cc7-ed01-42d6-b12d-879e1de5cc0f.jpg","https://web-framework-cwj.oss-cn-chengdu.aliyuncs.com/ea62d11d-7ac6-446b-9d97-8caa4d4270d5.jpg"]', '', 1),
	(48, '2024-03-17 14:45:34', '2024-03-17 14:45:34', 23, 23, '山林清欢系列线香', 11, 7, 199.00, 1000, 'https://web-framework-cwj.oss-cn-chengdu.aliyuncs.com/c73daac0-13fe-43b9-9141-5da5957df79f.jpg', '["https://web-framework-cwj.oss-cn-chengdu.aliyuncs.com/3115f7bd-3074-4cc9-b5ce-8700ff82cd55.jpg","https://web-framework-cwj.oss-cn-chengdu.aliyuncs.com/34e62aab-8de8-408e-a491-d7fd729a80a4.jpg","https://web-framework-cwj.oss-cn-chengdu.aliyuncs.com/cf9df437-3c9e-4f15-9c10-2fc489398407.jpg","https://web-framework-cwj.oss-cn-chengdu.aliyuncs.com/3e51ee1d-82f7-46db-998a-45252aef3c3e.jpg","https://web-framework-cwj.oss-cn-chengdu.aliyuncs.com/dba4c698-e351-4d66-a119-fa66ec52068f.jpg","https://web-framework-cwj.oss-cn-chengdu.aliyuncs.com/033b8cd7-4cc0-4346-a61a-cabe598c39ca.jpg"]', '山林清欢系列线香是一款清新、自然的香气产品，散发出深入山林的芳香气息。这款线香选用了天然的植物香料和精油，打造出清新的松木、柏木和竹叶等独特的山林香气，让人仿佛置身于大自然之中。\n\n山林清欢系列线香具有持久的香味，能够有效净化室内空气，带来放松和舒缓的感受。线香的包装设计简约典雅，展现出清新自然的风格，适合作为家居香氛装饰，也是送礼的不错选择。\n\n使用山林清欢系列线香，可以为生活增添一份清新自然的气息，让人感受到大自然的宁静和舒适。这款线香不仅能够提升居室的氛围，还能够带来身心的放松和愉悦，是一款非常实用的香氛产品。', '["https://web-framework-cwj.oss-cn-chengdu.aliyuncs.com/a6ff6e56-4928-4dfd-a9d0-f4a2ef1ed543.jpg","https://web-framework-cwj.oss-cn-chengdu.aliyuncs.com/44ea03c8-b467-440d-86ae-e0a2f4ed900c.jpg","https://web-framework-cwj.oss-cn-chengdu.aliyuncs.com/fad16b37-0839-4c77-b44e-5b7a1d4a9e43.jpg","https://web-framework-cwj.oss-cn-chengdu.aliyuncs.com/da91b855-40c0-443c-8bed-fa947f288554.jpg","https://web-framework-cwj.oss-cn-chengdu.aliyuncs.com/d12cbbd6-0d22-463a-a1a0-181302a54a38.jpg"]', '', 1),
	(49, '2024-03-17 14:47:40', '2024-03-17 14:47:40', 23, 23, '喜悦如意收纳盒', 11, 7, 399.00, 500, 'https://web-framework-cwj.oss-cn-chengdu.aliyuncs.com/337295f0-3cca-4483-a5e4-aedf85c938f8.jpg', '["https://web-framework-cwj.oss-cn-chengdu.aliyuncs.com/f2cf5f0b-3e77-4f02-afc1-fcf2274e022a.jpg","https://web-framework-cwj.oss-cn-chengdu.aliyuncs.com/f4f8da3b-52fc-436b-84c5-cce3d51402cc.jpg","https://web-framework-cwj.oss-cn-chengdu.aliyuncs.com/e182942f-53d2-4d8b-8918-ff12061c6a9c.jpg","https://web-framework-cwj.oss-cn-chengdu.aliyuncs.com/f33a974e-4226-4446-b1ab-5bac91e26c0f.jpg","https://web-framework-cwj.oss-cn-chengdu.aliyuncs.com/a08ca233-effa-441a-ad57-dbe941a8a14a.jpg","https://web-framework-cwj.oss-cn-chengdu.aliyuncs.com/9c0132b6-7146-413b-b495-37f0712a8aa3.jpg"]', '喜悦如意收纳盒是一款设计精美的收纳容器，外观充满了喜庆和美好的意象。它通常采用优质的环保材料制成，具有良好的耐用性和质感。收纳盒的设计通常寓意着幸福如意，常常搭配一些吉祥图案或者祝福语，适合用来收纳珠宝、首饰、文具或其他小件物品。它不仅能够帮助整理物品，还能为居室增添一份幸福的氛围。这样的收纳盒在生活中也可以作为一份美好的礼物，用来表达对他人的祝福和关怀。喜悦如意收纳盒是一款设计精美的收纳容器，外观充满了喜庆和美好的意象。', '["https://web-framework-cwj.oss-cn-chengdu.aliyuncs.com/be6a0baa-e6ec-4045-acbf-8f0c2f42183d.jpg","https://web-framework-cwj.oss-cn-chengdu.aliyuncs.com/0d220c6e-3622-41db-8c73-08e2070bfc70.jpg","https://web-framework-cwj.oss-cn-chengdu.aliyuncs.com/e6d3a2f8-7cfb-477f-a25a-2de2fd35bf43.jpg","https://web-framework-cwj.oss-cn-chengdu.aliyuncs.com/31a62b7d-252a-49f9-ac0f-a4c94440b244.jpg","https://web-framework-cwj.oss-cn-chengdu.aliyuncs.com/f5afdaa5-1cd0-4a9e-a926-d5ba0080e6c1.jpg","https://web-framework-cwj.oss-cn-chengdu.aliyuncs.com/09182c1a-2426-473a-be53-2bc7aa14a361.jpg","https://web-framework-cwj.oss-cn-chengdu.aliyuncs.com/a0b9fa6b-de04-45fb-8cc0-50e75c7b8d53.jpg"]', '限定', 1),
	(50, '2024-03-17 14:49:07', '2024-03-17 14:49:07', 23, 23, '春玉满堂系列白玉首饰', 8, 7, 12999.00, 500, 'https://web-framework-cwj.oss-cn-chengdu.aliyuncs.com/efcdb559-f1f0-4390-b1f5-9ea25b61209a.jpg', '["https://web-framework-cwj.oss-cn-chengdu.aliyuncs.com/f91fdef1-d3c8-4b64-b80f-98870f993f63.jpg","https://web-framework-cwj.oss-cn-chengdu.aliyuncs.com/6ce52360-f1f6-4483-84ef-a5e0427566da.jpg","https://web-framework-cwj.oss-cn-chengdu.aliyuncs.com/d42c8d05-6ba9-42a8-91fe-f7d8da2c4ed8.jpg","https://web-framework-cwj.oss-cn-chengdu.aliyuncs.com/0571dfb4-3ce9-4406-9b98-7c5fe9f1e42a.jpg","https://web-framework-cwj.oss-cn-chengdu.aliyuncs.com/464a334d-72a9-4ffe-bfae-75af6d0a91e4.jpg","https://web-framework-cwj.oss-cn-chengdu.aliyuncs.com/241bafde-c9bd-4ae9-ba13-b4fd76fa1e2e.jpg"]', '春玉满堂系列白玉首饰是一系列精美的珠宝首饰，以白玉为主要材料，设计时尚典雅。白玉在中国传统文化中象征着纯洁和吉祥，因此这款首饰系列常常寓意着吉祥如意、幸福美满。首饰设计精美，包括项链、手镯、耳环等，每件都展现了高品质的工艺和精湛的设计。白玉的自然纹理和光泽使得每件首饰看起来独一无二，散发着迷人的光芒。这些首饰不仅适合日常佩戴，也是搭配正装的完美选择，展现出优雅与高贵。春玉满堂系列白玉首饰不仅能够提升整体气质，还能成为送礼的不错选择，传达祝福和美好的愿望。', '["https://web-framework-cwj.oss-cn-chengdu.aliyuncs.com/660a7c80-9e59-44bd-8506-7a31cd32a12c.jpg","https://web-framework-cwj.oss-cn-chengdu.aliyuncs.com/2eaf78a1-9c18-4f4e-98bc-32563497a68b.jpg"]', '玉石', 1),
	(51, '2024-03-17 14:50:22', '2024-03-17 14:50:22', 23, 23, '福禄迭至水晶手串', 8, 7, 8999.00, 300, 'https://web-framework-cwj.oss-cn-chengdu.aliyuncs.com/938f9eda-d219-467c-9981-5516a3cd1ca4.jpg', '["https://web-framework-cwj.oss-cn-chengdu.aliyuncs.com/ace49279-585f-4906-abbc-2e97020250e1.jpg","https://web-framework-cwj.oss-cn-chengdu.aliyuncs.com/3b0e18ca-0438-401b-b9e1-b7becb5fd31f.jpg","https://web-framework-cwj.oss-cn-chengdu.aliyuncs.com/862d251e-dc9f-42ff-8aa2-df72a905265b.jpg","https://web-framework-cwj.oss-cn-chengdu.aliyuncs.com/eff9105d-70e3-4eea-8ed3-d6e58f8e3d10.jpg","https://web-framework-cwj.oss-cn-chengdu.aliyuncs.com/6463282d-d8ce-44b0-8e93-ed389730ad14.jpg","https://web-framework-cwj.oss-cn-chengdu.aliyuncs.com/8e19a847-3ba7-4a8d-b037-9c3177f507bd.jpg"]', '福禄迭至水晶手串是一种具有独特寓意的手饰，以水晶材质制成，寓意着福禄寿喜齐至。水晶被认为具有净化和平衡能量的功效，能够带来积极的能量和好运。这款手串通常以细致的手工制作而成，每颗水晶珠都经过精心挑选，串成手链，展现出优雅的光泽和天然的美感。福禄迭至水晶手串不仅适合佩戴，还可以作为一种具有美好祝愿的礼物，传达对他人的祝福和关怀。佩戴这款手串可以让人感受到内心的宁静与平和，同时也能成为日常穿搭的点睛之笔，增添亮点和美感。', '["https://web-framework-cwj.oss-cn-chengdu.aliyuncs.com/02e2217d-ebd8-4ee1-8241-62f73e5ce363.jpg","https://web-framework-cwj.oss-cn-chengdu.aliyuncs.com/cabe2fc1-cd9d-4e1a-9cfb-e7570bec14ac.jpg"]', '限定', 1),
	(52, '2024-03-17 14:52:03', '2024-03-17 14:52:03', 23, 23, '福禄绵长系列白玉首饰', 8, 7, 15999.00, 100, 'https://web-framework-cwj.oss-cn-chengdu.aliyuncs.com/f63c99c4-db0c-4da4-8e69-50c575eeee44.jpg', '["https://web-framework-cwj.oss-cn-chengdu.aliyuncs.com/a4f85bae-1268-4620-8964-9f818018034d.jpg","https://web-framework-cwj.oss-cn-chengdu.aliyuncs.com/85c9a308-ac13-4db7-b1f3-ae87d6f19da3.jpg","https://web-framework-cwj.oss-cn-chengdu.aliyuncs.com/dce2872e-f713-4552-8092-2e3e36ecb0a2.jpg","https://web-framework-cwj.oss-cn-chengdu.aliyuncs.com/aa511794-138a-47f0-8d62-4f12c00ae619.jpg","https://web-framework-cwj.oss-cn-chengdu.aliyuncs.com/246d0908-555b-4638-b0b0-025f92740d42.jpg","https://web-framework-cwj.oss-cn-chengdu.aliyuncs.com/7781da3e-fd8b-4d58-96f8-40468358ce3b.jpg"]', '福禄绵长系列白玉首饰以白玉为主要材质制成，代表着幸福、富贵和长寿的象征。这一系列的首饰设计精美，包括项链、手镯、耳环等，每一件都展现了高品质的工艺和精湛的设计。白玉的自然纹理和光泽使得每件首饰看起来独一无二，散发着迷人的光芒。福禄绵长系列白玉首饰不仅适合日常佩戴，也是搭配正装的完美选择，展现出优雅与高贵。这些首饰不仅能够提升整体气质，还能成为送礼的不错选择，传达祝福和美好的愿望。佩戴这些首饰可以让人感受到内心的宁静与平和，同时也能成为日常穿搭的点睛之笔，增添亮点和美感。', '["https://web-framework-cwj.oss-cn-chengdu.aliyuncs.com/53f05f6a-8555-4afa-a6a0-c404af23d87a.jpg","https://web-framework-cwj.oss-cn-chengdu.aliyuncs.com/94785ffc-6b21-49ea-a61b-ad65291d7326.jpg"]', '限量', 1),
	(53, '2024-03-17 14:53:21', '2024-03-17 14:53:21', 23, 23, '事事如意系列首饰', 8, 7, 29999.00, 10, 'https://web-framework-cwj.oss-cn-chengdu.aliyuncs.com/b36c7166-78fd-4904-aa64-69cbf95609da.jpg', '["https://web-framework-cwj.oss-cn-chengdu.aliyuncs.com/e26b22ad-564e-4725-89de-375cd20c2388.jpg","https://web-framework-cwj.oss-cn-chengdu.aliyuncs.com/164cc097-993e-46ea-9ca4-98aeaad1958e.jpg","https://web-framework-cwj.oss-cn-chengdu.aliyuncs.com/680ace73-c1ad-4368-bdb6-4c90934bd1d5.jpg","https://web-framework-cwj.oss-cn-chengdu.aliyuncs.com/00d7c6a2-9527-4e5e-87a4-cb216f84b556.jpg","https://web-framework-cwj.oss-cn-chengdu.aliyuncs.com/06816834-96ab-4f31-916c-ef20fe2a1ee2.jpg","https://web-framework-cwj.oss-cn-chengdu.aliyuncs.com/864f8ddc-4fca-486d-8ea2-efd16ebb366a.jpg"]', '事事如意系列首饰是一款具有美好寓意的饰品系列，旨在传达吉祥如意、幸福美满的祝福。这一系列的首饰设计精美，通常以精致的工艺制成，包括项链、手镯、耳环等，每一件都展现了高品质的制作和精湛的设计。饰品常常搭配一些吉祥图案或者寓意吉祥的吉祥语，如如意、福禄寿喜等。这些首饰不仅能够提升整体气质，还能成为送礼的不错选择，传达祝福和美好的愿望。佩戴这些首饰可以让人感受到内心的宁静与平和，同时也能成为日常穿搭的点睛之笔，增添亮点和美感。', '["https://web-framework-cwj.oss-cn-chengdu.aliyuncs.com/9c974843-d74a-43bc-aaa9-31b945ff1fe7.jpg","https://web-framework-cwj.oss-cn-chengdu.aliyuncs.com/cf332234-d03d-4834-8693-778641f105eb.jpg"]', '限量', 1),
	(54, '2024-03-17 14:55:28', '2024-03-17 14:55:28', 23, 23, '鹤舞青松丝巾', 13, 7, 999.00, 1000, 'https://web-framework-cwj.oss-cn-chengdu.aliyuncs.com/3620e4f6-f5bc-44e4-9893-91684de73b99.jpg', '["https://web-framework-cwj.oss-cn-chengdu.aliyuncs.com/e02a8269-daa8-46ea-816f-75b56957293e.jpg","https://web-framework-cwj.oss-cn-chengdu.aliyuncs.com/872254c9-273c-4744-81aa-a756f26710fa.jpg","https://web-framework-cwj.oss-cn-chengdu.aliyuncs.com/f9371bd3-d127-4b0e-aa32-48b7e92e1d63.jpg","https://web-framework-cwj.oss-cn-chengdu.aliyuncs.com/e15d980d-927e-4f68-9817-1546c965fd28.jpg","https://web-framework-cwj.oss-cn-chengdu.aliyuncs.com/fbd6733f-0cc1-432c-b10f-d88df98acbd5.jpg","https://web-framework-cwj.oss-cn-chengdu.aliyuncs.com/b6884432-8115-4e76-a60a-837566193955.jpg"]', '鹤舞青松丝巾是一款精美的丝质面料制成的围巾，通常以鹤舞和青松等优美图案或者寓意吉祥的图案进行装饰。这款丝巾通常采用优质的丝绸材料制成，具有柔软光滑的手感和光泽。其设计灵感常常来自中国传统文化中的吉祥元素，如鹤和青松，象征着长寿、吉祥和幸福。这样的丝巾在日常穿搭中既能增添亮点，又能展现出优雅的气质。它不仅可以作为配饰搭配服装，还可以作为礼物送给亲朋好友，传达对他们的祝福和关怀。鹤舞青松丝巾的设计精美，寓意美好，是一款值得收藏和佩戴的精美饰品。', '["https://web-framework-cwj.oss-cn-chengdu.aliyuncs.com/d7ece9e0-79a2-4ef3-b5f6-e71848809262.jpg","https://web-framework-cwj.oss-cn-chengdu.aliyuncs.com/747d8bb1-6641-49c1-9d05-f95b9a8d721a.jpg","https://web-framework-cwj.oss-cn-chengdu.aliyuncs.com/b0e8c0b3-45a2-40ea-ac07-3752e29fb2bc.jpg","https://web-framework-cwj.oss-cn-chengdu.aliyuncs.com/040c2891-2638-4b44-b652-13b4bed45608.jpg","https://web-framework-cwj.oss-cn-chengdu.aliyuncs.com/706441e8-8eac-4fd0-a607-ae5acc789641.jpg","https://web-framework-cwj.oss-cn-chengdu.aliyuncs.com/277a223d-c5c2-409c-a609-4b3b3e6d74d9.jpg","https://web-framework-cwj.oss-cn-chengdu.aliyuncs.com/b278a9a2-c5a2-463c-9c4d-aa8af964376a.jpg","https://web-framework-cwj.oss-cn-chengdu.aliyuncs.com/5c2ee3c2-740a-4efc-9c67-1bdcd82a6fb0.jpg","https://web-framework-cwj.oss-cn-chengdu.aliyuncs.com/2826ec88-9270-4f64-afd1-41bd11a3bf89.jpg","https://web-framework-cwj.oss-cn-chengdu.aliyuncs.com/49677dec-d7a6-4bd9-ab29-948fe2c5b5c8.jpg","https://web-framework-cwj.oss-cn-chengdu.aliyuncs.com/5b9cafcc-d2c2-408e-8af8-6002ff5a4522.jpg","https://web-framework-cwj.oss-cn-chengdu.aliyuncs.com/ed022669-9878-4e65-9f76-2a373d0715ff.jpg"]', '真丝', 1),
	(55, '2024-03-17 14:57:09', '2024-03-17 14:57:09', 23, 23, '珍宝庄严丝巾', 13, 7, 798.00, 1200, 'https://web-framework-cwj.oss-cn-chengdu.aliyuncs.com/3a87a218-ba9e-41f5-a791-ddb8f674d43c.jpg', '["https://web-framework-cwj.oss-cn-chengdu.aliyuncs.com/09ba1cfd-17d1-4f37-b2c8-7e25b33f7158.jpg","https://web-framework-cwj.oss-cn-chengdu.aliyuncs.com/4437a70f-1e32-436c-9441-48078608a635.jpg","https://web-framework-cwj.oss-cn-chengdu.aliyuncs.com/1fb0b2fe-6706-4d1c-a855-eef4ed4c9b54.jpg","https://web-framework-cwj.oss-cn-chengdu.aliyuncs.com/202f1a04-bb48-4fd4-bf21-cc2341e540a1.jpg","https://web-framework-cwj.oss-cn-chengdu.aliyuncs.com/e8436800-fe73-49f3-bc74-35e96f3b227f.jpg","https://web-framework-cwj.oss-cn-chengdu.aliyuncs.com/6ef51c58-dd46-4120-a44e-996d5a7f1eb0.jpg"]', '珍宝庄严丝巾是一款精美的丝质面料制成的围巾，通常以庄严肃穆的图案和富丽堂皇的设计闻名。这款丝巾通常采用优质的丝绸材料制成，具有柔软光滑的手感和细腻的光泽。其设计常常融合了中国传统文化中的庄重元素和寓意吉祥的图案，如龙凤、寿桃等，展现出华贵和典雅。这样的丝巾在日常穿搭中既能增添亮点，又能展现出高贵的气质。它不仅可以作为配饰搭配服装，还可以作为珍贵的礼物，传达对亲朋好友的祝福和关怀。珍宝庄严丝巾的设计精美，充满着文化内涵，是一款值得收藏和佩戴的精美饰品。', '["https://web-framework-cwj.oss-cn-chengdu.aliyuncs.com/f3f5cc9d-3d07-4ff2-bd5f-1e698bdc23bc.jpg","https://web-framework-cwj.oss-cn-chengdu.aliyuncs.com/8e66bf0a-121c-4d24-b877-26e549556f04.jpg","https://web-framework-cwj.oss-cn-chengdu.aliyuncs.com/1144f86c-f9bf-4f4c-bd47-b7811710af57.jpg","https://web-framework-cwj.oss-cn-chengdu.aliyuncs.com/1b3a267d-ba11-47aa-af64-e5a5ba308e44.jpg","https://web-framework-cwj.oss-cn-chengdu.aliyuncs.com/e09d1be2-75c7-43d6-b084-821492001fbf.jpg","https://web-framework-cwj.oss-cn-chengdu.aliyuncs.com/4d4f042d-872b-475f-a25f-6286869d76e1.jpg","https://web-framework-cwj.oss-cn-chengdu.aliyuncs.com/096b62d3-62b4-4fd9-b287-312ec4b01793.jpg","https://web-framework-cwj.oss-cn-chengdu.aliyuncs.com/d0fcfd35-63e2-407d-8924-cc6e34afb8ec.jpg","https://web-framework-cwj.oss-cn-chengdu.aliyuncs.com/a86eb755-2b0c-49c8-9944-be63e509595e.jpg","https://web-framework-cwj.oss-cn-chengdu.aliyuncs.com/fc1eb87b-499a-4813-afe2-4637bead107d.jpg"]', '真丝', 1),
	(56, '2024-03-17 14:58:53', '2024-03-17 14:58:53', 23, 23, '珠光宝气丝巾', 13, 7, 1099.00, 1000, 'https://web-framework-cwj.oss-cn-chengdu.aliyuncs.com/e5c95952-941e-4f57-ad0f-0625cbccc335.jpg', '["https://web-framework-cwj.oss-cn-chengdu.aliyuncs.com/7188eb3f-6d3b-4e0c-9f46-16606a278733.jpg","https://web-framework-cwj.oss-cn-chengdu.aliyuncs.com/bedc010d-1aae-4cbe-a02c-42e4f5e42598.jpg","https://web-framework-cwj.oss-cn-chengdu.aliyuncs.com/ac9d4fc2-821c-476b-b003-864d6db95b3f.jpg","https://web-framework-cwj.oss-cn-chengdu.aliyuncs.com/c9eb82b6-d846-4a2f-a0b4-fa81130bf55b.jpg","https://web-framework-cwj.oss-cn-chengdu.aliyuncs.com/908761ee-b79b-4fd7-b835-652851b81454.jpg","https://web-framework-cwj.oss-cn-chengdu.aliyuncs.com/7247c651-4451-47a6-809e-a4d5d2bec66f.jpg"]', '珠光宝气丝巾是一款时尚华丽的丝质围巾，通常以精美的图案和璀璨的珠光设计而闻名。这款丝巾通常采用高品质的丝绸面料制成，手感柔软，光泽明亮。其设计常常融合了时尚元素和富丽堂皇的设计，如珍珠、宝石等，展现出华贵和典雅。这样的丝巾在日常穿搭中既能增添亮点，又能展现出高贵的气质。它不仅可以作为配饰搭配服装，还可以作为珍贵的礼物，传递对亲朋好友的祝福和关怀。珠光宝气丝巾的设计精美，充满着时尚魅力，是一款值得收藏和佩戴的精美饰品。', '["https://web-framework-cwj.oss-cn-chengdu.aliyuncs.com/bf5eeb02-0c5d-4404-b55d-bdfedc3b751f.jpg","https://web-framework-cwj.oss-cn-chengdu.aliyuncs.com/389e61a8-6548-4b36-8ba8-fabd609cef54.gif","https://web-framework-cwj.oss-cn-chengdu.aliyuncs.com/5d9941bd-f3ca-4b71-ad08-d239a8d2f14f.gif","https://web-framework-cwj.oss-cn-chengdu.aliyuncs.com/1025ea79-43f6-4555-9704-d642f0c2ea52.gif","https://web-framework-cwj.oss-cn-chengdu.aliyuncs.com/dc9a8289-794d-47c2-b10e-ce92afc29fb2.gif","https://web-framework-cwj.oss-cn-chengdu.aliyuncs.com/529d35f8-ea23-4a63-8698-aa31b9e4bbd7.gif","https://web-framework-cwj.oss-cn-chengdu.aliyuncs.com/d2cc7552-a4c3-420e-818b-5cad7722dd0e.gif","https://web-framework-cwj.oss-cn-chengdu.aliyuncs.com/7d68b359-e2ce-4d0a-81a1-4293a53850e0.gif","https://web-framework-cwj.oss-cn-chengdu.aliyuncs.com/ea3446d5-6302-43b2-93f6-69ba3c988547.gif","https://web-framework-cwj.oss-cn-chengdu.aliyuncs.com/80cbb922-48dc-4f68-9ce7-19cfaef6c062.gif","https://web-framework-cwj.oss-cn-chengdu.aliyuncs.com/05118a24-0913-4117-a029-4b1534f743ce.gif"]', '真丝', 1);
/*!40000 ALTER TABLE `product` ENABLE KEYS */;

-- 导出  表 wcg_mall.product_brand 结构
CREATE TABLE IF NOT EXISTS `product_brand` (
  `id` bigint(20) NOT NULL AUTO_INCREMENT,
  `create_time` datetime DEFAULT NULL,
  `update_time` datetime DEFAULT NULL,
  `create_user` bigint(20) DEFAULT NULL,
  `update_user` bigint(20) DEFAULT NULL,
  `name` varchar(50) COLLATE utf8_unicode_ci DEFAULT NULL,
  PRIMARY KEY (`id`)
) ENGINE=MyISAM AUTO_INCREMENT=8 DEFAULT CHARSET=utf8 COLLATE=utf8_unicode_ci;

-- 正在导出表  wcg_mall.product_brand 的数据：1 rows
/*!40000 ALTER TABLE `product_brand` DISABLE KEYS */;
INSERT INTO `product_brand` (`id`, `create_time`, `update_time`, `create_user`, `update_user`, `name`) VALUES
	(7, '2024-02-20 15:57:17', '2024-03-16 17:11:47', 23, 23, '故宫博物馆');
/*!40000 ALTER TABLE `product_brand` ENABLE KEYS */;

-- 导出  表 wcg_mall.product_category 结构
CREATE TABLE IF NOT EXISTS `product_category` (
  `id` bigint(20) NOT NULL AUTO_INCREMENT,
  `create_time` datetime DEFAULT NULL,
  `update_time` datetime DEFAULT NULL,
  `create_user` bigint(20) DEFAULT NULL,
  `update_user` bigint(20) DEFAULT NULL,
  `name` varchar(50) COLLATE utf8_unicode_ci DEFAULT NULL,
  PRIMARY KEY (`id`)
) ENGINE=MyISAM AUTO_INCREMENT=14 DEFAULT CHARSET=utf8 COLLATE=utf8_unicode_ci;

-- 正在导出表  wcg_mall.product_category 的数据：6 rows
/*!40000 ALTER TABLE `product_category` DISABLE KEYS */;
INSERT INTO `product_category` (`id`, `create_time`, `update_time`, `create_user`, `update_user`, `name`) VALUES
	(11, '2024-03-16 17:10:33', '2024-03-17 13:33:53', 23, 23, '工具'),
	(12, '2024-03-16 17:10:42', '2024-03-17 13:34:16', 23, 23, '笔记本/册'),
	(10, '2024-02-20 15:41:57', '2024-03-16 17:09:52', 23, 23, '摆件'),
	(8, '2024-02-20 15:41:43', '2024-03-17 13:33:25', 23, 23, '首饰/手串'),
	(9, '2024-02-20 15:41:49', '2024-03-17 13:33:43', 23, 23, '瓶/壶/盘'),
	(13, '2024-03-16 17:10:56', '2024-03-16 17:10:56', 23, 23, '丝巾');
/*!40000 ALTER TABLE `product_category` ENABLE KEYS */;

-- 导出  表 wcg_mall.product_color 结构
CREATE TABLE IF NOT EXISTS `product_color` (
  `id` bigint(20) NOT NULL AUTO_INCREMENT,
  `product_id` bigint(20) DEFAULT NULL,
  `value` varchar(255) COLLATE utf8_unicode_ci DEFAULT NULL,
  PRIMARY KEY (`id`)
) ENGINE=MyISAM AUTO_INCREMENT=3 DEFAULT CHARSET=utf8 COLLATE=utf8_unicode_ci;

-- 正在导出表  wcg_mall.product_color 的数据：2 rows
/*!40000 ALTER TABLE `product_color` DISABLE KEYS */;
INSERT INTO `product_color` (`id`, `product_id`, `value`) VALUES
	(1, 1, 'test_color'),
	(2, 1, 'test_color1');
/*!40000 ALTER TABLE `product_color` ENABLE KEYS */;

-- 导出  表 wcg_mall.product_discount 结构
CREATE TABLE IF NOT EXISTS `product_discount` (
  `id` bigint(20) NOT NULL AUTO_INCREMENT,
  `create_user` bigint(20) DEFAULT NULL,
  `product_id` bigint(20) DEFAULT NULL,
  `discounted_price` decimal(10,2) DEFAULT NULL,
  PRIMARY KEY (`id`)
) ENGINE=MyISAM DEFAULT CHARSET=utf8 COLLATE=utf8_unicode_ci;

-- 正在导出表  wcg_mall.product_discount 的数据：0 rows
/*!40000 ALTER TABLE `product_discount` DISABLE KEYS */;
/*!40000 ALTER TABLE `product_discount` ENABLE KEYS */;

-- 导出  表 wcg_mall.product_new 结构
CREATE TABLE IF NOT EXISTS `product_new` (
  `id` bigint(20) NOT NULL AUTO_INCREMENT,
  `create_time` datetime DEFAULT NULL,
  `create_user` bigint(20) DEFAULT NULL,
  `product_id` bigint(20) DEFAULT NULL,
  PRIMARY KEY (`id`)
) ENGINE=MyISAM DEFAULT CHARSET=utf8 COLLATE=utf8_unicode_ci;

-- 正在导出表  wcg_mall.product_new 的数据：0 rows
/*!40000 ALTER TABLE `product_new` DISABLE KEYS */;
/*!40000 ALTER TABLE `product_new` ENABLE KEYS */;

-- 导出  表 wcg_mall.product_statistics 结构
CREATE TABLE IF NOT EXISTS `product_statistics` (
  `id` bigint(20) NOT NULL AUTO_INCREMENT,
  `product_id` bigint(20) DEFAULT NULL,
  `sales_value` int(11) DEFAULT NULL,
  PRIMARY KEY (`id`)
) ENGINE=MyISAM DEFAULT CHARSET=utf8 COLLATE=utf8_unicode_ci;

-- 正在导出表  wcg_mall.product_statistics 的数据：0 rows
/*!40000 ALTER TABLE `product_statistics` DISABLE KEYS */;
/*!40000 ALTER TABLE `product_statistics` ENABLE KEYS */;

-- 导出  表 wcg_mall.shopping_cart 结构
CREATE TABLE IF NOT EXISTS `shopping_cart` (
  `id` bigint(20) NOT NULL AUTO_INCREMENT,
  `product_id` bigint(20) DEFAULT NULL,
  `user_id` bigint(20) DEFAULT NULL,
  `number` int(11) DEFAULT NULL,
  PRIMARY KEY (`id`)
) ENGINE=MyISAM AUTO_INCREMENT=73 DEFAULT CHARSET=utf8 COLLATE=utf8_unicode_ci;

-- 正在导出表  wcg_mall.shopping_cart 的数据：5 rows
/*!40000 ALTER TABLE `shopping_cart` DISABLE KEYS */;
INSERT INTO `shopping_cart` (`id`, `product_id`, `user_id`, `number`) VALUES
	(72, 34, 32, 1),
	(71, 39, 32, 1),
	(70, 36, 32, 1),
	(69, 35, 32, 1),
	(68, 37, 32, 1);
/*!40000 ALTER TABLE `shopping_cart` ENABLE KEYS */;

-- 导出  表 wcg_mall.user 结构
CREATE TABLE IF NOT EXISTS `user` (
  `id` bigint(20) NOT NULL AUTO_INCREMENT,
  `create_time` datetime DEFAULT NULL,
  `update_time` datetime DEFAULT NULL,
  `username` varchar(50) COLLATE utf8_unicode_ci DEFAULT NULL,
  `nick_name` varchar(50) COLLATE utf8_unicode_ci DEFAULT NULL,
  `email` varchar(50) COLLATE utf8_unicode_ci DEFAULT NULL,
  `password` text COLLATE utf8_unicode_ci,
  `phone` varchar(11) COLLATE utf8_unicode_ci DEFAULT NULL,
  `avatar` varchar(255) COLLATE utf8_unicode_ci DEFAULT NULL,
  `status` int(11) DEFAULT '1' COMMENT '1:普通用户  2：卖家  3：管理员',
  `state` int(11) DEFAULT '0',
  PRIMARY KEY (`id`)
) ENGINE=MyISAM AUTO_INCREMENT=35 DEFAULT CHARSET=utf8 COLLATE=utf8_unicode_ci;

-- 正在导出表  wcg_mall.user 的数据：2 rows
/*!40000 ALTER TABLE `user` DISABLE KEYS */;
INSERT INTO `user` (`id`, `create_time`, `update_time`, `username`, `nick_name`, `email`, `password`, `phone`, `avatar`, `status`, `state`) VALUES
	(32, NULL, NULL, '陈韦江', 'cwj12', '1774532899@qq.com', 'iUpB315mHr9gKct7CNhrYEkhzdatKqblH8plkNyDDun68EzNbANoP2sFkRqBDr78S/Dsw3SGhjjX/zuwXpDANhIMptVsvgEQeelzofGhZBEojGenOXalgVLMg1P2WJrwzqAb0kWbCvUjJl+7Y0nvXd4vXkt12KNPP3qUPrA6oh8iPWimwYEv0Ywre8ypLH1dL0XQbHkOl33kzvmkSzJZEHlgOykKUdOVTPO+WZDFUvCw3jSeivyaEBcRcjIfssMvFkEItZVRi5UVCmtOPUe6AOUye8+5XgCk3/pI8Cbu5FfrTXx1ghBG1fAcf3ieMOVQ6jkc8kW8tWyzH8B04ydkkg==', '18223354992', 'https://web-framework-cwj.oss-cn-chengdu.aliyuncs.com/34d309dd-9180-4e0b-8e3c-aeb6f54498ed.jpg', 1, 1),
	(23, NULL, NULL, '管理员', 'admin', '2897656259@qq.com', 'iBAFH7w5EnKi9Z1xGF4z6ZjQe0pakU/0q77iDWNmYPdCRw/884faxnCJckTl6fJD8fuUl3Y5+36tp8slFmozNL9jXHBdPfFQf1Q0TUabn8sdURGbBtOnGmPLm+Nu3rPuSkdtFLJsou1g6wHkvR6Ot6b4gtwFC+75IPwATH7CD87FSRHqTGyScZ/DcofIfLMCFD5zTdytyZu1vG0WNPx9VAiwaFe0rq9bGQhL0aKqxZytk0DuoBR+1dgZeD2dtsNFDMXJpMQbNQg0/nk7drKo9amdqmGxsI/UHYMDtzokg/OcdqqonOhZLtFYD6BvCpozXLojYuvwmoAFoh5UY59rSQ==', '13290010295', 'https://web-framework-cwj.oss-cn-chengdu.aliyuncs.com/c86c8b31-2ffa-4d77-ae13-b1603be36fde.jpg', 3, 1);
/*!40000 ALTER TABLE `user` ENABLE KEYS */;

-- 导出  表 wcg_mall.user_wish_list 结构
CREATE TABLE IF NOT EXISTS `user_wish_list` (
  `id` bigint(20) NOT NULL AUTO_INCREMENT,
  `user_id` bigint(20) NOT NULL,
  `product_id` bigint(20) NOT NULL,
  PRIMARY KEY (`id`)
) ENGINE=MyISAM AUTO_INCREMENT=47 DEFAULT CHARSET=utf8 COLLATE=utf8_unicode_ci;

-- 正在导出表  wcg_mall.user_wish_list 的数据：4 rows
/*!40000 ALTER TABLE `user_wish_list` DISABLE KEYS */;
INSERT INTO `user_wish_list` (`id`, `user_id`, `product_id`) VALUES
	(46, 32, 41),
	(45, 32, 39),
	(44, 32, 36),
	(42, 32, 33);
/*!40000 ALTER TABLE `user_wish_list` ENABLE KEYS */;

/*!40101 SET SQL_MODE=IFNULL(@OLD_SQL_MODE, '') */;
/*!40014 SET FOREIGN_KEY_CHECKS=IF(@OLD_FOREIGN_KEY_CHECKS IS NULL, 1, @OLD_FOREIGN_KEY_CHECKS) */;
/*!40101 SET CHARACTER_SET_CLIENT=@OLD_CHARACTER_SET_CLIENT */;
