-- --------------------------------------------------------
-- 主机:                           127.0.0.1
-- 服务器版本:                        5.7.26 - MySQL Community Server (GPL)
-- 服务器操作系统:                      Win64
-- HeidiSQL 版本:                  11.0.0.5919
-- --------------------------------------------------------

/*!40101 SET @OLD_CHARACTER_SET_CLIENT=@@CHARACTER_SET_CLIENT */;
/*!40101 SET NAMES utf8 */;
/*!50503 SET NAMES utf8mb4 */;
/*!40014 SET @OLD_FOREIGN_KEY_CHECKS=@@FOREIGN_KEY_CHECKS, FOREIGN_KEY_CHECKS=0 */;
/*!40101 SET @OLD_SQL_MODE=@@SQL_MODE, SQL_MODE='NO_AUTO_VALUE_ON_ZERO' */;

-- 导出  表 wcg_mall.address_book 结构
CREATE TABLE IF NOT EXISTS `address_book` (
  `id` bigint(20) NOT NULL AUTO_INCREMENT,
  `user_id` bigint(20) DEFAULT NULL,
  `consignee` varchar(20) COLLATE utf8_unicode_ci DEFAULT NULL,
  `consignee_address` varchar(500) COLLATE utf8_unicode_ci DEFAULT NULL,
  `consignee_phone` varchar(11) COLLATE utf8_unicode_ci DEFAULT NULL,
  `default` int(11) DEFAULT '0',
  PRIMARY KEY (`id`)
) ENGINE=MyISAM AUTO_INCREMENT=14 DEFAULT CHARSET=utf8 COLLATE=utf8_unicode_ci;

-- 正在导出表  wcg_mall.address_book 的数据：3 rows
/*!40000 ALTER TABLE `address_book` DISABLE KEYS */;
INSERT INTO `address_book` (`id`, `user_id`, `consignee`, `consignee_address`, `consignee_phone`, `default`) VALUES
	(10, 32, '杨健', '重庆市涪陵区', '13290010295', 0),
	(2, 32, '陈韦江', '重庆市涪陵区白涛街道', '18223354992', 1),
	(11, 32, '陈佑强', '重庆市涪陵区白涛街道', '18225111623', 0);
/*!40000 ALTER TABLE `address_book` ENABLE KEYS */;

-- 导出  表 wcg_mall.key_pairs 结构
CREATE TABLE IF NOT EXISTS `key_pairs` (
  `id` bigint(20) NOT NULL AUTO_INCREMENT,
  `user_id` bigint(20) DEFAULT NULL,
  `public_key` text COLLATE utf8_unicode_ci,
  `private_key` text COLLATE utf8_unicode_ci,
  PRIMARY KEY (`id`)
) ENGINE=MyISAM AUTO_INCREMENT=27 DEFAULT CHARSET=utf8 COLLATE=utf8_unicode_ci;

-- 正在导出表  wcg_mall.key_pairs 的数据：25 rows
/*!40000 ALTER TABLE `key_pairs` DISABLE KEYS */;
INSERT INTO `key_pairs` (`id`, `user_id`, `public_key`, `private_key`) VALUES
	(2, 8, 'MIIBIjANBgkqhkiG9w0BAQEFAAOCAQ8AMIIBCgKCAQEAzLFlCTntm5XU7f3a6d1aM4dduhtuXCjy05DXD8SqxbK/jNDLO9bkPaAijLhdTe8nQTmf3vJvBMVENk7Rq8S90BEgJfhcc15da1CUBy/MqgBTRQ8mfYIktwBxQ4bUJgsZ9K6oCrrGLoUnIT0j0YqNp+PdM5PRlubZ3kFZpFytkFbw/is8quBFKjSn/Ly/11Mxs11qt0cbctR4xDbY3bAzAyfuqeUASGneDTJrWvyGmkdK+QuekPOsor1edlTH8MpQPGqAGROt+CgFAnVsbtGSF38o19OcMuNmPMN9hCmtGdF0+xc5PL1szSlOwrEfeYWja6/ixRje9QvMtihT/JwGPwIDAQAB', 'MIIEvgIBADANBgkqhkiG9w0BAQEFAASCBKgwggSkAgEAAoIBAQDMsWUJOe2bldTt/drp3Vozh126G25cKPLTkNcPxKrFsr+M0Ms71uQ9oCKMuF1N7ydBOZ/e8m8ExUQ2TtGrxL3QESAl+FxzXl1rUJQHL8yqAFNFDyZ9giS3AHFDhtQmCxn0rqgKusYuhSchPSPRio2n490zk9GW5tneQVmkXK2QVvD+Kzyq4EUqNKf8vL/XUzGzXWq3Rxty1HjENtjdsDMDJ+6p5QBIad4NMmta/IaaR0r5C56Q86yivV52VMfwylA8aoAZE634KAUCdWxu0ZIXfyjX05wy42Y8w32EKa0Z0XT7Fzk8vWzNKU7CsR95haNrr+LFGN71C8y2KFP8nAY/AgMBAAECggEAYKSu5fTGRSuwXW96UOm0QVj7vTdfWz7wK0ia6bR6xp3XB6a7FfUnTRtSxKr1TqsIFykcXNiM5y02QAflwdpBnj+/tH23NLdMlzLzuRLt6CQALL5y91YffJHGaFH7zzx1lEt0RqCZmnQ+ndhulWv75tVUZpo3ni4/lkq3hr1FKzywDJ2fAZ7bz+b3gyFUAFilZtZ9Qq/THz18FFr1g3NGegrFJmZ3qRLVWzIvpLi5RXQYo5AUL2OZ/Eb2pso2VaDuF1u/04MfC/YzjhtJqszorhRGm8FPSHwtu8pjkqgWS5O4VQgRD6c11fnp7pJ1deyOpzX2RK2uR/Ai+/HEo2ReoQKBgQD8/6R9JOoFyNz7zyXj3VXdeqbVka1eV2VH7WlEd5Wdw58Qq7lm1nKq8sUIIPjw6a1tPeMF25wQAiMrtD9End9qDfJ4hL/TrgjKCxoGSHjma1oIo111ALs2xStfemG7WvMpgnb5yPSdtjL/ycvXT3r5L6A0JndcExjcV9Thb0x1HwKBgQDPHww3yafz5UfGorm+NzL8/84yv++o3q+ZzAB1Rmfwo0XPQJrVu7G1K1VqroVxuU9VmE4W7YMeXAydsaqk8bgoEH7g4vqqMxyQ79Rbr/UWfZQYcscM2de/4CtKPy4xEJSe73dQfEQ8ZG6qq7OUQGmuKYpPjpfjvhnZdF9dWI4q4QKBgQC1PN002RDce/vyV36pMZGlS4vgSq+LecgQMr7KUXBYyB5W7u2uAcm7NJZ5MEWlL4ERVNghBiVSQnW3hTQdj4rQipU8SLyyg2XAdxt5jMkvJ5AjyAPXIWL75Vsg1qbUdF7lSZS5c3/oyvDV1FW2NDW/9KIrObMfvn58ul7B790xuQKBgHLRyGko3nWjtl2Umhmr6hU9DicuJgLcqEY/REW/KSHKsYmKTAuOiJ5hjnGcnBeGXkeaLjghpR1wdAH7mxjjc26qblvnGIS/3ucuPPAzJFA6f53qCxTBswwIjpcTXV0PzwQoxmEU8pL0LjFpDB10c+F739PovaUgHp5hF/jcfbuhAoGBAO3eBqV6cwVv22xCYWH5DL+deQpNzi4XSNq9Zc+fs+zc4Xiv2s+6gLhkRiUFdlnPmcq2ROrmuMtKArEvnzOEbSblJcGk4Sq6dIqmSc6N21tN2O3D9B/hXpGszx4wn4XuvWbUxCvtErPqL1PoZvP33DizRQRKrXMVDEgzZysysdnM'),
	(3, 9, 'MIIBIjANBgkqhkiG9w0BAQEFAAOCAQ8AMIIBCgKCAQEAm0qUz9CpG1dKTDbJmVCLqFiKmRKKJ829vfAFt/O0g5iDU67PR3INvZM8Hp4LCwNGhrY3cb78n3os3Q6yByx63356aGFepnv5fJBqCj79VcFCdOVOO4wrJc9TKGlHGgdSlrV7d8hxdYkJ54c5pDQr9VXn1P/4cIZ0DR//sHYA3GkLza9c1WjA/I2SLpaphXOUJXXY5k4vlu50pJrmEaR66FT0b9Skch7DUfqcPCNxn5lH8YyGhHJztlO6hwU9gwgRFXHEBMRrvSJiCCvVezurBugeaoKLBciXJkUHiHyOw2eSSiooV6iouNfoTrN1HEsufdznNuIi68wIUD4mGI62QQIDAQAB', 'MIIEvgIBADANBgkqhkiG9w0BAQEFAASCBKgwggSkAgEAAoIBAQCbSpTP0KkbV0pMNsmZUIuoWIqZEoonzb298AW387SDmINTrs9Hcg29kzwengsLA0aGtjdxvvyfeizdDrIHLHrffnpoYV6me/l8kGoKPv1VwUJ05U47jCslz1MoaUcaB1KWtXt3yHF1iQnnhzmkNCv1VefU//hwhnQNH/+wdgDcaQvNr1zVaMD8jZIulqmFc5QlddjmTi+W7nSkmuYRpHroVPRv1KRyHsNR+pw8I3GfmUfxjIaEcnO2U7qHBT2DCBEVccQExGu9ImIIK9V7O6sG6B5qgosFyJcmRQeIfI7DZ5JKKihXqKi41+hOs3UcSy593Oc24iLrzAhQPiYYjrZBAgMBAAECggEABOa/OKnw1HSWWz51cXnZ1pfo0/kCVExJm1eajppKDcdACeGgGDSw21Vs1diOJ6xUSwcwS85H4e60wMtochKE1E4FJgtAtgd+seBLAITJcS3234KnS/jaGcjn6oQcIuWtRSV4Pqkcb6XCIsUhXB3rb0RlW1My77ZGrm1eoB6xW0OG7KIl0J4697fWyrj3Pl9COYnZAjrhiRf679MWBtwGBA4z3KjzUVHxkM0UfbT6QlIgS4Py3WIGVLDAr9z2JK13qVKYgOBbRoYzFiNB/GqlVB4EneHGtzYpW1gYxVk66aX5nBGh3uMGVkXBzDWGpIwb5TFP+BjsAy7EK4jlgLb7GQKBgQDNyrkxMALdJye3JFExXpYKEOrXyDcWrUhNdyQYYlcYQlWopNAsfU6r9650BTngEi8b7om4sk5ZSjzcmIvCHCrCL7qcSe6YBBv/74Rbjn5QX4Q7FWW4cHdh67Su4/+3ZDo51X/UMHkOwKe4jR7TsDdiZgCQLALHAX3ou0u48/KhtQKBgQDBLbZQ7VwKVGaY0f1xzFVztF8gDFgZ2BKwFOUH+6geIwfoXjFVs+3+YnKcVC+PSatxDY/366ZGBXsg7xMxUEOtuXBipMLfbtVMVaA4jqoz4lHKOKkn2zIS0oxfJZIItKXrOyX5P4SZASY3D/F4QzR6MBeaAikrQ6BRqvfd/9rJ3QKBgHchu1GZPJ8wEpK36HTPD8amAn2GPzXWfHuz0+Z1z3uQsyvctVJ7+/YbfRdXCykG/dSKo5mTRz3zdwYxHP7y9WHS5ZGiTwgboOXpj1K9S6xVjyPxACDkoofCPqfb/2X4FKj0SnrY0MvUhYOV1lmvsnA5ImxTvgvcdjorauuX9UbdAoGBAL6LG1DZvzaFJ6nHPyl3NjZpjIatBl1/jndWNM7aAGqxfQRLnHf/gVmwu4HNXBgGv29ExGPzcU+R6nCCwLichhUeW2dBQuJmjUe9EcuXlPSWYLyJhPhGMi70tPbItTGXFi1fa0Zdy6mrw4j+Vdyc1W9Mbos/ZGJDUyga7mBwFNuVAoGBAKNRBsxE85kPDR70coFHdaKUkpwlj1CIS8LALaPpEfxHokysgffzz4M0xPxKJPRkfbUJtP6a3CmK1V93eDsTwkentDS7v90BP0oYcmTrXCYq28v9KvIXg9nMhE2yfsIo5kK5DCpaEjypLQxijoak1F+vRHbeznAomOmn88sNgKgL'),
	(4, 10, 'MIIBIjANBgkqhkiG9w0BAQEFAAOCAQ8AMIIBCgKCAQEAs2Bh6mgHBBgNQMCW7Yf70so8dn1sVFJ3EEYgEcikmoTmQZFKk8tppMVIkcmJAaDQNcv2iQ/zLmsMEUyYJ8v8inrD9W/arRC3SuYRE0usaD8W14xB6/ZoQj9B2lh5kMoYm+5PjGQzqmS425HyE2hpWlHq8eNP196oo4chOALGHPUtgwUz7NCjcQbBei7SblfMxXqjmbQxoBPk2/yx+nQtOfCgt/Bfbqbx+e5HlbfMy27uVbCPzgtvxuNDiI1K/kJGKRaCsJ2f8m3A01gZIK0K9cK4XjnqPXoWkgRlGIdJoYSUQ7Os67ikcfQ99si15SnhTyhq+YE37OYUsHqSgI30ZwIDAQAB', 'MIIEvQIBADANBgkqhkiG9w0BAQEFAASCBKcwggSjAgEAAoIBAQCzYGHqaAcEGA1AwJbth/vSyjx2fWxUUncQRiARyKSahOZBkUqTy2mkxUiRyYkBoNA1y/aJD/MuawwRTJgny/yKesP1b9qtELdK5hETS6xoPxbXjEHr9mhCP0HaWHmQyhib7k+MZDOqZLjbkfITaGlaUerx40/X3qijhyE4AsYc9S2DBTPs0KNxBsF6LtJuV8zFeqOZtDGgE+Tb/LH6dC058KC38F9upvH57keVt8zLbu5VsI/OC2/G40OIjUr+QkYpFoKwnZ/ybcDTWBkgrQr1wrheOeo9ehaSBGUYh0mhhJRDs6zruKRx9D32yLXlKeFPKGr5gTfs5hSwepKAjfRnAgMBAAECggEAHTxMyTE6T4MCCfc5wi4jL5hxoVhQ4y9ro3XifTOIDH0zsCUXlB4XsljLOqOv1lmZBeOf43f7iSm+VkV3GSlomENpE+Qurn1memkkCFKRn44E0Y3VIrnPBVkdCRLZgW1G9IczZOzh9Ngkvvi7DUm7vhJS6ijD1ym9r6VzFxdwpcBTt38CCFnLA/dXdf7z4/9gI9a7+W0BpqmBBZ+pXPS4JyIxmV90NDEMtHr+b1A+s3J9L6i/FPKJq2Rr16R6OfYAc18cDTvgiYliPi/RKxMJum2c8W8AztvLhUmkcpjkYPMs5bU+uL+ER4Hf4nT5Zgz8RS/+CJ1p+mi2ekd1lmodNQKBgQD09yGREDS4vzcTjHaa965aUiDpEbOLwssgXpMf8+Ps86E1iJJH34lA4gP4nPyxB7rSpw0A0VaTppVM8BZC8nDVK+/aITBrN2adpd7K1XAbS27FP7CnkEoNpEHhqFXEVAIfVYW4XoDxgQwGgRF5BcaoDYe0zHwwZcjRk6AyeD1BnQKBgQC7dOZX/kZASQtbsNu52vrh7SoD9hgJnBE1WIwYP4fAlXCbYWJ88lHn2DUDvq3nCH7NlU7IW9PMTEHavqkBTQ/aShtGryLd6dMffz8neHI7FtpSaN6+aGOKykkFTtLda4bMYzejtlOhqRZX1LL2k+hHZ4+L0v13N3r/n2zKbG5g0wKBgQDQkBBeJ8Qbf4Hu/OqGalZhxAcNKOsLFWBIQP1WeRoXxh39LDgPRXzgZw4mf9KNDx26+EuT5Kensm7vQIJToYL7nBrsRtGol1Sg6HZVj3+RXZoECoPnRmwmTTFiZSYQr83Wy8O8A4oZFFwetYkg1xAaSNq/zlH2CtL9zIjaL5FH6QKBgDY8Bxy0O30D5R5dF+U4vtc4t6w3uhKlrbDicn3de5gzZEYAMe92aE4MlqIDu+qY4Z73MLj1IFz+PxtbiCgRNKHySNv1dcAAk42MUihIR7xiyz2Gi9NI/mu8RM4dVRKstm5R0loyORYPhqBYsIJ4nn5yLuzEWYLxcUudw2r5XiHzAoGAEf/VxZtF8fGrgYImqA/Bl4XlHR/XmkgHVUQSKXwFYf77d+hQhmHfXcS0kJZlB1wMetx8PM7kaCJ3WwFP8kgIHmLRiZyh/Gzle8txAMMj48GdgZMUFHqI2FBNWChzk9uKltfZ0CdlgPptJS1uIVHG8HSacUJ4//f7hWfdi/ch5k0='),
	(5, 11, 'MIIBIjANBgkqhkiG9w0BAQEFAAOCAQ8AMIIBCgKCAQEA00HWishcUK0ZolKLDgZ4qIDwePH3jvDfQqGut1igkpRtN7cPt0pyiS4MbF/rd8zfkqw1/Xy4G1mjtrs3NiaMWrYdNegWZZOvThslLHY5nTehbE8k0xokCxLAqLd7s0DQYWnVEUA6uyPMOzqP6yGoOHEuTsF9U03W/yLMd2rK9KFsI6qJxmqsufMtxttNIrrnXmPYEjJqOYM1jq6+f7CvSE1aTdEjuuRMB1Yr13V3eC0GGAgtUbQRKgGpuYTfTt6+jACAkEhUIfV8N/IyIoHJAB843kxgDtyh8PVARZtEM8zwVqy700Nz4BL7Mjmetgl571eeOy95xx1JZE2Mi+bT0QIDAQAB', 'MIIEvAIBADANBgkqhkiG9w0BAQEFAASCBKYwggSiAgEAAoIBAQDTQdaKyFxQrRmiUosOBniogPB48feO8N9Coa63WKCSlG03tw+3SnKJLgxsX+t3zN+SrDX9fLgbWaO2uzc2Joxath016BZlk69OGyUsdjmdN6FsTyTTGiQLEsCot3uzQNBhadURQDq7I8w7Oo/rIag4cS5OwX1TTdb/Isx3asr0oWwjqonGaqy58y3G200iuudeY9gSMmo5gzWOrr5/sK9ITVpN0SO65EwHVivXdXd4LQYYCC1RtBEqAam5hN9O3r6MAICQSFQh9Xw38jIigckAHzjeTGAO3KHw9UBFm0QzzPBWrLvTQ3PgEvsyOZ62CXnvV547L3nHHUlkTYyL5tPRAgMBAAECggEASimfxoLGHbBXAmwV0uukqgrx4JOZQ739sqeN7WGYpTykBt4mD0N8Z/oZdGZMBHeQuS3pmj6RZ1CVr42TuVfZB/NM1+LNEgXBkhrndu9eFHo2Gg7Cr7VKl/SSW+hl7azAOqJroS26MH5FsTlC0tmy83WQOyej9n2qD1FJFFcSPsRVKVDReMEN3l7rzrojuCe8o2I4wDiymb+1WY0Iocla+s4jSEWf5ozwqxPJS1Y5KTfc203TOyJ6qtS+K2foZ1Kzr3Reljn7D0IIm+pH9wJLc4Kx1DZZi5KKBIs1YrljhLtvG0F2j7If7j/iywgiAfOKRhdxTTd6PDzBqTIXlTZ/HQKBgQDookcu6NcVR+lxEW/54U99UIG37Rajafl7VgBB2d2E/etU7KESD7nllDSKjqefUxvP5wivLUX7imVCfbpbWyHgogDZXR6/DL4HNc0qrA34VmBhvsXh6e8mf9zjxNjHzOflZtulS6Z7q+KfYdFoga/KleQrnEfRNO7a9LzB5Q+t5wKBgQDoeeZbJgH8uvHeHbD/cX6Wpmzx858cc1ur5eRfh7+jy8+4u2J4/hBcR4fREt2SikorkwfmGk7Avi761+Q+SHgUT/0SOWuvWech49BDvu5c/+OzUT0wwamOXjLsIbQvW14bV2zsondaaDLiTsFqtkwKatLNWr46Oi15wKaxLbMJhwKBgCm56cCtPN7xThrcwNP2KNbWWN4PpY7cFEaeD1/AXy5aiRprcxyVO4fFRINRwRkfxA5PZ0xcd3/9u9noSUPXncT36eUTAc/Mzkzmxo0P3VWc0J7XpBC4cA/cwVcNWMDFrRaFk4IbhpoKI5To67GuCUTyC8ISvwL0Vp9pZG320xAjAoGAPTjVBE4HGfJ1fcQd97eA2dWsPS+mSEzM6IEbWlkai91Br+mRLkHiNxsTVmj8dvn6PG11GBD3imTLZH30er6E+Pxzrhf3Fu+7Ib6n+x9OEKnG4lNTpQJrT7XY/TyHAi2yo8qrQcorWmC0fcq1vw+RCPFG4JO0IwttLHIis+hQDQMCgYAzbY8cLHDALaKJdUK19oQxuVdySSVmPq0mu1m9CHmJGvcNT5X7gaGKtDVHRiuW9dtkOGoXZQtSElEudOdHDwvrIWks99MhHrjLiA42ERWNkSWbdu3TnyLI7LvF3UVa60S0RAjlKs+1pwP8hu7Ryw1WNBq6SjZ0Rr6mA56L61XIBA=='),
	(6, 12, 'MIIBIjANBgkqhkiG9w0BAQEFAAOCAQ8AMIIBCgKCAQEAwmN7HgpufZRQnfpom0v7XbTafReMkX2riv7HEmX0RdvVgoOyI2jyW87z3yfVytmdf69PUTjkhPCAJmiEXyOssVEunVbpxSNsHkacG6VWFvwneYxmaHhCTiPoAXOaEXJXbAMYQ2/Tu2WMKxdDnEyiy3Hop2oBjRBA3unkSxFFBQfsWdQ/nedzWuuY+lT60uoqtlHngBd7F0i6G+OvXWI4xPQVTGnidvosDCkdbqSNJPpXyZ+T2OhX1kLs+iIJS2jB6cMCqr90Saru6OOSNvpEq8f9L1wqB7NrPiJJW6KJfkZovYbbHi14YU0zhkZ1mf3vUXaxH/1Mcnt2DOdyvfFdmwIDAQAB', 'MIIEvAIBADANBgkqhkiG9w0BAQEFAASCBKYwggSiAgEAAoIBAQDCY3seCm59lFCd+mibS/tdtNp9F4yRfauK/scSZfRF29WCg7IjaPJbzvPfJ9XK2Z1/r09ROOSE8IAmaIRfI6yxUS6dVunFI2weRpwbpVYW/Cd5jGZoeEJOI+gBc5oRcldsAxhDb9O7ZYwrF0OcTKLLceinagGNEEDe6eRLEUUFB+xZ1D+d53Na65j6VPrS6iq2UeeAF3sXSLob469dYjjE9BVMaeJ2+iwMKR1upI0k+lfJn5PY6FfWQuz6IglLaMHpwwKqv3RJqu7o45I2+kSrx/0vXCoHs2s+Iklbool+Rmi9htseLXhhTTOGRnWZ/e9RdrEf/Uxye3YM53K98V2bAgMBAAECggEAB7+YEGoms1dudeLzDoBTLw4Jc4O1H7YxrfhajmTaqCTgzYiwWMb9z3kKsYd7THsA0y51a+289iucABaZyC0Ph4COlMj6coLnSWGpJqpK1Im34m7H75FzmyfFP2GQmkduLVOw65Hmj7QMMp+FG2gr87jA/Fi2YnLBEzb22aMrls1YecjPUr8zyjtZUPcd7ArFtC7FAvTCwSOPLJvwLeHvjKD6kDddoS6kegIYBpRxrVeehzwvPJlCM/AD1dDZYKnlwuH4TfhyTiwalgRtjWeM+XSveNz3v3BT5ewg2ypoiw90377SOBP+0gPonhCkSKWPNdxnscXbNYzdXRato1puOQKBgQDGSxHeog/MgBoXVAXmlbOXxq+vil4u4u2j0TZHtR3reEycs9PsIF1dy02w2D34Yo1TlMh6ekoZxDIm23GXLiQ/hHjM2/T/tgqa7qL7P2YqvikLYhfOIvqSpAI56qTtIdsmE+0KK8CHriBeZWiofOc3M7C0FTyKBgzw7jzmGWu+BwKBgQD69YN0VSGWL3lSMD7rr4HcPfOzO+EMH+BdUqMBXccu5dYp+8xM2S7J8WyFcf92oU58oD11mxDzYLxKVYAU7z9fNCeQ+7KdeogdJyInqMdyc4SGcRMKF3oYX5YBM/pnyfJWw8NeymwAvNaIkBmT41GYt1bWpH0Lpw8lHsrynxe+zQKBgFFI2qVpx5Ir/QYNEnIocbtI3iHWVa9gpMufamHQs9gfs0AVU00bI0rcmRdiPV0BgS9+8QOL965CR9C36gNwDbnf4ukPTYo5JHXIVxUpMwdYdljNODbvDcpo4uS89Cik1UHxrxyZPM4hqfEoHtPah6mQTeI0RmHKAyoMbvhf+VOnAoGANJRp9V68yb2qmpi3JiRAfgeQ3rWmAidPl93vfyLJz76h72vtMxCx5+eoSBFJZ+6GBkCAf/p8Q7G54Y0mZ7x0t5qyy4KgurPofssrMcn/96/STWS1i4C9uQuV3yynw0UhfCJJ9btNg54NCNHAOib/epK3JAOUm3NmDe30sX65t+UCgYB+CuXvpjNnpiEQBxS/7GqySpLCpJpuh5ScLt5bQP5ZIddrdwGHvG4iVUDahF2ERvu7TLjO1liTdhBk1IFJFeH+G00uFETP2r/Wg7u4H2RhwC91rv4hCYjxxQ2DdSkpQdJEGAxMcOLBFgsK3IHOeT4kKs2J65KtOyNDol8x7WQU/g=='),
	(7, 13, 'MIIBIjANBgkqhkiG9w0BAQEFAAOCAQ8AMIIBCgKCAQEAs8u+o0XS/fN12tbOnNRXkjZFKECkqNhmGX6NMCGX0aDVksLqHrzqQB0eLW+e6XvE4qBr7tqssTPfUxpTe4ynDbuS0aaYXAlWH+ktdtCG6G4kWQI9asZ1xHAoBwK4jeICHYwUeHB1EPaXXu7kno28YeAdJLZSSU3tIEYik1BKJUaty/aoslD3oNzz8Ro8QQWTS07f/Fjz4th5d9HnKayStgCFo6X8MvfVYdg/sYJWTzcgRBNmcwF9/Od3ctpSsauDEERmcj0yat4449ufmxl4odE3nF8CcPEO1dR1VGWxuOhv9wLr3IKxuttgXxrDBOWcrRyHybMR+SRkQRT0U37gLQIDAQAB', 'MIIEvAIBADANBgkqhkiG9w0BAQEFAASCBKYwggSiAgEAAoIBAQCzy76jRdL983Xa1s6c1FeSNkUoQKSo2GYZfo0wIZfRoNWSwuoevOpAHR4tb57pe8TioGvu2qyxM99TGlN7jKcNu5LRpphcCVYf6S120IbobiRZAj1qxnXEcCgHAriN4gIdjBR4cHUQ9pde7uSejbxh4B0ktlJJTe0gRiKTUEolRq3L9qiyUPeg3PPxGjxBBZNLTt/8WPPi2Hl30ecprJK2AIWjpfwy99Vh2D+xglZPNyBEE2ZzAX3853dy2lKxq4MQRGZyPTJq3jjj25+bGXih0TecXwJw8Q7V1HVUZbG46G/3AuvcgrG622BfGsME5ZytHIfJsxH5JGRBFPRTfuAtAgMBAAECggEATW/y5zqDEeqCd6Mt8OEJ6IjkR150LN6rNs7JO5I0Y86sPd4iXOPL1ppT7YjWPkSW+27RndnkKBwp0w6TJzLgnmsL5K0mkPladTsGYFaWzFPn5sgusKbSgS03KDHVUBKoC5bSGD+DRC+Y6YPlxp5QJS2UD8RQ846TE2Pxr1YU4TFzOE7JoMBc5nI+dkW/TdiMVVpE1jwvaWuOw3Kl1CkY1aGo/BOlZglOnE6CFZFHNJsH6fIkuoZOskasCsPavLN7J2njp+89lq0OeNWifZP60G+hNQy6zS5MJ/JcPEQAlAyWYFIXXwj0pk9/OWnziyeeaA8B0xJWKsykj5tsa48R1wKBgQDjhEQpedrdpER1kDKoYag2cCUS3ZbfNtq2NCaiB2Dr/Zejbi0jekTf+rJ3c6GWylDig4Whkr1a+QriocHMZas6q4cVspJ8BCAecb/eNDP9OtEyPZ/TaSXNQfwnalg1ElfMQvMlUSknaIUeV1X6X0GfEFzZceg0a2TZKbrtsfgoGwKBgQDKThBgN1UPWr1/fnJSb29WOipP3IKEESFFzlZ7PWCwH5NBV1YbKbUknPXYrMkTA5D4PT/sjIuchwH3qBtvlhxIGF1sTaxgZWdNaajCrJ0mN8jp17K4E2gUBhaxFV72z8scdJWk4JKj4a73YCmzTQ/ahCvUy/+VkDnVRLCwbh2tVwKBgDO7wZwEv0WisoZg8YPkINGwEl4F0OaUnIrNtPMm5l0C3tYkmVL13G9pm+cZfebBvj6jVWF18mSbOGRsD5sgixzeH+tJHZHhhkQl7VDjYeb01tirtonl4NiZZnK39bKrpxclKhCUMd1qIMrTZRN3UX6Pw+0Vv40b1mSi3oRp8Vl9AoGABcHM83//mq1BYURu6mujZnfHRniG+k0mfj8N9PndK4XqgdyDZch9ECqrUFwyaKkcUgQkMo4ZVv38j1ioVzeVXHPdDLz1H9Ui6HAOTmPtIO5LeGQcAOMEfjViJe3uwuVM6WVj8Mo3QhSlDwMcjK6vuc8zFB4uCsqM6sXGpW6sx4cCgYBJekp/+aQhICqFmU2S72gTsNGUhgkDQOGUMpPLFm2YKZRF/eR0kAT0/THUJ2Bioj+kPRcE0FXlJRiOG8292tcJP3Bk846gHIlcfdRcEAB2Gi3+rxJQME8ImRaziPz0Z6G3iAcZ6p4leiU5QO06j+frJ2wEGPW6/5MSl5BWMmPrHA=='),
	(8, 14, 'MIIBIjANBgkqhkiG9w0BAQEFAAOCAQ8AMIIBCgKCAQEApPnxXC2FUHXp+4b+W3A5fIEfj9pcSQedDt0DnmqLdOm21/bS2TMPH75WAr3KBYwfBVGJXmiULv+ScO8Qp2RkLHUCikMYaP4G8YcitAnWScbgg40ZogQu/N4AeGRGs3FfotkTZ/SyjRs35XL4JaAql2eISFK8P9GDZahxdXMXJ5qSnv/K+uNLptIVchzuJAWt1EFtoAiSU/DFIY4t82wxYovoFqtBsFG+c9r62aaLmhlBtZmOGEZeflL7CJtOKkqKbxQcapmTmyQjKTsAcKoCfj+JwIDVKU4YuFOc3L4Zt860FVWOIeOL2cZnUOV3ZkYi+F+7fURIBL24fEkG58YkxQIDAQAB', 'MIIEvQIBADANBgkqhkiG9w0BAQEFAASCBKcwggSjAgEAAoIBAQCk+fFcLYVQden7hv5bcDl8gR+P2lxJB50O3QOeaot06bbX9tLZMw8fvlYCvcoFjB8FUYleaJQu/5Jw7xCnZGQsdQKKQxho/gbxhyK0CdZJxuCDjRmiBC783gB4ZEazcV+i2RNn9LKNGzflcvgloCqXZ4hIUrw/0YNlqHF1cxcnmpKe/8r640um0hVyHO4kBa3UQW2gCJJT8MUhji3zbDFii+gWq0GwUb5z2vrZpouaGUG1mY4YRl5+UvsIm04qSopvFBxqmZObJCMpOwBwqgJ+P4nAgNUpThi4U5zcvhm3zrQVVY4h44vZxmdQ5XdmRiL4X7t9REgEvbh8SQbnxiTFAgMBAAECggEABqYm2sw1ifShUDM0n9gkuPvgmxpLNeD0rNtY1f2n+TeiLY9pGA/oFXjFBqns288LQQT0QGB+oxZHKf4N8cZ+CGdUNDZYDtiOIcCMiYJhUeqOCenvP98N9cBiIc1eJsVJpsqQ7v5RuUDWPo0lAH81YudtUAeQRrzZoDNAagy6wNciwcL7WLm872M75E/2nrGaSwuAwOBXeUFGV96Ow8v4iRCuphEujIXEGRioGxHlQNLAS/jHPLoWMVTtubeFQxVrJ5FJzi9ppEcNXZ48cocdt4g/rY1v7sjij0kzR0UBDaJd4JPdBOs73xu1nHpM3VpWzIzNu45l8A54kMvgw14n0QKBgQDHm+Cyf10HBXS02nQ/tCRxXU/LpyX8yXKEoJW+dJNRkFab6cJOUWXf5uRlLjQ5VqN26s2CPPmWluS8/rtJCQ4vbHwxz0VN9OdFiQG/kJtx1gKkNA5LvtV/pzGMpMwW6TvL9D71hQzEz00O6wKUI9citqLvRPL6/rZW8MzXQc8T3wKBgQDTlV4uOJvRQAo5evwB60VKvwIQbNNNJeGqv0zTB/N2h4acB7V1Vn21DLI8Zl/PeuX7gWu4GbfBwekZmTJv4L/zZzgGkipKM83UQarnHf/PNISQutx9HiXDDKIjTHcVjDUBblOx/qPJAsLOXV2nM8dgxK8B8Z4L6dFNtv3opWx72wKBgFlqvJd5coTorsUtbxHycrjN4icKs3uwCjrbbPkqY6wQCpxBdSd8UzSfzAR/VCmzY/qraHBFPFF3OvRm8CLhiZc489GkVhl78fY2T7Au6VNvWTORli3cSOusTAgC8uH4jS7qNSHq/jNT4eMi577Q51jHk+m3a1mArNH5gOmUs1zlAoGBAKv2vXoRlkrGosi+9S1WG5Y5kiLpX/9W54fQPU9TKgRO+A++kDPS3Q6WSBKhHgPSnjMAqB0UAe6ffKXKhly5rSjV3oowp+BxJDv8NzvqfOvaglfjF6s1InnZvbm0vyCrOLV2Bt4m2NVZwhzZc3GeutAiax7IUqzaF7vzG4DHWll7AoGAKd5yxwXwPPizTz3hpVfkPzL4kCPtEC/s8rNqm4bRuvy/YpvT9zdPGQjLwdEAkp5BOzd+HwkHYQu5z0jERFBLtp5duZ8dXsKH9XhY/P711ARqWM5qaTyL8ZZMd6eKy5iB8Eo2uEW5RZjrqLl1E9gmCwrBw+YmdjynP5Lo6nKzGMk='),
	(9, 15, 'MIIBIjANBgkqhkiG9w0BAQEFAAOCAQ8AMIIBCgKCAQEAoHF87lOgJ1C5qTz/jvV0YDysyIxdpR3O8peQ5YMoFwHg5PwL1ZV/S0KWYDjMghOL3iSKPwaerPXsu+tWiW81WwWHGOnA5VxR9JiAPjx3/rEJB0LlOJtl5F2RaS2COj9GGMycayYLEqPTn8Tmo05YXjy3/m/+q/v0vVP1Wdq7hFPoQvhp2fwKPQtlRS8U/5cjn3y+BRQTGKbTDqTQg60zxzrzkMW9IJGYzLBO7Yx2q+2ioB60+nC0ZPxKzKhAU0eUvCMv46xeMBIzLMkbbJBAGj6PK8dS0iQBx7hWKkvK2x5bLEteXPSG8VPx6HRTYnZjdHDSzP3SXax2ryuPEJv7BwIDAQAB', 'MIIEvQIBADANBgkqhkiG9w0BAQEFAASCBKcwggSjAgEAAoIBAQCgcXzuU6AnULmpPP+O9XRgPKzIjF2lHc7yl5DlgygXAeDk/AvVlX9LQpZgOMyCE4veJIo/Bp6s9ey761aJbzVbBYcY6cDlXFH0mIA+PHf+sQkHQuU4m2XkXZFpLYI6P0YYzJxrJgsSo9OfxOajTlhePLf+b/6r+/S9U/VZ2ruEU+hC+GnZ/Ao9C2VFLxT/lyOffL4FFBMYptMOpNCDrTPHOvOQxb0gkZjMsE7tjHar7aKgHrT6cLRk/ErMqEBTR5S8Iy/jrF4wEjMsyRtskEAaPo8rx1LSJAHHuFYqS8rbHlssS15c9IbxU/HodFNidmN0cNLM/dJdrHavK48Qm/sHAgMBAAECggEAI7PNWJ1cRJNmlR3hQnclS+sEieYOSplc/Uez8xah+6ir2lip63/GYUFyg/vvqjxeQfMAnnDDK3rYEKMYUSHhjh0nSGhvx7oo9JRg6Th8fTz45NhCeLu/yzb1DiIV2g9NcmRJpGBFU4MIKwPeTNW4vVOmn+RdF/lLpzvBG5scYiANmv29l1iKFJXk6+zzW9qr4EhgKPEDBpohop0ovBBT8dkdm1YZeCsOZTqr2ASQgRMtxsfSfUHF9EOIIkmsMLbbQiaDuCOYrdvO6fwFcYOL/UHDARgDUaeLff/eBgMYSXT5kfticBO8GmP8ifNT1AIbYgzzhN2e2QUeaP+SOry4WQKBgQDLgCiSmq7Ip6yu8Ysv5pDHNBnw/Hu6DF9sRfTnSSuhzqJ+L/ME2VNtUJwaKCAbRIRGjYqHHjrChkZgooc5nQp78h9XSJeV+Gzyzjs/pIZdLFuQIR+XTHlT2GnsKw0fCDjPzSr/2l2p+wlml0rS9IAMxQ6UO9wHZItlZEYIOGDJXwKBgQDJ1a9qvnPXY0niWMSsE6TckKqZHt5ELtTUohJf4+bmqF0Qp1oQs8nAA3jwYIziZrTIjHs/YvXFqwpXxoNSGZFQIxRkpAu39ovhiXvZa3VjOgprC7DKvRQdj3jlACoQ87WczbWN0a0cGhdXFgHXlGXnz4u29v7z+h8eyiNAbgenWQKBgQCQJJ4YgfJt9L7PSA5UBpfkUhZR6TVmah8pHUBEl0KNoUTd5u7XL2z1kFSR/nwHdHfRVa6a2KG8acnt5xGrkH39n1ntxGCC/O2G6udyxAHce2/73kp3K9cAudkFTNVFdthu8J+VjMIthcB55447cK5G3UnfW6sVnXVTgzxL1EtSNwKBgGu0F7OChhZ96UNb0zdwFB2PJTooersvsmr1QZDh8KlNVrw4UZtwFUzdjX/YRdXasMYEERC2IiilKRPF3vXEpwJ4db1uvMIiUmq8DtbqvO2CX2TYDDNjyoQrt3ucJtZ89oECVMulBBdm5OWX3MvJaMfWvNuZ2lsfMdQgUcdj77mhAoGAWq/V/hNtgweCVSJaeskwIk7daYPmvK/M9FEjE6SoJR1wq6fAZt+RDz7TVmVHDjAWJ+QkIqb9lTgZaE7t28D7TnbSDZTXhE1hUGrtE9YmbZJJ/gmGiw3V8cNKtCT1Og2OPTnRdPNZh+bhtWj+KQwkAGLMS2cJQf9duEXVFvxCDMY='),
	(10, 16, 'MIIBIjANBgkqhkiG9w0BAQEFAAOCAQ8AMIIBCgKCAQEAqxSdcrheiRvgMFnjbbp7zmxXG5W2XDZDfd0MQ7sbbo7xy4imklNrdgX9/0ysWd+RcwEfOEtVgZFoopLXZWn18ew157kSxYBmj3G/XjP+7B9PqKrjSywMITvAB++vo1lG2RmptScDusWaDBEMQ2jpdGvuCfFmbZO8vz/AzkysCdzDc0LyaMNe1cD7XECC1p94fwy7iaZLcg6O44Ap8dXxQj7xdXid35ikmUnkhydko4t4Y0xfhkOVwPAmBl0bGabVDJ8ZGxqCPIuFZJpjaHRymqZuLP/8wfCfFMRrrXPbO7Fq9nEFxtM+ZwFu42UAuI9TCK2rG42nz0oFhxFvsg9GDQIDAQAB', 'MIIEvgIBADANBgkqhkiG9w0BAQEFAASCBKgwggSkAgEAAoIBAQCrFJ1yuF6JG+AwWeNtunvObFcblbZcNkN93QxDuxtujvHLiKaSU2t2Bf3/TKxZ35FzAR84S1WBkWiiktdlafXx7DXnuRLFgGaPcb9eM/7sH0+oquNLLAwhO8AH76+jWUbZGam1JwO6xZoMEQxDaOl0a+4J8WZtk7y/P8DOTKwJ3MNzQvJow17VwPtcQILWn3h/DLuJpktyDo7jgCnx1fFCPvF1eJ3fmKSZSeSHJ2Sji3hjTF+GQ5XA8CYGXRsZptUMnxkbGoI8i4VkmmNodHKapm4s//zB8J8UxGutc9s7sWr2cQXG0z5nAW7jZQC4j1MIrasbjafPSgWHEW+yD0YNAgMBAAECggEAC705ZJLUIdJg2tCAM5pVPn/epkzqm385uFw/qDIhmr+CRfYVf/rrZ8jXefo35V7a6ypLiyBYOLDSnj03PIU91CDiPglMCXNbFkK23+7vciJf4/H98L2QA4PHFIRU5/+LRgBlzcFklx9SB7vvvHxpcIyrY9FFtwUpMXJdd4p5T5/SoE4t4oGE54sGluljlxTXCByoLjegmfvsCeCJQXkxL+Aipm0P/soS9c6KXEqDq2tB1qE0Gg6wlDd2bAwouEnsrpphmB2moGkOVq7My16iQSpVZd93y73B8aioyzS6BBj+Wz6yZI/BPL6S5Il/eJXIft4ltmfteEIVF85uO+wIQQKBgQDFTd5A5qN4xzR/AUyE/SFDEI6suROMbNEIAQ9suufi0MrzLmZkFFnV6m5YXp38+C9QKAncx3Bz+7bwCRENPqcOj4Rd55NW18Aslnq034UvxB5crIPEwpfZRGmvVckVaIhQBXoFXmPVZxpdyza5tg5xCnQVJkMkN/o0lDHv0Zb4XQKBgQDd+aCu9updM3+OSnIOVOLKwOIeXOioui5TfbQ/LZGDQNG4y3/XxjtZXRUIuU8Oo7xn4dNKfKF0mrJfLOlpxE444bDHeBxjsN3cxsW1z9dQ96EkGu91H/3DvaXpCaXOtybqijV4kNhH5Y5lOdv18PScRw4A8vpBFwYwl5bqXevpcQKBgQCa+PKdX4r/Dti4+Tg1LO23U4X9PNGR9taoxsxqxtPkX8NJByT9bs6xKxXI62iEjhv7hbdZZn15XDjwiO6PzKpC0Y9SgtZD2+riGr/+2aIvRofims5U+dNzoDyyr1rmKdkHoYWaOe2IbRdUnI07iTgGqgNLqWYLSLyKF+yxRZqjMQKBgQDAtTcKrtJIl6zlmzvptUgvPcURFxflY71UPo19S9JIYL2x8PnMGgzsSCM6r6Yyz3OBvEvzHsAMu0Cf4B3D9Ojz+PvAMEZ1RddXFDoQ3Z/Qays6bSf2Rw/IH50p83Y/QEJI3DQPt7AMuv4kY1bS7Z1vD0DZEhiw6Yw2I2Shk2h8AQKBgHkByRwmTS5+VYHo+DiSjMYT6EmZsCQlqP3xysgOoEWlsOReRHN2XH/9snTZczSUYEcbRQFS6O60bqdNjf1pODWryggVUFor4nyanlOVfFw28DcAvZ/yYooYfzCydIdL2GeNkA6YQYWihZuBCEZMC1b1RTWsfRRuYRGfa+0GzJVN'),
	(11, 17, 'MIIBIjANBgkqhkiG9w0BAQEFAAOCAQ8AMIIBCgKCAQEAyMXcsV6tQ7hykmcqPI99kQiyPYRKKV6UljvkbzUVjO+u02GeejQzWQgqgWEy7t2NMncRN8ZgvoULqZWNgYzCuNXvEdfa5bksrLMm5SoFwlD2d5phgbHnOH49zYZRuusk5XsKUh5v6pELtykZK07FWUWJw6peYrji46xjQ/jAKD4SG/GBAYCnCgBH8uUUO8y5sWxEiVJ351ApLdB09xFuz8+5eDj1vF0nzv1dCTU6AVX+OdToh3UXclVzMWm6VSw7ezF6ro2f6/ZZK/BaSetKwftZoMLR4GmFUGQMg2bHaRUqJNL70mmbxlMtDMp7E5gtQrc+A/THh31CIfOlCQLQdQIDAQAB', 'MIIEvQIBADANBgkqhkiG9w0BAQEFAASCBKcwggSjAgEAAoIBAQDIxdyxXq1DuHKSZyo8j32RCLI9hEopXpSWO+RvNRWM767TYZ56NDNZCCqBYTLu3Y0ydxE3xmC+hQuplY2BjMK41e8R19rluSyssyblKgXCUPZ3mmGBsec4fj3NhlG66yTlewpSHm/qkQu3KRkrTsVZRYnDql5iuOLjrGND+MAoPhIb8YEBgKcKAEfy5RQ7zLmxbESJUnfnUCkt0HT3EW7Pz7l4OPW8XSfO/V0JNToBVf451OiHdRdyVXMxabpVLDt7MXqujZ/r9lkr8FpJ60rB+1mgwtHgaYVQZAyDZsdpFSok0vvSaZvGUy0MynsTmC1Ctz4D9MeHfUIh86UJAtB1AgMBAAECggEAS5xATcfzBoLrGvmhLWd4iWs1/PbaGxRUbvOlRsA+GnKVa2PjE/CeudPadhkN3mkvaKbwpAmgm39tcfMxdG13U7a1rwmUlVkUWwGpDzqxKonlGAva1sYR5vOcAM+p7fPqVEXvEBgIW9U+DT98DBRBPCp1BGwf2Zv5Tna4d3uxmjWDKSH8RZ0F7RB4NGumEs9q5Z1OdgEVcr/3mQva4AS+/f6AI6lfLmfxyF5t20AG9ZQmVg4nUqertueTAuCWuhLGGZ4w9StWZzCzRQaP2u9MmySLhVBXhmsuLQBeKFBdR5whrtpM4eALvbIcWVzWnwFDFQtxBtCD84mgef7bhVBYDQKBgQDrYUieQDyfSmacMrwaQTeVpF9/X1lb5xRG9q2Fmg0Rf+tLW0oixZz/5un0wU7IVUEdQzQopBQm4sdOlRLWHaiedUu9DmDaiB7rBHTPvhBIdltQyLb/jVhO/cMsG2gV3X3XASIXnXNhP2/lhfZfLBxDwT69C92b+Fznb2afUjzBTwKBgQDaXHeFAOBWBG1WMLObsySijUVRx1jcuzZEw1BogNuB+H1hIrHTbtR71hvTzdGdOtMhGpgbADwP6RDN7J19Y4zH3f3xnlimiYNI9jndXUg0Fqbnj341pGkHWtkae/zEvAFGeZWoCPky99gg78YoihUMcm+NPKgQX2MHEbFnNlg4+wKBgGrG7QxtE5MnSzkcgtxeLXsC4BeGB6F7SGWQzdLHuZnwr6q1tQHlJ32nIQbZEoYqtqkxrV2qYUHqqoNpeOwM9Es95qfS9/jquyveD6eWDwjwOCiDhRCU7DSZRYqivCr/GXEJoI+Z65d4EajLhqJR/lh2N6HG2jdBCdQrYyBvTARdAoGBAKO8LkrnK1CUpT+56RPZMqFI+S+nITTylHDfW83gwbglki5iC6GVO3NYSyl47bLORz5NaLzmYiM0Cku/HyDEou3DwgWJTMQj3PO63gzlQ5z7V0/PQz4J+E9xidXYHuOObg5gYR3NDL9xJPkdkiMX10ysCoWHdCZCwEiuta3FDEY9AoGAU70i58gO7aCKnRErXzxuusNf40PVRTGxQFZE2OK/laQcneNIAiiaQl89UHtr9q8plbwJKflhAT+jr1L+iDo/gsVtpAb7av/Q7eVOnWZsiAZN9fSSDNoI/BTZMNkOHtLZ7PD67l08LU1pq19U/oU0jnQfjWYelUwHoWuBDABa+t8='),
	(12, 18, 'MIIBIjANBgkqhkiG9w0BAQEFAAOCAQ8AMIIBCgKCAQEAuzhrIODZQmMtZwj1G3RdY3oNlUnrXWYlI3scF7ccFV6YnelqpDtGYRT0KoioRPuou7Jb3c+6XJX/pN8bXzkn5iLhNOiW+xLwQ9UdSbulbTNUVs7RZpGzAo9VTq6zPiEvvvA+IDcacySs9bZOxCqYTACBwyY20BOcHQ55PTNulsFbvdMwnMZQyaRoqlhpO7iOHwXfCT9h4THl7bJ7gNGWDp6aq0fmgvbKEOHMq3FYQVuqmxQnJawfDE4PULJUmB3rrGQoQpjQfPYFAyg1wOnvwbiDPYQ11TZQ+33ClX2mKw6WARg6DJLrW3phYU8bF+kW5IaWrTgjGbkMfHcSypO1JwIDAQAB', 'MIIEvgIBADANBgkqhkiG9w0BAQEFAASCBKgwggSkAgEAAoIBAQC7OGsg4NlCYy1nCPUbdF1jeg2VSetdZiUjexwXtxwVXpid6WqkO0ZhFPQqiKhE+6i7slvdz7pclf+k3xtfOSfmIuE06Jb7EvBD1R1Ju6VtM1RWztFmkbMCj1VOrrM+IS++8D4gNxpzJKz1tk7EKphMAIHDJjbQE5wdDnk9M26WwVu90zCcxlDJpGiqWGk7uI4fBd8JP2HhMeXtsnuA0ZYOnpqrR+aC9soQ4cyrcVhBW6qbFCclrB8MTg9QslSYHeusZChCmNB89gUDKDXA6e/BuIM9hDXVNlD7fcKVfaYrDpYBGDoMkutbemFhTxsX6RbkhpatOCMZuQx8dxLKk7UnAgMBAAECggEAJ2iJzELoGHxN20lcZqoI2l6fq1QC8gcFPEG2uRs3Exx1XY/7fZRojRjfCHD5koOykcfKZJdMMB72z9qSpWmfh2bCJuPqm/DxmCWs449XE/RhBWDFXSTAHILVPxmw6xwLM9LYEOnobGJE8fes/sfEhQL6TXymvwfRraAVTxebaKnwkx+adl9LO6r7WP1fO9OKVfaE1LsCMc8O+7Hl/Jh7MlXOFKS8XRSElYuykSWUd+BCXZ2nx24JtAclTR+WMuEAl6wZuDYfekzvH77shuwiXdnRnOooMDxyLKdcxrkJNQV56ZL57eHHCXcuiVHsDa0cRkwSlXRznImKU8ZMzLuqiQKBgQDURu7vb3Yp3zZJjatWfJ+1jTA+oBwmd+D85JxXD6u3cH5gBlIScOUi2Hl+4G6+xbaLYglYangFbYxy5qccPssKCboIKb5aus9CgKJizN+U5IEmIAr1PHZUXjY2mdZB6TGx/55lrU7MvzVUixJC3UptW74W0W+nvAIWCAuNzpknIwKBgQDhyEgCMYe4aCcjlbtD+cendRK4t2D5XmsLBM1KrgH2/K0SiI1eTvVI/AQqcac/lQ4iUwDyOuaVSSdReWlWZ0G0/gKQGqNGohhVMaFD89L0oaS206gIo4Bh/eqtZ0Wh3e/WyrvF/iRQSMHUlHYpY15vkmO3VeP22Phvl4mgpyAcLQKBgQCMM7FZ+N8tdpyvZd9VRwhg67iClFMjYSf7P662ncYHaUg+ec45GdFs+1b7YpYicAlJ891CRUeyJhGOTiLvN9X4ckYpYBC2cg2z2avm33OILofSO3WhVWa+AF+EHoTxkWheLPtcImQaPOunRBcyjF+87MwW3AsH2Nfz3ypqZZqnywKBgGjEEHXEGd/9pDuk3NI78uLHNjq0DLFpmG3yenfuqka7FGwHJOHf7X1CQ4SWXC7qsTZIIaZEon4fBbmOhsxq+VhMjU/krGK4EGZnsxbe6sJMxyt2pv/rLkVKFz0DMJJdc07Nn7fNp3gBar+DbBjkXQuUd+S4XCFMqGrPfDMpmYK5AoGBAIS33ZlqFrdxLnTyVQnOla9ixZ61lPBBnawfFrIbIQHhqICq4bYTD+sl6OE96t3/XZ2PjYFHCiy93U6ICuVkFkkYWUofGmuc/No3hLMFShpg27kzI6q+32dReGeC69/bNenl0XLxi/hfIfm6gJzNN80InU3lcyWBsJkVvbUhNML/'),
	(13, 19, 'MIIBIjANBgkqhkiG9w0BAQEFAAOCAQ8AMIIBCgKCAQEAndB9+2SgLGhVygBsUsHWP2nyGiuH5CqF5fT/FESEWolI/iIPSBP5GBX62g8xwurqEf1onQYI05tlzxEw29HSGveLnnprLVLKtN1HNEvFaMEWmhvxIDjIULB5wGJ/dgqVZ4Mnu+sceiwNdVLImjbflVsxehfWaU+XQKIwtOR1iZGntLKX1EyTzy5QV27P8UTjCOIADvh5NAt/4b/NwfKXKJzGMT7MIQlKLdbYhrUXQbZ9UFPcdCCbsTeHLch2I1GHnxXkFV6rinsmC4eORXBbZY8Xvjw4YrAq7EMW2LNo6E806qCrNG9fzgkCLZLqNXUv+zIP0vi2kOIQCSJRnLmIEQIDAQAB', 'MIIEvQIBADANBgkqhkiG9w0BAQEFAASCBKcwggSjAgEAAoIBAQCd0H37ZKAsaFXKAGxSwdY/afIaK4fkKoXl9P8URIRaiUj+Ig9IE/kYFfraDzHC6uoR/WidBgjTm2XPETDb0dIa94ueemstUsq03Uc0S8VowRaaG/EgOMhQsHnAYn92CpVngye76xx6LA11UsiaNt+VWzF6F9ZpT5dAojC05HWJkae0spfUTJPPLlBXbs/xROMI4gAO+Hk0C3/hv83B8pconMYxPswhCUot1tiGtRdBtn1QU9x0IJuxN4ctyHYjUYefFeQVXquKeyYLh45FcFtljxe+PDhisCrsQxbYs2joTzTqoKs0b1/OCQItkuo1dS/7Mg/S+LaQ4hAJIlGcuYgRAgMBAAECggEAEwHRrpXFwdt2G6x133jHml8jANpl1Un20wWxNCp1a2cWAr+s6gA309oP2rQSSPjcpLqJ30GjDgNtHWWjZhJNFSDj8LwrTOvoDKULBqYqmk2JMJn1bm1QWQGMRGrIkbnAGVW/Ux+D0EYef9cu4H4D6zvux1b4JLpoi+kM5ziN3HndQhKpVah9AgIu3hxXgAo/bX/Co4BrJaxWcZ0Vpqok0t5DRsTivDNsdsFHVQB3FLqQ2LqvskBPHYO9HQPCZoAvrD8SQCQvc0RYOM7e+7SnuGYzdA51Zro0CKy7seyYFT2pOlEMkhTnI74DqEKtuwQUucaCE9lCHDezn95oxYlTzQKBgQDVKU1rNvy5c5ZJUAi/q8/y5Hv278o9g25Z8gaCF/N2f45ZMK6/7K9adCJRnxg3O+E8eVejTH2KnBMeMrMWF7Vsne4lQBMurSb9yn/LkfiyFdp0Ps9Am9ULuO7Xxf9TkPg5+xTItjLXimYqMAfT3uzlB9M+bpxZjrZMeogGgmIWhQKBgQC9h7VmVaABU2w2/MlP9wriSQ7HZXoOYNqjDjfCMqBVxtnlbqJfPu1nJSvihr4fxW7YJ0eVTnV2ZF9DaEXGlt+RcW36jR4o9FSJ53bVVtv4YXT+furuFu3X5JTt/n8e0zNi4izWBs26BPy57roTFI/oGahlfiqYt88HCgyCSf1/HQKBgQDS9m6Npr0WWYQqiJAwCj3jWSgq64UPvi0Pzc2NIWEuLO3X7at1fSzK69cvSrJvr86pyDno/wHclb0CDRFa0xoWJnOT4Edb0bieQrSZ55znu2MZ2zPI8LE4Sc3wNSAON5LD52/ZeSD2Wx3jsOd+U8nGnij+SABrTiezpy1Kq+2h9QKBgC2p+syzKJ/pJ5OACEjZ7qdijsr/6g54y3SpwklpxTOle25J35kvIifNzur/J+Ojv/cYT6jrhGWH/WPSRa15QFhcifDp+zBG3e9z8y+ng8wuPu/qSFQg9iEkE7XbsWkN3b2fXMocTYjaFsH9gJuEQr/bHrWFVmIBN0Is66KgjREJAoGANy55Qxyx2rH5KjKnYLvd2cpHFHoGEJzT8bXLbTDQc1h1uZAoezDGIL/7N5D4y9/vHL3E67YSsKtuaDVdMvNwGwiWdzV5tTl/KeLRkVnRAQHMsgcizjm3fF8+OlCykBpzu9++Kkt02eToAGnxyxGAlzCPdpgCOnMISW5jBRxqtgw='),
	(14, 20, 'MIIBIjANBgkqhkiG9w0BAQEFAAOCAQ8AMIIBCgKCAQEApEUZsAh3TrSEK1QUYvMBNEDaZlgfG1SkhBSYTYOcf76wHNUDssFzJpmEFJq5GMmDgkBiFMdDtDs3JrFYV+kASfsaCFvyMQa2xJ4NkgjXedZF0J+fEz+RHv4dAgNWgQou2XHj6PXqcIIbzfJYRb9iUamRHndcpWeAsDJru6Y3yAnJnvtoHvYs1MqPh/MwmtwFlWMd/64L5/MciotikO9Kz6gfSejGF32dfj4+f15Tc+Jkr8OsQU7YJMhzmY5VE2zS4KpXqAN4xlui6qoy7L+7nTltEHFhgu4E7/mhd4HGjjEdvvDZtf1YArA0ZHdy/NfPdeRZJQrDtFAhqYqoLOzHwwIDAQAB', 'MIIEvgIBADANBgkqhkiG9w0BAQEFAASCBKgwggSkAgEAAoIBAQCkRRmwCHdOtIQrVBRi8wE0QNpmWB8bVKSEFJhNg5x/vrAc1QOywXMmmYQUmrkYyYOCQGIUx0O0OzcmsVhX6QBJ+xoIW/IxBrbEng2SCNd51kXQn58TP5Ee/h0CA1aBCi7ZcePo9epwghvN8lhFv2JRqZEed1ylZ4CwMmu7pjfICcme+2ge9izUyo+H8zCa3AWVYx3/rgvn8xyKi2KQ70rPqB9J6MYXfZ1+Pj5/XlNz4mSvw6xBTtgkyHOZjlUTbNLgqleoA3jGW6LqqjLsv7udOW0QcWGC7gTv+aF3gcaOMR2+8Nm1/VgCsDRkd3L818915FklCsO0UCGpiqgs7MfDAgMBAAECggEAEHyU7utymfYZG8YlA6dS9B0cLlBi0tnkZxMwE/uFDfcj8sjYRa0PswyOSoka0aeL6NswXNiA7YpR5zK+ZJhQfJxUiQk9XflIB6S7RPBZO/Oq7xzOGN704DDt1WFjYbEVcaJyFtPzkxYj10Ae5uUl539GvtGI/VrNeiGdWWh9ybg0kl6toalbHFVxgfFYIBWQXqi9PoQ9krYxA95Gbg0sruxy32PxJPYPAvAXP7D0uC0CgFeiszqr/jAgb1xBAqK++rowmPU9SK44CEy/xXIkJ4yy3zENrQzitPPlFAuDj/jpjVZ8XCyjCb+RHJjwmCSn70sj8AIC7zudnVXh52QKtQKBgQDGlG9BjvDbYKy1l9jEOa7vlrY0kdLYaKUGB0nN0OZM/7VtRulKfbj6/8pcvaK0nRyVGoXntyMMy9REWdBm65TdrZHP9hMfBp+1vwChYHzHaZpHJogTcG+BWkI+pmW87w6uo2jClH160wnqR47hZxT5uGat4eI3iJ/7UYH54oillwKBgQDTxO2lhxbIbSXRFoEN4hzRpEI7/TiCfQmPOPcJXOZ/qrweAMlmvjWVUcmO50OI1/1h7hdy48BxWWCXz0EPB0HRN/RNRQGuJry8SR1B1LwrCIXaUJYx/K1EXVr8xPtv+7VCyWhhwTrFkNl+tSnoqqHYwi2KwgWeW0Q6n5boHaxstQKBgQCAZqopsct7jl8ebDj1aHb85G6cP04eMEvEQiIuusyvLQiayCdAy1o4sfyfSt9R+eTpZGUBFyHKvGFccNaYNevkCr8lwO9MOHQ8iGxX7JPCPT5Mk1WZfDIdacc7y0wthkXwFik+59Ta/mqC2hJBHO4rKlj6RfyH/Ae18VYhxaClsQKBgQCDQiN+nr27WxO+hnFVVppAQsye/DQDhVbghBFypzdjWEMjYZ9z5F+3/qqsvaE5d47hHT9BgfMtDpX1YovTsc7UzBbLsgL5m58OIU9WF3LORYkZqSt/LjuDDU4xMDMc1OojzEy7kpZIEKEOjWG9ic2pWan6wInU/oLKx1I06veNpQKBgARRT/iRUx5X11oD+SeifdTN4ZjGdLl+SQbGxhAtcjfOR4f6cyt8QGm6qcgJ6kW2KkHogy2NW7wAHrFY9+Uv5LxoXlyxXrCKOJhwlWXu+dKSyTetMjOtB2S0kP6Jlpz4ad1OvgOXkG1hBe13N5mZYypr5boAfC9ZiEwIu8VGu7qA'),
	(15, 21, 'MIIBIjANBgkqhkiG9w0BAQEFAAOCAQ8AMIIBCgKCAQEA1ZCQTrqgGMLiMX6BDUe1Z7/Dk7zhk6CL4Y8HnIWjDkysbk3ba2J8D0Iblrn2Sn+YRllVj3YfJhbeRnTPJb/NaddPf0YbkxtwNFAGB0geY/hwcAitKjM8AptMNW1z3X2EcdW5I5M1DPqrHzXGcLW2Zovfh5NacRKfTmYDh8Zfv0uR/MaRAdX5N16Ou13VLFU4NoQ2CCCGJtt9MliLs4vqUu7mIq88QHJ6D3rd8mPZUbrc4lJ8xinI+y6GxNwTpP9HnxhjeKS4PccBZAQbBAB/2uHX4pbjak/LLmOeFwCTjneBjg22Pf6iWm+H+kbDeSO/x7nlG9hP7bJwaAFd/KS++QIDAQAB', 'MIIEvgIBADANBgkqhkiG9w0BAQEFAASCBKgwggSkAgEAAoIBAQDVkJBOuqAYwuIxfoENR7Vnv8OTvOGToIvhjwechaMOTKxuTdtrYnwPQhuWufZKf5hGWVWPdh8mFt5GdM8lv81p109/RhuTG3A0UAYHSB5j+HBwCK0qMzwCm0w1bXPdfYRx1bkjkzUM+qsfNcZwtbZmi9+Hk1pxEp9OZgOHxl+/S5H8xpEB1fk3Xo67XdUsVTg2hDYIIIYm230yWIuzi+pS7uYirzxAcnoPet3yY9lRutziUnzGKcj7LobE3BOk/0efGGN4pLg9xwFkBBsEAH/a4dfiluNqT8suY54XAJOOd4GODbY9/qJab4f6RsN5I7/HueUb2E/tsnBoAV38pL75AgMBAAECggEAEMIjUMo8Pd/XuA02kJWL7/Q6+KDdt/k6gMdPJZfRpRGchkX9wyjF62dDRZ9EwFvQKypfbb6AeztYKIHfWhWkR3s/IGbz9aXgNtAAvm7eU6HvJhty2y43YKJRvJo2JAScHAKqtdabVxq5yt0sETQbzWLfINhjRHQy+V1FRvuTZS34NGaoUfMD0EnbK2Vq80GpZR0J00+a8boXtJQCL1JzsX+9rWx0iAadcZ/ORgvbsnnOX8OTuoNGcdoLEbJFcWDCgqIWQOqASdvXib9BN/ufBIKXlTtwle2KxY0kC7fclCSC6IcK4o/rsz/WqKfJ/BVZBmuKRA7HRexlQZnAxWPiMQKBgQDjEiwyi0J7Aery3Ff4JHLERDJTjO0HDmGNSS9aHscORnfQhzCe2xFj64ae9aR66HAI3djQo8qG3n0zr7vVw2OIUP3n2WCuWPuOEKTg3SCGdS0+YIbluHG8CaaPoBHbQIQUQSMuKzAViDJXYC2JnuaHxotDVumMwo9LN0Iz/zyS6wKBgQDwxeOb0+3wEqfODZZffHifSFnE/oxS5DB1Hu/ovLGYFdoWWI0Nm8f1JChJlMSXgix0GNIsMjfq+Y6h0EwGNkHAVLYERF0iTQ9Yw4ko7tB+IuuvOIDu9VQ7/YQ6bVAj9gTdJ0CDevBankrEhbukQSZ2zgwEfFXOar0ry3Hat4zUqwKBgGTSTdOHZ9ZMLLD2ywx/yoGAskPMv/WxGflstFy0a7fX7B0n2Zu/M0KFcjmkYgq8p/oX3swM3cDyiu7nKWSpo8kEBSjrqPTgx5j1pO++31E0OAmJPHxFYCKYul7tOOB8DekcXu2B+ZCl74xCRRXk+wDwVCdrMLnyLUO9XmTOAGxPAoGBAOYxO+/iiayqGVbN9MNr3GLkqDbH6t7hHVcMcfBAX0Z5Nd2BYbHuCxlbLU1T9zSnFtsUU/Q/OujjGTOpUtXpj6lTFAY2WhiONir2Hy9MS3cc6dnHGrXbRWJpeb7mfeUzs+jAO1S4+AybI/6JoSFjzGNvkVvEh8Dmmd/CDSM/s1wrAoGBALGwVIN9+Bo0RCd3yJ+VEI3XZPkmSpy9BSaDwSDXdVS9IutUi4hlrFMM6/17+Vnd5aGj8Dq7x4CnXnba013PnHvxJOzykB0IMAkxMP9LJCnYHkteZeWDKnzQDb/XaDxiZ4QUWQJIVfUVdWrlSvMn+nv+TPujAg7eMfoWsbfvE3g1'),
	(16, 22, 'MIIBIjANBgkqhkiG9w0BAQEFAAOCAQ8AMIIBCgKCAQEA0ql3YJldcmnBMHCuXExOrmQ4U7PLy/A9PGmKFBhqkVUIlzER1wgitsFbYRRzNYhaV0ehnffchp+8PzkkcUj0DmOoudFK1pnzwbB5yzouvXNSTaXQNclkVnnyr5vj2ar4CYcqc+U/Dxz7pZ81y81gGRZx505Qbe+Vn1M9ku9PNFz/wwym/wJ1kzfW97sNDUjh5icCjHPRIkRyvdAuErV4n6WE2zC2fSvve50/E8/qC8164IaA0sygJz0Sz8DFFUcUzLyimHtmxK8ct1rzh1b9zAKfa/iwkNPsaX6FSbKvo6nqpBl2BuVmxSZB+Cy/skk7qX7A/c4hTZlEAgLiMzYQmQIDAQAB', 'MIIEvgIBADANBgkqhkiG9w0BAQEFAASCBKgwggSkAgEAAoIBAQDSqXdgmV1yacEwcK5cTE6uZDhTs8vL8D08aYoUGGqRVQiXMRHXCCK2wVthFHM1iFpXR6Gd99yGn7w/OSRxSPQOY6i50UrWmfPBsHnLOi69c1JNpdA1yWRWefKvm+PZqvgJhypz5T8PHPulnzXLzWAZFnHnTlBt75WfUz2S7080XP/DDKb/AnWTN9b3uw0NSOHmJwKMc9EiRHK90C4StXifpYTbMLZ9K+97nT8Tz+oLzXrghoDSzKAnPRLPwMUVRxTMvKKYe2bErxy3WvOHVv3MAp9r+LCQ0+xpfoVJsq+jqeqkGXYG5WbFJkH4LL+ySTupfsD9ziFNmUQCAuIzNhCZAgMBAAECggEAEGjU/LhVmCD2xIAyhMwI4Pq7jIGX4WXwTzFlaRVRz8pQ5f4Thq2CjrvXE2PVaZkaeGwDAdwZ2H6+2inoVc65/Bj1Pqw36SmK3E6T3inFFErUYWoGIvpyD25mYhmBkSYJNizKOMblt5apX4hcV2jDEJE4BC2MhFPCUuvYAwcTI1/q3A+CB/BfNKp7AIGIfmRSSnaWvPEX6/BU3hoAwhe1sWBhhVsNRlvcQp9fQCWJXQobYz0bCMGLdb0Wj5qd0+0gC/qz0ufNZ7LRopIIXRpk4XYPI4XFxMNvqEIE+QrIHaHu7I9/DSeHmsbhwKvGxd2lFln+6LE+tg+en/lO1aIZ0QKBgQDWKIPj5My2TFyRTe2oq8ztmOvJd5hHfZoVLS0s9DuA56TTYKsA5oNIcaeJhksSI+so7z7St+KMFQvsJbCtynC0rZXuhcm9bCBCCpHA4tUQf+2LAXexgMMCTA+ThNHmtaEZ1sVQq+bKHcfTyxw6azDzZJpnU/a6g4usH9y0fGoGLQKBgQD70hQdpTJuIx4Vn4umRxDoE55ac+T43hIt51jk7oM0l8EpiyRxXjya4Q7wf+O+9DJVSPZT/4FPh/WpaapSPOYfeiFY+coq81muhrDhP1K9UFkMg4gaRAIMyCZR8p/WMq7f0kWsRKZqZCXJt3GIWsgZiEkIPZEGcRNtFAx2euzDnQKBgAUNS58ypImgX4al+fdCpkDsnJNSGOuG0P2y5R/sWwL9c+vwmdgZl/s7gyJBYr/4zPFYQ3khEV0QmglmEjbnUaVRevn3efzX8iLcsPeF4lTTT705uaMcUH1bYfqu5Wy12CkN4fW3OGiIL1CVuALAyJTVSLcrSeS4ebEDx2cSkEW5AoGBAO6dPdppcsPSGuu6ZoWEyYxfKqnjL5ByPR+qHB2xtDndondPFZUnCp5nq9RQGuoSUq9ll6Q4c7t8xVdmfLG4awZgn8DD0MGqHcy2bFzDuA8TV434BLt+vcKG1WjJUpORKwuDH+oAkwA1LWlangXqn7kx3qIkVIuaEiJF4RlTmY4xAoGBAKaP44NbGf9uV5u/0E1B1Pj4txxE+viX9rCN4xHPDILR6GJ/heQT3n9w04cC9TACWe7flb8pifII9uvkUxwUdG0gaFW1w6Zoph4p6nXR9YZTD/xDNl+MYjySYswDJ6HXXSmIK/5p1nO8vJJ3J15+rneg7hG/AKWz0VOzvuSYUZx+'),
	(17, 23, 'MIIBIjANBgkqhkiG9w0BAQEFAAOCAQ8AMIIBCgKCAQEA0LUi6qcxVoJ8f8f6IesusuItYcFPHsgB+HyDPGT3axFOsedPgy/3hcVq/fPx8Us3br4YbF5A8QcFXrr4YiDYD9PO9lIrAkmMoVqF3ZosQg/4XFCmPGx4cO/azL2gHqAKVYexDejUQLV2qMxMpMuFqiYJZ7sgp4SkpFDGWZqAvYmXSENoZq03YkyfaflaIVfYh0kA5HaFqoCffNHnQ07NrPH2X12QTtNqWGyn2HLmhqkIQF7Z8JaYHHTlATV8qAbB3PtV/538J99fIkyrb8orEj8c/+oI3HGHB+wl/vPgVSTorzel3fM4caGDAzzCAOa/4qDFF8isdYZanLlD1P0m6QIDAQAB', 'MIIEvQIBADANBgkqhkiG9w0BAQEFAASCBKcwggSjAgEAAoIBAQDQtSLqpzFWgnx/x/oh6y6y4i1hwU8eyAH4fIM8ZPdrEU6x50+DL/eFxWr98/HxSzduvhhsXkDxBwVeuvhiINgP0872UisCSYyhWoXdmixCD/hcUKY8bHhw79rMvaAeoApVh7EN6NRAtXaozEyky4WqJglnuyCnhKSkUMZZmoC9iZdIQ2hmrTdiTJ9p+VohV9iHSQDkdoWqgJ980edDTs2s8fZfXZBO02pYbKfYcuaGqQhAXtnwlpgcdOUBNXyoBsHc+1X/nfwn318iTKtvyisSPxz/6gjccYcH7CX+8+BVJOivN6Xd8zhxoYMDPMIA5r/ioMUXyKx1hlqcuUPU/SbpAgMBAAECggEASALfx9AlVWCTfXFuDEr942nn161f09KV33tyuqFpvw8LNJYHmM+xm33o8zO6/JMDztmXSrjgtmlCQJPJhO4pLpjZ9aKXRWREOh4mRzZdY/PnsU6AdSPGEM2plHAvMbHtruIxRIfbyHH0Pby0Cz5P4cva/egSlcpOFoXqUltdZUfWqcpBj+C/1ugqWDg8/b6GB7z9qFf9+GJa8X+rFOgYLFbY3ofnlhXNhNrkJAQ7JYbuxfhZ5A9gxQMaNvJelRnXzysEbIUnzR8wUB0KN2nU6EOcMa6cIvJSHDKG0wU9kyKX3xTuLU1mRE8u9qtbq8i9bUEonz7C4V7QyFMCi0CHuwKBgQDWJ36Yx1kqoMFernvDa7zLhcoN0DtIOlOc2AIMH4msmdXzd2HKnld447BoyrkPhUq7j9VpNV3Z5YuLZDSGLRQATM29tI+/P89k04QJT6P3VnYepMwtZh2gaks7QCN2cS5CAquUxpAllRX4KRagVjPez+nxNteWxwXSid4bdTjj7wKBgQD5fS82+MpUuoZXoAZETvZL3RqPajsicbqSfJHPNkc1ZChPN8n6+m9wEfhvc+JMxVqa/85qiicUCS/PejrWGKz5Mf/OLQZ6sb5Y4aNSFd56lJGCTQYkN5Mw80nm9qwLFS4s+Z+5Gb8hiXtyPdhftIg9w+gSC1i0ucOxUh2QQ/jqpwKBgAta7sCFGXpEKdyuXcuf49Pa1TrkRrBuv046uekQpwkq4whU1S+cM8EqOYlk7mkfRTYqy0MX3FEYdcy/VHWk4EGf0Oz1LQYUCRgsivy/Z09PG1ZGoLjriDigSjrrDLZUDALeB2ENIkmL3S1aaGO6DmgLGDl9EfNhvDJMsyU7kverAoGAKFwyCSiSQsax+PbwTJihi4BHTbAXxOi1EAGK7QSQ3HhJdRdHW4yr/mtJz23lzBmZIL4FPIMA82LREzVo0z3GrcGC6m2qQKsEagiGjT7wcNAcAgJH3hAHhcG10OFSz7Areicfyaf6nYhKKh8LI+BmsedBYbnoLcRnfgYUtkPovr0CgYEAm45vYUpAaioIaPRFd19hGok71WOpUPawrsftCc16lzyo+uQ3CrV1yIkTGul52BnvUNOekZiNUQVtIXG6GL2s4x+85aVHFmj6UJvQ8CvRZg66QcErQqSTPzZvvHwiqL0WuNmgYpQw+hMo4nDTyv0WAvGzgkcbRyOMth84X0HC3dI='),
	(18, 24, 'MIIBIjANBgkqhkiG9w0BAQEFAAOCAQ8AMIIBCgKCAQEAyrRech9qGSGqksiKbmtLwlUVyNrwe9q/4RvaQuLX7+ft0AxLqRAbV8cG1Lxe8hmCkVX6hfe3sMFHa9KCATCId75fraNwvacbaZcF7o4uthrL1EH2Ps+hxZlEbFlF6FHOC08wmSdT2dTFFq16lGpSS/J2jOJD+bzyWmyDbr4gXm0eouJzDMdLJu6BKYPMkhCFNFi5uhdC7tcxVeaAWzXiOXJIwKxXpV/8UPUakLPjjbB97Ddpwn1qC2GDMif43dBJL1ThBanRauotm+OjsatpNWTtTE2Meyr+6Og7+PEDgklO3vNud/hA0+4uA6Qc4GFwS4mDPm3dK0iHdzxpZBECswIDAQAB', 'MIIEvgIBADANBgkqhkiG9w0BAQEFAASCBKgwggSkAgEAAoIBAQDKtF5yH2oZIaqSyIpua0vCVRXI2vB72r/hG9pC4tfv5+3QDEupEBtXxwbUvF7yGYKRVfqF97ewwUdr0oIBMIh3vl+to3C9pxtplwXuji62GsvUQfY+z6HFmURsWUXoUc4LTzCZJ1PZ1MUWrXqUalJL8naM4kP5vPJabINuviBebR6i4nMMx0sm7oEpg8ySEIU0WLm6F0Lu1zFV5oBbNeI5ckjArFelX/xQ9RqQs+ONsH3sN2nCfWoLYYMyJ/jd0EkvVOEFqdFq6i2b46Oxq2k1ZO1MTYx7Kv7o6Dv48QOCSU7e8253+EDT7i4DpBzgYXBLiYM+bd0rSId3PGlkEQKzAgMBAAECggEAD5MfRJ6ETO0IyaFt/YDx/7sA4v9rheCvaJD2yrfaRp0n6RngwFsz9qEctcDJfMmX/inAh4WakBKxtaelhIjhm229tT4/HdtWoFzRwFwdW7GgYq00yeuzLtcRak/LrseGUNkjT0k1yKFwCUeICRpIO3ykPjvuZCRv7KG00Y/7NbYCjyl9DN+PzxLCeevrFdDLBm060GUcPPd3glGgnxh3m3QiwI1k/B5q6EBytZVq5RpzKuW0UpdQ4Z1JGiwShFJfPIMGZccrNDG/wZnBh9g1aziq9fvMNP/N+21VPbGjDS37xYNSe2ZoI6+tybSoTUOlNs18/go7ZlBN2pLZnWc4ZQKBgQD1mF4nZCQ/FaS8zK6WzzUIadSvfA6EZgobsDUwtEm67Z5tokBZ7T0Bo5JXgaPE1zcDJJD1n3LLC0vrTLF3i9Zwo5cr1DSOHj8vxJPDy60is16k9tVK6lKmq0IiZFpTKS+Otw+sghGJlp+jgH1RiGGCgInmIeYIN/+XgGAMdvsM1QKBgQDTStNj6n5BfhSJOkSFkQqSkH7XmazlkylvVpSDjCAzzn85UGOgTUcmXWXdd9X2EN/OCV2+HjrrajpQRCrL1IlJCHyc7XUcfadb7SWR4XtZ+5oJdrSRI6Rp3sRkNfU8rFKDz1/HniigaHP1vNtMRooIxAX0HvwhFFhoyhywsiv1ZwKBgQDtWNtlZjpBXUFf1M/Fn2q5Ps306gd9nL+YEqrU7udyZ8H8Yhmezs9ujg4X04nZ6cOYnfYZ6oaeA8TTGcNIrTQIl5C5ItPHpSObnnbPej9QkdidxI5NYDeQK2I2qpVAWUVEv1W+edVJCvAsqzhxW0QhQugCKDCPMM8qMz6fzTzCIQKBgQCOa75nd/VYkfKnuSXc3jJBLrLBAu3+5R4l1TdQIFDIeuVYra4prE1MN+Jk0NThAujIiZmtf9T5P+ZEml46fG15VAYjBRBOfwgjN4t+dH1f3u8qd+AogNzfG/BHF/PQzNrlzA9kj2AVF7MqLf2nwVhjpjXZIlWSupMJN0r1c3Ob+wKBgC412V9evFCH6Kg6s+ClUxQk+arP2TEhb3/ifaVpM/Xu8YZYxvBeKjzbOMK3jNjn0PtASnODfU1+1XS+Qgh0o6x0UfrRwg5g/fi12C3mydhEJiToPTDzx9hnB/5eIP7NQweNtatIfD+VWyhReWwLz3nEFq9SAmsExGySuiJnxeFR'),
	(19, 25, 'MIIBIjANBgkqhkiG9w0BAQEFAAOCAQ8AMIIBCgKCAQEA3VO13QDSN2l/SpCFOQuQjrmlabwhh1oWzofVNt/vukSOv1s/cEUPiIkAV9jgXzQI+iKO+tS7Fgf3d5dlUSFgUWj7BLRuMa6nxpBnLFW+RkoeQXvlRzvqPTYoOoHVD1Jyy7XC1yL2jR0Vx80uoBk2XmGC4A6/F2EMSPrFwfRXIcZnav0LeyXg1gpqj9bOmQH+RKIXnR24EMgVgPl4U6rQ3lZynoXUFbMtBDIBWJPsHd4K9YXoOMLRsZBCsM1J2OsbLHg3NWYbws3jXNdjs0BLpq52clTVkcHf218negpdAk8KZ3lkVN/gx1r+t0v9lp85vW+ufU693LhGrHsLjo02vQIDAQAB', 'MIIEvQIBADANBgkqhkiG9w0BAQEFAASCBKcwggSjAgEAAoIBAQDdU7XdANI3aX9KkIU5C5COuaVpvCGHWhbOh9U23++6RI6/Wz9wRQ+IiQBX2OBfNAj6Io761LsWB/d3l2VRIWBRaPsEtG4xrqfGkGcsVb5GSh5Be+VHO+o9Nig6gdUPUnLLtcLXIvaNHRXHzS6gGTZeYYLgDr8XYQxI+sXB9Fchxmdq/Qt7JeDWCmqP1s6ZAf5EohedHbgQyBWA+XhTqtDeVnKehdQVsy0EMgFYk+wd3gr1heg4wtGxkEKwzUnY6xsseDc1ZhvCzeNc12OzQEumrnZyVNWRwd/bXyd6Cl0CTwpneWRU3+DHWv63S/2Wnzm9b659Tr3cuEasewuOjTa9AgMBAAECggEAMySs2aze5r8SEwDiSBRMCy8K8ivu83/11TO+KTgGBVziP4WuWxsaQ8qksagD8PvtNx/VOlD+ClE89f2eA+lagHVpy+SFsiVRz6h+rtgBZ+yooSkoChXmQs7I7PwjZ679p+UQaPZDUshtyAW5yHULAzQ1MeE2dwiN9i88k10K5VqteNqj+hFsWViwDxTj8yr+kf/XzHU6+JcbWp3RQ+a5zQHYJWdd1OjVxg0wxCoHrXyUx2R50Vd4g9df7TSh01ANs7UxtUgvpoyPQS+dhT2dukAPAZgjk0mfC5Tm479rsS5/n5XQrlFLnlfXapVJ+/rGsDy5diXbzukmsfb7qXToAQKBgQDt414yzGKaS/ojpfLGFDZn+XrLyUxxIjco3cTfPQblc+BB2wJocDx+FELhLpx4zV+29sIog47YC4rgek3XFAAgyBIBs/z3rDc7z9G60Vyc8AMM5IGaYIhcUudkw8moVDr8oo/o3rsOu/JlrWBKC5sNp2uc9a22H/cdvG/3vfSb/QKBgQDuLY1RxhEynOlOOGDwciaSJu/0ZJG56yZtfMdlzieKy3+0ftJ6cy2/DI3GwCpefxPcHBbl4YnRbX6gNVbCSdJ7v6JMDEPeMW3Zwt1hqqkTVKlc0GAPDDe3YBndnNtsluqF4+yWkupdv55S8izOtC655YtGW7Bp+PxMUQvLL6ghwQKBgBsgLxCZz7CKc1Z3SMyfZ2jJwN/V71qDLUkCqL1P5yZo5Sx9PbQNAEjcJJgqyXrY6E4jqxYVkkc+YbKhH5kj1bPnPG5nSLQxNgci9mZYEzhuAdsJf2HMGiB075/E14zTNfqyyrgiFbBjbAt+DpnC4wZWjeXS+eDnmjUQ1K+qQGc9AoGBANNNeliX3d4HMzx/7BClVO7IuI0bQ+WrZvYvgz8gfBg4nd1lvhmAYY9i9czj4zLejqHyEaZ0Ry6Tc4lyiLvpfmDnDHdnUjanp4tPw9PH8iQCMhbzjqUK88st6QShClH2Oa37HYQgZugw/acczv+6/tFRghQzd/ksObkDFfF3IDSBAoGAGGgj9MbereR226kam9dKuboUwC/f/uxM2u3hXOWUhZVI8M0Q7ghvp9H0zhnRtZmaO5BjRKTNT+M67tUaPdfnFr6gTTW+zFSLJDwN12MLbjcYT5ojPIr8+a6Idtfa6yDfzLYvYt31/iTGZ7dt8aFaeEmKqxo38JNDvbjPaWjqp6k='),
	(20, 26, 'MIIBIjANBgkqhkiG9w0BAQEFAAOCAQ8AMIIBCgKCAQEApBAcj9U/OaUdQN27PGv1bIUO2++vGt5/+Jl6ZSj0oG6LuxVjlUDAiHwmKyOOeyqYZCDIKDufO0FagU5KfSm8mfNZYXGwZfyO8XHPb63MgnYLhG0AKPUNaHcrJSg9sHL8e3z0VGVqGlFruBu0PGcmUPCfwdFZGoEr3MU+CJaUDZEmxDiR4s3xPbw01r06Ml1S68pc0jRcFbK28kJSPwhy+hkU21jVQnUG2Ki6qtwnomKBC7ZwpU5Wa1BsAgxSnMrrfyASZqU6hdwDm4TC407o728ZnIn1b7hnreMVa2E7XCh77YPXbHQbQGxcH1uABjNpJsEOMKgPkJ6IT2q+y8DAvwIDAQAB', 'MIIEvAIBADANBgkqhkiG9w0BAQEFAASCBKYwggSiAgEAAoIBAQCkEByP1T85pR1A3bs8a/VshQ7b768a3n/4mXplKPSgbou7FWOVQMCIfCYrI457KphkIMgoO587QVqBTkp9KbyZ81lhcbBl/I7xcc9vrcyCdguEbQAo9Q1odyslKD2wcvx7fPRUZWoaUWu4G7Q8ZyZQ8J/B0VkagSvcxT4IlpQNkSbEOJHizfE9vDTWvToyXVLrylzSNFwVsrbyQlI/CHL6GRTbWNVCdQbYqLqq3CeiYoELtnClTlZrUGwCDFKcyut/IBJmpTqF3AObhMLjTujvbxmcifVvuGet4xVrYTtcKHvtg9dsdBtAbFwfW4AGM2kmwQ4wqA+QnohPar7LwMC/AgMBAAECggEAKAimb5KhsvdPhByXK89MPAbb8V8zY2MX5xnMfBLaXqua/TPi8PC0CpoA1lX+1p82QHifXvHtkRAJfbQVCSW+F/MBxH1xhfFzEAetjpriZJNZjB7tAxGJDAzIQnDnXL8yTQ/Yrx9wHKvxlSNtf6/L8cRFt43WKFmM0npvALl9tzFnkN/CNJjlMkEXUeYHrysswVPjsS76T180A7zXaVISyeS59jFLBJ97/UJgAS+xiiLB8IBo7arCNTU3Ala3p0zqAeBIpVvcdM9+3apEt4HuNi1r1qBsxbkc2fkzd75iarrXM6YPtbCaRuw8rifxByLqey4M1GzGmevlc5PR5kTPAQKBgQDltMLTqwL1gdGUb51IDKcbMWRPRqCSAn+OXCLI78H+RS3rrO+c0w+lDUBVQQlaOZDNaFNEsg9ipt2XRuz2Q6AtKrWWKKgqllCJ80Ai5gq7uZNtAazU4f2Iuo88VgxWc/V8fK1uzNHP1Wi/UbiAmzKsX/hLBPOrbgaJb6+ag4XWLwKBgQC218NM8Ione0WG3sdtpViKQeFMV+y86SutNrOn8kbnAR/cjWHmw355BrpF2kS8WP+ciNcsv9VNKBd0LYUjxpauNopVOGjc9Jqn7xG+0wbe1V4jo8KQQU9BgqmQU+zfIFXM4TGJWRDQe/E93phhqGkVbWMUUt3V4HkDnukHby6qcQKBgGRLi7Gt/onBmAeuwEbAN4p5A2pV1TBLZPR8qDeB7/scq5M2nBymTzNq2McgsXuynNYDEjBxaqRRZXly324bUunFtymMMPj/TsUc78kNFmym94bl71e4IOI9SuM2UwbAdNRY/8TcK1QKw0Sd4uhMW1DGSnw++kHEtZf2qv7VJG/DAoGAWB6aeF1BKBAIDR0XHiffCRsBGwsRBGaX7y363cktFK39Dg1xjobPUELGyV2NXPzDjEyC74UwprPYwdwiW4CdJC8S8klyeHLGioL0mXQYzpIkgaat4VooeVkgoXdhJJPv5gLuHdS3/tKNDJVX+VDx/Cqw4p2hXi+GAxG2GyghZHECgYBUr0WcgXZrz9pPV3Bg69oF6H8CO+kkyrqweX91tF6aRV9u7E9hvNEnwR32aSXYA3k3MCBD3q7Jl4b2IR0bIo4XiPJ9q2oWfiOXkXkPSio+oLZwmVVIfg+pdPkas7VBJssInU+mxOdvpSV4X7NR64zolsUhCcbMWExaClmM5yCHXg=='),
	(21, 27, 'MIIBIjANBgkqhkiG9w0BAQEFAAOCAQ8AMIIBCgKCAQEAmN9UsQrAetc8IwCFYuNsQbsXvmek7M2oDcaVaZd8Av8IvvDnJHLSyzB4Y2kW2f+bIU5ywlTd5zbgOXnfMv3OwV9zqUa/gPSoHrmuzss83U8XHCfyBPTmR8u2keFchZqPFITSYaDVwH4YK6kmJZHMyqhN+k260sbebBW9YI/z7wuKIxngH1eMtGTacJ5VYfMdHqpnjC2R8b4zQXWhJ2KAVSC6+RkEQTxVA5IgTYASvDgiIy5rZymOz9hBFNVHnkDL475vM+ZiPvFnPA8C+lkgJ0WDOluLhsPTeSRT0mQLZSdJjzps5hzuKIWy53ecHGZtKa2iye9CjdCEOgqyFzm0ewIDAQAB', 'MIIEvQIBADANBgkqhkiG9w0BAQEFAASCBKcwggSjAgEAAoIBAQCY31SxCsB61zwjAIVi42xBuxe+Z6TszagNxpVpl3wC/wi+8OckctLLMHhjaRbZ/5shTnLCVN3nNuA5ed8y/c7BX3OpRr+A9Kgeua7OyzzdTxccJ/IE9OZHy7aR4VyFmo8UhNJhoNXAfhgrqSYlkczKqE36TbrSxt5sFb1gj/PvC4ojGeAfV4y0ZNpwnlVh8x0eqmeMLZHxvjNBdaEnYoBVILr5GQRBPFUDkiBNgBK8OCIjLmtnKY7P2EEU1UeeQMvjvm8z5mI+8Wc8DwL6WSAnRYM6W4uGw9N5JFPSZAtlJ0mPOmzmHO4ohbLnd5wcZm0praLJ70KN0IQ6CrIXObR7AgMBAAECggEALzVkk4nE+ApotUxvZKLjpwbOZcve+AvodlyZfnK75rb4bfK6Bpz48KuGufhViLuxHd96e/22SzU8mDNFFJuhkkDWWHOTJxEmq9pem9jScmt+sQC68gHo7UoBFtq39kBNKCJ+T4zaBahK8Yy6TYbRbdH8xqvjYjzsqgcqpNu/klWM6TjR814mzvlrlG2jqH3TuI3H+P9yk0uWmLbOMFMOfuH18YSMgPGRYIULpPjsRjdDOsPRu7zqT3KkAmS9IPExMHLS80v379/0+m9g6vBXDKgA7eHFkECSfm0mK+R3nKtzLscyEqD1cSxLCHunEErFlyeDfRiF76cwgc3SEz3sgQKBgQC3WSoTrly1k7p9MkyAKBWXLiryF/S3Af/G5NBQsh2F3L5qwaQ76YmYoj85svrR8ajoGTR3AtBj7P6zxoDLtjbVZ2cOoTMCRW0CJX+fB+lsTfA0P9inH0BbH90d9EV85pcGDKVx+EhCnJZyAP6cblKOVYlSpIIsw+t5DLUufP+YgQKBgQDVcrFKZJhTkyMx073MeJ40hLBnhhPPrPkivw0W1ur4IYQ4u9YHb8mgdL9iXNyA/YQiU+j8X3UgvKZkm1w5moIXGYt+OJ1JWOmB/illUl7hGfNnJw2COkQLS0YTu75XOn3FwwzIQjta5nYt8scmpxqLWfs1M70NfRMkOPX2vzgu+wKBgE9Bwgij9PuhEpqQJbW4niyuDm58oJKD0Ld/rfVUKaL2G3I2pvInMA3FBSPCFN6wYl2Cl8VieAbaKfg4tPBaojV573jJgi1XKZol75clamghANb1Sohj4AQEMCeEso0deOdqjBJKS6JP4lEB0Q56OkHBBA2vg34qax32ulOQQUUBAoGAE4PxAcRAySNizGN3rwI4NMUM++oeVZaTEMI3CCeORDGMTUOfRf7KiIkkFnI3FvQW6KyTWL/BjcSx0fECdaHS0xnazyeN+e7PKrt6PXFSi3I79upzKbz6C65OMe+wb3lBlptGx+iGVMFNfNX9r2MH4kXP2gVo+5q77Uvn8S96i5ECgYEAifHQPlwd4JJfo7tWvl4mJDB2GGyMkSNLeF86KRTxZAw5fyqvRmTjc+FzAdlbuoo41GiRy7RH0z0pp2NJRPPvqSOm+c93xvWRTh1RRcWaVWih3q8+YOqeR9nHFd5F7SadjXwRL/up53+7AcWftdsB2C4ZGfr+labJPyRdnpDF6mc='),
	(22, 28, 'MIIBIjANBgkqhkiG9w0BAQEFAAOCAQ8AMIIBCgKCAQEAzHsCAuiaa/UX3S6wWSyxjzBSkGRQmsZJXyQ0kk+2Q05sW0SEqD1ma6CXkn6kGNFgNREPb6pG5OAvP0s8HxyM+7hMMHJse2ftAG/QQHJEHOgl2zjPvmEiuAy8k5aEIiCxlP4KFxJ1Xk/i3tGPhwA9CcuKgd7kWcHSsO8iJ8u3O4IkAKdJMVT4CpzqLBLUq4WTKDtyEqDEAzprfq7B/8uIu1LoIdRXQWHNnFuWn+0YJq8Wsak9fR3u6sryEgm+k6yYrJt3Qcc8A6bBI85GFoP34thHs5uskcX5+HveA6km1f97qst1v6yMW7eEj2IKP5Yej6h17Dl3NuLrJ/1R8HaEfwIDAQAB', 'MIIEvAIBADANBgkqhkiG9w0BAQEFAASCBKYwggSiAgEAAoIBAQDMewIC6Jpr9RfdLrBZLLGPMFKQZFCaxklfJDSST7ZDTmxbRISoPWZroJeSfqQY0WA1EQ9vqkbk4C8/SzwfHIz7uEwwcmx7Z+0Ab9BAckQc6CXbOM++YSK4DLyTloQiILGU/goXEnVeT+Le0Y+HAD0Jy4qB3uRZwdKw7yIny7c7giQAp0kxVPgKnOosEtSrhZMoO3ISoMQDOmt+rsH/y4i7Uugh1FdBYc2cW5af7RgmrxaxqT19He7qyvISCb6TrJism3dBxzwDpsEjzkYWg/fi2Eezm6yRxfn4e94DqSbV/3uqy3W/rIxbt4SPYgo/lh6PqHXsOXc24usn/VHwdoR/AgMBAAECggEAHCI8h5vrSzlAnE0FNG/Cylmysm0q7fCkPbPki9Dt2drba79EpUU1Z0+EK0LDXyrHmuWLAykhcfIqbgHy9rDd8PBNg0jrBhupbyrzMzrFhlimhMAPTTleJoaSF5hY+70V0dMWHlCK13wUUeXxYni07TkVCINbVcImM/Pi9ijAQC6LXRbEi9ugaT4ukOUE49GaJ6isF6sR93SHaj36GSQvOklAXx0gJCAQ+7ThXPcnOX+OTr7delJjHWbmUWh+DAf2Ocktz4lvJtmc2B+Rezu2G9Wg8MB9eOXQnmQRoAXp45wEI0D/xS4M7ZIQ5NHHniZmXdXz6YZv7/kd+q0mhjx+6QKBgQDMlEjSjkX2aPBviLxPddeJIzHMN7X5MrSl/YA1OCqzEggqktm1la8QhmQP8l2ROuuaWqiN8hMgFyGIWhougXdnXcdAUKeGdRXek2uhcSwqI+xwLlVFwve4jekUgIrX7+YVFjDSks7OMvEhUQvZzTG8e1jJx3rewLHglQwPgiK6wwKBgQD/4F7B9+ny3zyRYH1Hqbo/eOCLhvX9FGtX5OhbsE+2KZrXNqQeEneRrsUopucM730yD5hJTXAfUh0y29PBV7yUxKOtgpAlS4q7nopmybTGHx3mui7qgHee2DpDnlRztPUYlU9YIhx0fvD18S4A+rltZozj47g5DpBD9SvEa+nblQKBgFxaIFm00k5/ZvLipie0ydzln2hSSfq58iTwwDzGIzh9TmRxsIgxjzsFgAxW2/hgwdUHUgnqGsokxwV3r1QJK+7kvbsB7e5b0siMgkz5+vb3CphFwkbg0dVlcq/Hq2X5rUMdpmKY1XTuOD5TCOeEoww0HovQWl5OXL5GapBhre3jAoGAWwlkDVT8KoocTYjr6dRMTIrgMSQ6Xuml62ao+P44zhHtYkaxi3V8jxuEUBtZtzN58paz0ti3XJ1lgBPQOkjR8ognx/LdADfpSyl0CnAXXinyBIYXbR158czypd4uI+CtFysASNYSE6yaZJaDjJun33GODQKXJ82zrEoNYVwXnyUCgYAoiojhW6YhW50SbUwKGvVnSLITBLfCM5QLZ2V5oOj+nRIcqJ8XCCPjephJpk6og88fxcIzirhMbqyCITHSCy7vovwb1IffAzruChMZpDT6Lv2l06VMuac+9JlmpCK4AxL1GWvMcZZ0A3MYbUL+CABonwySBhP0ptUAs5qRZ18jtw=='),
	(23, 29, 'MIIBIjANBgkqhkiG9w0BAQEFAAOCAQ8AMIIBCgKCAQEAs4eTMhdFmF/4C1Hqsl8Ib772ioImPs9A/4Onf9Qbepsz/EuvdTeVzn6rGJCmQYuGt9qm7Ol3XIf3ws9wU0a2DrFMTz1j4Y24CwTTUc6fgIBFp9mv2KID4eY4FBrih8bHOp0aKMVBptyWkLU8FAPDjYDMfAh9tiGFheiDZ+TOHpFqwTES6gxO06gqdyKZKhLEAIc6OAuVfgQqFJbRDgIyjcPuIZJqrV3oC4sOBnvrGHglv1OZB1mqMqbF2+Ccl8k5AdxC7rH8m3tZK8/7sXfkYL9ttGFjOwfK9xj9FkhTkGQmpAC9lzSi+nmMLSYBWGKs6e9Ya4Vdn2zJ+RL0DLkGcQIDAQAB', 'MIIEvgIBADANBgkqhkiG9w0BAQEFAASCBKgwggSkAgEAAoIBAQCzh5MyF0WYX/gLUeqyXwhvvvaKgiY+z0D/g6d/1Bt6mzP8S691N5XOfqsYkKZBi4a32qbs6Xdch/fCz3BTRrYOsUxPPWPhjbgLBNNRzp+AgEWn2a/YogPh5jgUGuKHxsc6nRooxUGm3JaQtTwUA8ONgMx8CH22IYWF6INn5M4ekWrBMRLqDE7TqCp3IpkqEsQAhzo4C5V+BCoUltEOAjKNw+4hkmqtXegLiw4Ge+sYeCW/U5kHWaoypsXb4JyXyTkB3ELusfybe1krz/uxd+Rgv220YWM7B8r3GP0WSFOQZCakAL2XNKL6eYwtJgFYYqzp71hrhV2fbMn5EvQMuQZxAgMBAAECggEAAkxw+u1N87XK2bsNq7hh+PhNDmUjMzh5GkYBWraInlXAlFetu+z498D3oaPJSFtbRenzq2KqQUUjMkHXEm6vcKaEr4EKndeWkyfxKRt7P4YLUXfzWe02t0/SYpa2u5e02YNe03kCSBSL8vddeQ4hSCPT7Z44NqEQPuPFIIsb60unQMhsJzeWVNXaHp1ZTIPMUw9SJrOWBwsDtXPgCc74ZhqhHem8NMvszhLe79zaBmERBRcgXPSVpkNvH9mSeaE0VlBikrabEF/DIxA1SL7ZV4s2f7GVmvKPoGftjYdpKJwWkW1dZfmS/Z2Zp+aGO2TM+I+2HAYAOHsy0rp+d1coXwKBgQDW37HMPUbWH5sy2tFgJCt1GFneWhw2JEHi1dQWMLZQs6ed2+48cmRnmrdYnRYPhu2gwOMlWJ9j4zc3gg7cRkKVAdRb6NtjoLNDLRmhOQZygUA/nrOAdxb3ZvXn40Nv1gzRCQS1Z0HXf3hUAxFI6JyiNhjCh6NQdzgx3vJluMIn+wKBgQDV5BkPcRVro31Ivm+TMBkl0wVMHhV4HW4Wp5BFYTbUMR0CR0XfLBOluRRSvFrg1k+Lz4Ciw2XqhmMkhTwJWyxIjzPHM9okvzhiv1y0LkQU+cdZ3OhHtaRwqc8S7J2e7JMzGF2u4C0TyiXHGSeQpcOsQjKzYbLPaZxSr6Vc3NHjgwKBgQCEUFMH1WPdTrEe66eqcBtii5ArX4mnvUPlDo7+6xgZMcexaVCWYEp7kcX9Bx4iiY+iQaSdxqi/tZa205ubAJjXcLz3q7gM7VP1tbvmj1rs/7I0euFF5g96YShjlopcP4682bTQj7j3nkLWWN037CUnrfApOaTTU9aCvyq8gLzuKQKBgQDR2pXr3JuTnDhTouR9mPdTcRMFd47A5r8YYxbdu1+8GOPJVHxtViWAt3IFKuBPMHWjStd+2g+oZmnnbwFUfKuaFUZL78fbvfFokTA3aB1MJzU8Kc2Mbd8E2tZcTuLnBl32B7YC2dfgTrl5+mgjN0AgRmLQNM7nSUsipUqtLcqQWQKBgAS17BvQQ5p4vPPBZue8NtB3OyzwSKXPWW88d4CM+d1Y0oxAD3yqHqCaQ7IJVJsxblVheHXU7DVBJVpaEqOTKqdvitNCqLATZmvdHDhrzH949oo+47bLB4+5ytwd1vsNwkMRy20+0L215dpowZTD5Z6wn4uG5eh35JdgwEkFgl3A'),
	(24, 30, 'MIIBIjANBgkqhkiG9w0BAQEFAAOCAQ8AMIIBCgKCAQEA91oLa+4QLzXaZd5UNvc7fmZij2+Asxk6hzhhIfBtswyXn0mEOWd1cncxVd16faaAUdCQ7d7hui7Ypr+dU9gbtg4+hhO/viMHvd/RjbF7V4wb+tMMZBmt8qUX4rvO0JWljhosdqrIXtnVsK15ZIPp45wMeaG/7tS/x/h8ZEEKJXW2QLLswShVs/LAyvsbPrljDIz10moMRN0UMm23oP93/R/W2GU03HeFiS3EtbeCExQ5fzgK/313pnagTCoQ6BPnwK59gEdlDZbx/TUYO4JUrUnfbJ8UA1O8OvNE49YbhDGG3jZVDZFvELyg0w6Kqm51fYrhUTAnvDUM3aiO8GQNRQIDAQAB', 'MIIEvQIBADANBgkqhkiG9w0BAQEFAASCBKcwggSjAgEAAoIBAQD3Wgtr7hAvNdpl3lQ29zt+ZmKPb4CzGTqHOGEh8G2zDJefSYQ5Z3VydzFV3Xp9poBR0JDt3uG6Ltimv51T2Bu2Dj6GE7++Iwe939GNsXtXjBv60wxkGa3ypRfiu87QlaWOGix2qshe2dWwrXlkg+njnAx5ob/u1L/H+HxkQQoldbZAsuzBKFWz8sDK+xs+uWMMjPXSagxE3RQybbeg/3f9H9bYZTTcd4WJLcS1t4ITFDl/OAr/fXemdqBMKhDoE+fArn2AR2UNlvH9NRg7glStSd9snxQDU7w680Tj1huEMYbeNlUNkW8QvKDTDoqqbnV9iuFRMCe8NQzdqI7wZA1FAgMBAAECggEACFzdP34qQmpb8q9AYiZcNtMP2IEg1Q1QjwNPN2ZJUzElDC/gXk96506T1q8ZBdgEBSAb0ksDjzenwAWA9HV9RFu5be+Lf0pwZ9FCJLwAK07ToFiT1euPV8GQq+wFG0S/9uy4HZ/7C8fqI2HOFaGnHfin7FHVayX6wPBMBlizlt4RsdbZphPd6KdSpeARcdmB2V+kEq9Qgod6u01jXsLpQVCBcz4vvYxmXGNIkTWKQhLXmviDtIID9+nNZ/7Tnok9ShO/QR2/sgIYAHX/JeHrpLgE+tE7+1/DDCKl4x4NBq90g9vJYSMcdSfi39sWmyJcMTzilyIthmwLB9bHLIXdqQKBgQD+iKYfAVQUEX3xW7JpOTKUBDWX95RBMCiyFxkcGy2cE5ktmji33PHViuoRIuDtCXDGa0b+ZFcHisBzlXM9LDmYMAKkgxKeAFl6KJGFqupTxtUVcuXV5ftfyZ+WjMAGaxDbG0bQuTjxcdXhG66gmF+rHsLg8oKbDQr5Wka+T3psKQKBgQD4xs37bGj0FA9G0ZwEnF1z2/KRM7l+RGS/mdumVkXbE8+mS/5VV4t5itOqRhSob0UmrA95CNOZ2qIe/P3A1J9vrTRfmtr4PZZuFyFhEkaMGwkOn35mZT0LuTJnZiRdDNM9Ayr9n2ql2rWkc1ta5SWZoaOZMY8O+A9dJwhjYgb7vQKBgQCOc1+1XoL1sExx9cXFyfMaj7iG0lKwoQlFklPFPRirjvRdZ0By9j6KKnKRIJoNTwlEoulamkFywR6wEWYrSEL7f3MbKxgSQVPSYD4BNwRp2o+Kr4Ed0tZ6Z1bfZOpbLTSDy6I4UlEiH3l5wIpc6qowFMkwJ8kciZIot3N8MvLq8QKBgBghiJdrw55xV64B5QVZeYMkgZnuD38c+TzQmsq+sZX3jPvPgUMb8859Vdy9YYGZEXcX14RhA813tKQW3DJZLYHyphLj/Xt41d+l5Ln6wNcUREOj2unpxgseErKO6NYRyWewp/nj/b9KwLXL7r+ZXJVTZYAVm4/TJgJeJ+Uj/BNtAoGAdz7Y2OqxkJux3Di7wnrxsCIfvsdmdSVA9cWCaMJrYdVmA9KekWulMWhPe4G7GwTpD9icYjMs2EqEbG0G5AsJvFHZ9RaRIlnYQ9TOOuerniqvqticHPF7C7tUQPrs2rvUxfumbGNVEIVpsMebEVys3v7PrA2/r6llo2dvbsKq2fk='),
	(25, 31, 'MIIBIjANBgkqhkiG9w0BAQEFAAOCAQ8AMIIBCgKCAQEAzRauLAF1q7PBv8eDU2DzXsrpaT1OH0EDNGPYpJ6IWxr07+ZD5xqpk28tqkai2Lf+fmRyW2Dtk9M3kHdW0q0Xaw2Ls6+cV8nGar0hD2WYWhjCEohMp25C/1VegLuSAJka/LSBQgtnf+kKWwQUItzVPkQ7PiZYL69LRRY6E+AH75gLa2GBCqU7+gZwA/n1KXDZnfJpL0x7XmU6peq6jGyOa8qbGLXpMdV80qdiSkF5ejZVe+k4ZQes386z5tWFdi51T1hrbN4WQ57o7/QiQkQKt3ePId7EXEA0Ve/z4Pb6MAuy2YPJwX91E8uXqsMs3S7DgyK5Xy9w+D9uSct113hpwQIDAQAB', 'MIIEvQIBADANBgkqhkiG9w0BAQEFAASCBKcwggSjAgEAAoIBAQDNFq4sAXWrs8G/x4NTYPNeyulpPU4fQQM0Y9iknohbGvTv5kPnGqmTby2qRqLYt/5+ZHJbYO2T0zeQd1bSrRdrDYuzr5xXycZqvSEPZZhaGMISiEynbkL/VV6Au5IAmRr8tIFCC2d/6QpbBBQi3NU+RDs+Jlgvr0tFFjoT4AfvmAtrYYEKpTv6BnAD+fUpcNmd8mkvTHteZTql6rqMbI5rypsYtekx1XzSp2JKQXl6NlV76ThlB6zfzrPm1YV2LnVPWGts3hZDnujv9CJCRAq3d48h3sRcQDRV7/Pg9vowC7LZg8nBf3UTy5eqwyzdLsODIrlfL3D4P25Jy3XXeGnBAgMBAAECggEACX8772cdpqblQWMM+XflSzHipURAzW0Ud7kKLaTW9/+PgTqwsSdsm/p/cwmwdbBPA1W1zzYVyFU1Bu5Eza6U5Zjf69ElcHIEO3oAuXqdF4p7FbI8uPnf1byzeqr87cTJQXOfIvKd30goieqOX2cqI4cTtnr+dU5U8ij/ZV9X5LwIq72FqqaI+KOsrWXwcbMsTfNteyVg9B+yjiwufPjaJKN2DWw5x3NOX1G06ypA20LZiXuTlMNUl74zNAsHFxxcMKY7m4nkCtqqRBvKOuxYOI1kcEA40vXOTnOKlLIoGI7WsM10aT7vK6S4XON1/3W1d46d7kyp++zl2Vika3ef8QKBgQDeXtvSWsbm8xkuvkssYCmEB04ORKBI6yZ27nvD5DqC/vfo9BSUlHoyEwbKl+ZDVtbOEtlwSc1vumrvDOfDvUfE/n4o+Lbq3yiSN/VOA+8l9XCaVLmHGvlCSe0CDFMtFQPJXIhViL9fhiUhooJs3cFauqH79d6vFHmGS7ooh9UjkQKBgQDsGr76OkhNfod0X9P8xhWaCsy0Ern7CiR/1StkfqH73Mt3qzsvxL+L4XZtSasepOyaOvUm4woAETWnFdUik2zx9A8BxJG+mhl3Ajj+mmM+JpV+uCjH90AZ0G2LfnDxRTFMcJ4I06jFw2Sssf/hZJvjt8yEgBE9rCFSxReXH19rMQKBgET5V2XgEmIAdYcyL08MZNQ3D9cNIkp75ept/qW8XQnU3EC9tMSBaYWusSSWCS5J+UbiQd+6hKZrRE/xyNHGHETWS3uZ6eLgZU01XjlcrwkvIEY+kW1+yGHvXDyOZh5Nrmb+9KrTR8jxawMLzTjHb/ocebIViYT07NzjEFMSDuKBAoGBAOs1GdweA7lvu3FrpbvDefGjoJojrbMxP3s52aibnrNSGkB1DNlhn5CyY1Ase5RjqHFdGqxKscOvYUu6rEFtrLK899ZDBQ5kZcnxJOY+128q8PL0c2wCHJGa2gaFR+6Th7Em38jbUt7w8HI6QTdBCyuoBs5Y5tQRjoDuZ7ndPymBAoGAIymVytpyefmB96350/kc8XPom/w/XG9HxJorg3iGm/V2yvqqzMVJcmL6KCVBIogYaM9uqpA7jfxaVDswxhfUynd1FYH2lTgbZ33ViYjvawl/re+aRSyvqmcWC7u3W9Xi3GKPequpAcTRiAd4pnqbDotVIgRhVHx/gRC7uXrj8kQ='),
	(26, 32, 'MIIBIjANBgkqhkiG9w0BAQEFAAOCAQ8AMIIBCgKCAQEAtEbqLopqiRwyPVvG0VhTPCkb7Rg8vz20k2bPR9sGlyqHKpEZC+jV5aBpq9B16JerTs6gFbhugnWiqIEuHFOVANI5wyJBuzX4Fkl+QoFoOEEOngax77P3aIBkvfDvwru5/TvjLkXrKxRsedeWGhixbnk31uHjm6tgboGk/9JJFnoaDjQLHjSORopOSOJHGIEkXtUNahCDKPaL55eXPPyoxA2JiIBC7sYDSWgLdQ/HjTteVZfFIWNRLHrW0wy2uwlREyLY4mJDdZLJmTpdzr52C0ATPVARU4J2YzkeFpf9fOBW5Cg3sh+YkaF96me1Hr06352YyXSUqSTpjoyMQJg7WQIDAQAB', 'MIIEvAIBADANBgkqhkiG9w0BAQEFAASCBKYwggSiAgEAAoIBAQC0RuouimqJHDI9W8bRWFM8KRvtGDy/PbSTZs9H2waXKocqkRkL6NXloGmr0HXol6tOzqAVuG6CdaKogS4cU5UA0jnDIkG7NfgWSX5CgWg4QQ6eBrHvs/dogGS98O/Cu7n9O+MuResrFGx515YaGLFueTfW4eObq2BugaT/0kkWehoONAseNI5Gik5I4kcYgSRe1Q1qEIMo9ovnl5c8/KjEDYmIgELuxgNJaAt1D8eNO15Vl8UhY1EsetbTDLa7CVETItjiYkN1ksmZOl3OvnYLQBM9UBFTgnZjOR4Wl/184FbkKDeyH5iRoX3qZ7UevTrfnZjJdJSpJOmOjIxAmDtZAgMBAAECggEAAY665DuG6nfS6pN56knLIQaDlFpdoo3pTi+EWTnNJ5hvILnr1zdw1A5Rrz55SdYE00yetsZyfX9hNT9KO6Mt8vcgkjDs4L0splLigh2/lgZG1B0iGCVXCxjAuUSWajHBdWUGARMAps1Kyo36lB290eaqP7NJj3m6jg77m9yyOgoDX75YteHenb0cBVFQbIxUuDEMlY/oCoKqO9Kb6k2iQJvPnmqEzNd5dEeXgyCOextTxcc8pD0WYcSs0wiBVFIWMuBzXgioazd9AZsMtwpDuO5sYFtPpCYG2EwZ0m1ahrcAd1tGCVYmSTvY+QhOnYGi8nIyETf2k1xl86ZmlO+UjwKBgQDCIGss09sQ08zCMNSPb+X/KzNSnFQakGSeKnQ8dY9DS7/sUvBvdjP4PvXZL1HDOQBV2I4AS9W8Uzfy3mxIFbemgyJi7ame+Owb0R0+lGvUo/g86P1syANOFa3jFSdscdAEMYYHU/OHuBoga1E9XpTNBIKPZLEUMKfBXAmAhlkxOwKBgQDtvHLujcLDOY243BrIcLeUjIYdtF3+xiHPUQ/VPCbgYemg8Mb367gYccDFCAhlbyDNKJrT1m0VLkCbJrn3glzevqgNGRZoH0RLwWpH2dvB95Fk0eHrvr7dP74V3WFqGkvuIPOAZdQOBJd3gKACMWsAnPuk+JpAvzHBbSxqAV98ewKBgF54Uk/FZaVBvTJ/euG2zdGon1hDdXZb8Gs8M8a8WxSfx21lS1aiylWzpgakTYDYu34LXcdtID1+rgqGDWHjF7VzuYc1K0eO0bATysyKhBM+HG7f33xRtbIJQM7ym3XdySJRS21DgI76m9RNBYL9BSLkX/kSQk6WAv1JIeKm/r7DAoGABukQajDCtYwJu5LiUGs+WtoO1/QzO0GlH/KaRDeAZctS0DPPhMtcSZGc6d1G6TPmvy/r+DZma1Qx2pCwnSoz6uGd3uuYxCQMhyszHK2Pfr7kggq7x29++s1siBQsTbo/9McObPAIzvOBN58Mh6PKGXV2tx/m0/T6zEWRIe+yR9sCgYAXJQTjrCaWwAKShn2tRj9ykUKu/GD6m8wTG9OPneAOKCvcdj63zsIFTdWYoaOl12fDmBl+GC4gE9+QLuiQvqVlTwiA9c+xbG0GvDq+Ur6seIR0gLRev9aD3An3Ejs40RjlF09o7vVCSD4sUpd6RhGkV/yJkKjBkgZkOTfAz2KJTg==');
/*!40000 ALTER TABLE `key_pairs` ENABLE KEYS */;

-- 导出  表 wcg_mall.official_collection 结构
CREATE TABLE IF NOT EXISTS `official_collection` (
  `id` bigint(20) NOT NULL AUTO_INCREMENT,
  `product_id` bigint(20) DEFAULT NULL,
  PRIMARY KEY (`id`)
) ENGINE=MyISAM DEFAULT CHARSET=utf8 COLLATE=utf8_unicode_ci;

-- 正在导出表  wcg_mall.official_collection 的数据：0 rows
/*!40000 ALTER TABLE `official_collection` DISABLE KEYS */;
/*!40000 ALTER TABLE `official_collection` ENABLE KEYS */;

-- 导出  表 wcg_mall.order 结构
CREATE TABLE IF NOT EXISTS `order` (
  `id` bigint(20) NOT NULL AUTO_INCREMENT,
  `order_number` varchar(50) COLLATE utf8_unicode_ci DEFAULT NULL,
  `status` int(11) DEFAULT NULL COMMENT '1待付款 2待接单 3已接单 4派送中 5已完成 6已取消',
  `user_id` bigint(20) DEFAULT NULL,
  `consignee` varchar(50) COLLATE utf8_unicode_ci DEFAULT NULL,
  `consignee_address` varchar(50) COLLATE utf8_unicode_ci DEFAULT NULL,
  `consignee_phone` varchar(11) COLLATE utf8_unicode_ci DEFAULT NULL,
  `email` varchar(20) COLLATE utf8_unicode_ci DEFAULT NULL,
  `pay_method` int(11) DEFAULT NULL,
  `pay_status` int(11) DEFAULT NULL COMMENT '支付状态 0未支付 1已支付 2退款',
  `amount` decimal(10,2) DEFAULT NULL,
  `order_time` datetime DEFAULT NULL,
  `checkout_time` datetime DEFAULT NULL,
  PRIMARY KEY (`id`)
) ENGINE=MyISAM AUTO_INCREMENT=72 DEFAULT CHARSET=utf8 COLLATE=utf8_unicode_ci;

-- 正在导出表  wcg_mall.order 的数据：5 rows
/*!40000 ALTER TABLE `order` DISABLE KEYS */;
INSERT INTO `order` (`id`, `order_number`, `status`, `user_id`, `consignee`, `consignee_address`, `consignee_phone`, `email`, `pay_method`, `pay_status`, `amount`, `order_time`, `checkout_time`) VALUES
	(71, '2024-02-27T19:49:07.166544600', 2, 32, '陈韦江', '重庆市涪陵区白涛街道', '18223354992', '1774532899@qq.com', 1, 1, 99.99, '2024-02-27 19:49:07', '2024-02-27 19:49:24'),
	(69, '2024-02-27T19:23:14.502071100', 2, 32, '陈韦江', '重庆市涪陵区白涛街道', '18223354992', '1774532899@qq.com', 1, 1, 99.99, '2024-02-27 19:23:15', '2024-02-27 19:23:35'),
	(68, '2024-02-27T19:14:11.996017', 2, 32, '陈韦江', '重庆市涪陵区白涛街道', '18223354992', '1774532899@qq.com', 1, 1, 99.99, '2024-02-27 19:14:12', '2024-02-27 19:14:34'),
	(67, '2024-02-27T19:07:02.691632900', 2, 32, '陈韦江', '重庆市涪陵区白涛街道', '18223354992', '1774532899@qq.com', 1, 1, 199.99, '2024-02-27 19:07:03', '2024-02-27 19:07:48'),
	(64, '2024-02-26T20:57:59.566628900', 1, 32, '陈韦江', '重庆市涪陵区白涛街道', '18223354992', '1774532899@qq.com', 1, 0, 2000.00, '2024-02-26 20:58:00', NULL),
	(66, '2024-02-26T21:01:29.245446900', 2, 32, '陈韦江', '重庆市涪陵区白涛街道', '18223354992', '1774532899@qq.com', 1, 1, 1000.00, '2024-02-26 21:01:29', '2024-02-26 21:01:52'),
	(65, '2024-02-26T20:58:45.839829400', 2, 32, '陈韦江', '重庆市涪陵区白涛街道', '18223354992', '1774532899@qq.com', 1, 1, 2000.00, '2024-02-26 20:58:46', '2024-02-26 20:59:15'),
	(63, '2024-02-26T20:55:57.568472', 2, 32, '陈佑强', '重庆市涪陵区白涛街道', '18225111623', '1774532899@qq.com', 1, 1, 100.00, '2024-02-26 20:55:58', '2024-02-26 20:56:23');
/*!40000 ALTER TABLE `order` ENABLE KEYS */;

-- 导出  表 wcg_mall.order_detail 结构
CREATE TABLE IF NOT EXISTS `order_detail` (
  `id` bigint(20) NOT NULL AUTO_INCREMENT,
  `order_number` varchar(50) COLLATE utf8_unicode_ci DEFAULT NULL,
  `product_id` bigint(20) DEFAULT NULL,
  `product_number` int(11) DEFAULT NULL,
  PRIMARY KEY (`id`)
) ENGINE=MyISAM AUTO_INCREMENT=9 DEFAULT CHARSET=utf8 COLLATE=utf8_unicode_ci;

-- 正在导出表  wcg_mall.order_detail 的数据：4 rows
/*!40000 ALTER TABLE `order_detail` DISABLE KEYS */;
INSERT INTO `order_detail` (`id`, `order_number`, `product_id`, `product_number`) VALUES
	(1, '2024-02-26T20:55:57.568472', 17, 2),
	(2, '2024-02-26T20:58:45.839829400', 12, 2),
	(3, '2024-02-26T21:01:29.245446900', 12, 1),
	(4, '2024-02-27T19:07:02.691632900', 14, 1),
	(5, '2024-02-27T19:14:11.996017', 11, 1),
	(6, '2024-02-27T19:23:14.502071100', 11, 1),
	(7, '1709034422193', 11, 1),
	(8, '2024-02-27T19:49:07.166544600', 11, 1);
/*!40000 ALTER TABLE `order_detail` ENABLE KEYS */;

-- 导出  表 wcg_mall.product 结构
CREATE TABLE IF NOT EXISTS `product` (
  `id` bigint(20) NOT NULL AUTO_INCREMENT,
  `create_time` datetime DEFAULT NULL,
  `update_time` datetime DEFAULT NULL,
  `create_user` bigint(20) DEFAULT NULL,
  `update_user` bigint(20) DEFAULT NULL,
  `name` varchar(100) COLLATE utf8_unicode_ci DEFAULT NULL,
  `category_id` bigint(20) DEFAULT '0',
  `brand_id` bigint(20) DEFAULT '0',
  `price` decimal(10,2) DEFAULT NULL,
  `inventory` int(11) DEFAULT NULL,
  `image` varchar(255) COLLATE utf8_unicode_ci DEFAULT NULL,
  `description` varchar(500) COLLATE utf8_unicode_ci DEFAULT NULL,
  `label` varchar(20) COLLATE utf8_unicode_ci DEFAULT NULL,
  `status` int(11) DEFAULT '0',
  PRIMARY KEY (`id`)
) ENGINE=MyISAM AUTO_INCREMENT=23 DEFAULT CHARSET=utf8 COLLATE=utf8_unicode_ci;

-- 正在导出表  wcg_mall.product 的数据：10 rows
/*!40000 ALTER TABLE `product` DISABLE KEYS */;
INSERT INTO `product` (`id`, `create_time`, `update_time`, `create_user`, `update_user`, `name`, `category_id`, `brand_id`, `price`, `inventory`, `image`, `description`, `label`, `status`) VALUES
	(12, '2024-02-19 16:16:03', '2024-02-20 15:58:13', 23, 23, '双人床', 8, 6, 1000.00, 199, 'https://web-framework-cwj.oss-cn-chengdu.aliyuncs.com/64650f2f-ebe1-4685-9c8c-e760a8cf81b6.jpg', '<p>双人床</p>', '', 1),
	(11, '2024-02-19 16:15:26', '2024-02-20 16:12:17', 23, 23, '沙发', 8, 5, 99.99, 100, 'https://web-framework-cwj.oss-cn-chengdu.aliyuncs.com/4e10ca11-6200-4291-8368-9d34ef0b5365.jpg', '<p>沙发</p>', '10%折扣', 1),
	(14, '2024-02-20 15:18:21', '2024-02-20 15:58:20', 23, 23, '立灯', 9, 7, 199.99, 100, 'https://web-framework-cwj.oss-cn-chengdu.aliyuncs.com/7a264cdd-f957-46a7-abf9-7a72138f05e8.jpg', '<p>立灯</p>', '', 1),
	(15, '2024-02-20 15:19:48', '2024-02-20 15:58:30', 23, 23, '灰色长沙发', 8, 5, 1000.00, 12, 'https://web-framework-cwj.oss-cn-chengdu.aliyuncs.com/ce74de6e-6b52-4e1e-b34e-c25fdc2c87ac.jpg', '<p>灰色长沙发</p>', '新品上市', 1),
	(16, '2024-02-20 16:13:05', '2024-02-20 21:28:44', 23, 23, '台灯', 9, 6, 99.00, 1000, 'https://web-framework-cwj.oss-cn-chengdu.aliyuncs.com/84e7e93f-333c-491e-8c2b-879a817b51d9.jpg', '<p>小台灯</p>', '新品上市', 1),
	(17, '2024-02-20 16:13:49', '2024-02-20 21:44:31', 23, 23, '蓝色沙发', 10, 7, 50.00, 1000, 'https://web-framework-cwj.oss-cn-chengdu.aliyuncs.com/e56cf35b-9b0b-4187-b041-8237ab0fd507.jpg', '<p>蓝色沙发</p>', '促销', 1),
	(18, '2024-02-20 17:29:58', '2024-02-20 21:30:31', 23, 23, '吊灯', 9, 6, 99.99, 12, 'https://web-framework-cwj.oss-cn-chengdu.aliyuncs.com/e868d17e-cf2c-44fc-ab04-79d60caddfd6.jpg', '<p>吊灯</p>', '', 1),
	(19, '2024-02-20 17:30:45', '2024-02-20 21:30:31', 23, 23, '蓝色单人沙发', 8, 7, 199.00, 100, 'https://web-framework-cwj.oss-cn-chengdu.aliyuncs.com/88d238e5-f22e-4b77-91cc-72fb9dad9886.jpg', '<p>蓝色单人沙发</p>', '', 1),
	(20, '2024-02-20 17:31:28', '2024-02-20 21:30:32', 23, 23, '粉色单人沙发', 8, 6, 199.00, 80, 'https://web-framework-cwj.oss-cn-chengdu.aliyuncs.com/c9484ac0-ad55-4a30-b5b1-a878e47ef798.jpg', '<p>粉色单人沙发</p>', '限定款式', 1),
	(21, '2024-02-20 17:52:58', '2024-02-20 21:37:30', 23, 23, '台灯', 9, 6, 199.00, 100, 'https://web-framework-cwj.oss-cn-chengdu.aliyuncs.com/fdf25d44-2527-41b0-a1fc-54c72189b2b3.jpg', '<p>台灯</p>', '', 1);
/*!40000 ALTER TABLE `product` ENABLE KEYS */;

-- 导出  表 wcg_mall.product_brand 结构
CREATE TABLE IF NOT EXISTS `product_brand` (
  `id` bigint(20) NOT NULL AUTO_INCREMENT,
  `create_time` datetime DEFAULT NULL,
  `update_time` datetime DEFAULT NULL,
  `create_user` bigint(20) DEFAULT NULL,
  `update_user` bigint(20) DEFAULT NULL,
  `name` varchar(50) COLLATE utf8_unicode_ci DEFAULT NULL,
  PRIMARY KEY (`id`)
) ENGINE=MyISAM AUTO_INCREMENT=8 DEFAULT CHARSET=utf8 COLLATE=utf8_unicode_ci;

-- 正在导出表  wcg_mall.product_brand 的数据：3 rows
/*!40000 ALTER TABLE `product_brand` DISABLE KEYS */;
INSERT INTO `product_brand` (`id`, `create_time`, `update_time`, `create_user`, `update_user`, `name`) VALUES
	(7, '2024-02-20 15:57:17', '2024-02-20 15:57:17', 23, 23, '源氏木语'),
	(5, '2024-02-20 15:55:03', '2024-02-20 15:55:03', 23, 23, '全友家居'),
	(6, '2024-02-20 15:56:44', '2024-02-20 15:56:44', 23, 23, '林氏家具');
/*!40000 ALTER TABLE `product_brand` ENABLE KEYS */;

-- 导出  表 wcg_mall.product_category 结构
CREATE TABLE IF NOT EXISTS `product_category` (
  `id` bigint(20) NOT NULL AUTO_INCREMENT,
  `create_time` datetime DEFAULT NULL,
  `update_time` datetime DEFAULT NULL,
  `create_user` bigint(20) DEFAULT NULL,
  `update_user` bigint(20) DEFAULT NULL,
  `name` varchar(50) COLLATE utf8_unicode_ci DEFAULT NULL,
  PRIMARY KEY (`id`)
) ENGINE=MyISAM AUTO_INCREMENT=11 DEFAULT CHARSET=utf8 COLLATE=utf8_unicode_ci;

-- 正在导出表  wcg_mall.product_category 的数据：3 rows
/*!40000 ALTER TABLE `product_category` DISABLE KEYS */;
INSERT INTO `product_category` (`id`, `create_time`, `update_time`, `create_user`, `update_user`, `name`) VALUES
	(10, '2024-02-20 15:41:57', '2024-02-20 15:41:57', 23, 23, '装饰'),
	(8, '2024-02-20 15:41:43', '2024-02-20 15:41:43', 23, 23, '家具'),
	(9, '2024-02-20 15:41:49', '2024-02-20 15:41:49', 23, 23, '灯具');
/*!40000 ALTER TABLE `product_category` ENABLE KEYS */;

-- 导出  表 wcg_mall.product_color 结构
CREATE TABLE IF NOT EXISTS `product_color` (
  `id` bigint(20) NOT NULL AUTO_INCREMENT,
  `product_id` bigint(20) DEFAULT NULL,
  `value` varchar(255) COLLATE utf8_unicode_ci DEFAULT NULL,
  PRIMARY KEY (`id`)
) ENGINE=MyISAM AUTO_INCREMENT=3 DEFAULT CHARSET=utf8 COLLATE=utf8_unicode_ci;

-- 正在导出表  wcg_mall.product_color 的数据：2 rows
/*!40000 ALTER TABLE `product_color` DISABLE KEYS */;
INSERT INTO `product_color` (`id`, `product_id`, `value`) VALUES
	(1, 1, 'test_color'),
	(2, 1, 'test_color1');
/*!40000 ALTER TABLE `product_color` ENABLE KEYS */;

-- 导出  表 wcg_mall.product_discount 结构
CREATE TABLE IF NOT EXISTS `product_discount` (
  `id` bigint(20) NOT NULL AUTO_INCREMENT,
  `create_user` bigint(20) DEFAULT NULL,
  `product_id` bigint(20) DEFAULT NULL,
  `discounted_price` decimal(10,2) DEFAULT NULL,
  PRIMARY KEY (`id`)
) ENGINE=MyISAM DEFAULT CHARSET=utf8 COLLATE=utf8_unicode_ci;

-- 正在导出表  wcg_mall.product_discount 的数据：0 rows
/*!40000 ALTER TABLE `product_discount` DISABLE KEYS */;
/*!40000 ALTER TABLE `product_discount` ENABLE KEYS */;

-- 导出  表 wcg_mall.product_new 结构
CREATE TABLE IF NOT EXISTS `product_new` (
  `id` bigint(20) NOT NULL AUTO_INCREMENT,
  `create_time` datetime DEFAULT NULL,
  `create_user` bigint(20) DEFAULT NULL,
  `product_id` bigint(20) DEFAULT NULL,
  PRIMARY KEY (`id`)
) ENGINE=MyISAM DEFAULT CHARSET=utf8 COLLATE=utf8_unicode_ci;

-- 正在导出表  wcg_mall.product_new 的数据：0 rows
/*!40000 ALTER TABLE `product_new` DISABLE KEYS */;
/*!40000 ALTER TABLE `product_new` ENABLE KEYS */;

-- 导出  表 wcg_mall.product_statistics 结构
CREATE TABLE IF NOT EXISTS `product_statistics` (
  `id` bigint(20) NOT NULL AUTO_INCREMENT,
  `product_id` bigint(20) DEFAULT NULL,
  `sales_value` int(11) DEFAULT NULL,
  PRIMARY KEY (`id`)
) ENGINE=MyISAM DEFAULT CHARSET=utf8 COLLATE=utf8_unicode_ci;

-- 正在导出表  wcg_mall.product_statistics 的数据：0 rows
/*!40000 ALTER TABLE `product_statistics` DISABLE KEYS */;
/*!40000 ALTER TABLE `product_statistics` ENABLE KEYS */;

-- 导出  表 wcg_mall.shopping_cart 结构
CREATE TABLE IF NOT EXISTS `shopping_cart` (
  `id` bigint(20) NOT NULL AUTO_INCREMENT,
  `product_id` bigint(20) DEFAULT NULL,
  `user_id` bigint(20) DEFAULT NULL,
  `number` int(11) DEFAULT NULL,
  PRIMARY KEY (`id`)
) ENGINE=MyISAM AUTO_INCREMENT=57 DEFAULT CHARSET=utf8 COLLATE=utf8_unicode_ci;

-- 正在导出表  wcg_mall.shopping_cart 的数据：3 rows
/*!40000 ALTER TABLE `shopping_cart` DISABLE KEYS */;
INSERT INTO `shopping_cart` (`id`, `product_id`, `user_id`, `number`) VALUES
	(22, 12, 23, 6),
	(56, 14, 32, 2),
	(55, 12, 32, 1),
	(54, 11, 32, 2),
	(23, 15, 23, 3),
	(24, 14, 23, 1);
/*!40000 ALTER TABLE `shopping_cart` ENABLE KEYS */;

-- 导出  表 wcg_mall.user 结构
CREATE TABLE IF NOT EXISTS `user` (
  `id` bigint(20) NOT NULL AUTO_INCREMENT,
  `create_time` datetime DEFAULT NULL,
  `update_time` datetime DEFAULT NULL,
  `username` varchar(20) COLLATE utf8_unicode_ci DEFAULT NULL,
  `nick_name` varchar(20) COLLATE utf8_unicode_ci DEFAULT NULL,
  `email` varchar(20) COLLATE utf8_unicode_ci DEFAULT NULL,
  `password` text COLLATE utf8_unicode_ci,
  `phone` varchar(11) COLLATE utf8_unicode_ci DEFAULT NULL,
  `avatar` varchar(255) COLLATE utf8_unicode_ci DEFAULT NULL,
  `status` int(11) DEFAULT '1' COMMENT '1:普通用户  2：卖家  3：管理员',
  `state` int(11) DEFAULT '0',
  PRIMARY KEY (`id`)
) ENGINE=MyISAM AUTO_INCREMENT=33 DEFAULT CHARSET=utf8 COLLATE=utf8_unicode_ci;

-- 正在导出表  wcg_mall.user 的数据：2 rows
/*!40000 ALTER TABLE `user` DISABLE KEYS */;
INSERT INTO `user` (`id`, `create_time`, `update_time`, `username`, `nick_name`, `email`, `password`, `phone`, `avatar`, `status`, `state`) VALUES
	(32, NULL, NULL, '陈韦江', 'cwj123', '1774532899@qq.com', 'XqDxKtH3z/7pr4VPS5JBU6r2VRkUVMx4AAq35efz66TBGYItGNV5myOq0xjg+KKPTDj1e3R4jJtZfyUSRfoYyU18h7DOsP1nY6by4ZHOd54H8S3y+7vLMgsA5lIdgNPScwsqB+O/Kn3tlpx/vevOTGq3w2p6dClQgL+SjIWIQwafskkjoYbQ1nfYAJEtaQ6gJwNuDp292933DV8daFD9CM7pgkKTxcOEo6SHTjPJRn4u5COr8wggri4VsAcfl6hQo4VVyRROrXJQD9C6y2T/xvMErxgsJG9E3pR7mu5dE6h9OeA4dGwYR9UFUf/SSVyQmM9txXLwkYadGtsEJHaltg==', '18223354992', 'https://web-framework-cwj.oss-cn-chengdu.aliyuncs.com/ce2c7d74-ca9b-4486-8766-a262aca72068.jpg', 1, 1),
	(23, NULL, NULL, '管理员', 'admin', '2897656259@qq.com', 'iBAFH7w5EnKi9Z1xGF4z6ZjQe0pakU/0q77iDWNmYPdCRw/884faxnCJckTl6fJD8fuUl3Y5+36tp8slFmozNL9jXHBdPfFQf1Q0TUabn8sdURGbBtOnGmPLm+Nu3rPuSkdtFLJsou1g6wHkvR6Ot6b4gtwFC+75IPwATH7CD87FSRHqTGyScZ/DcofIfLMCFD5zTdytyZu1vG0WNPx9VAiwaFe0rq9bGQhL0aKqxZytk0DuoBR+1dgZeD2dtsNFDMXJpMQbNQg0/nk7drKo9amdqmGxsI/UHYMDtzokg/OcdqqonOhZLtFYD6BvCpozXLojYuvwmoAFoh5UY59rSQ==', '13290010295', 'https://web-framework-cwj.oss-cn-chengdu.aliyuncs.com/ce2c7d74-ca9b-4486-8766-a262aca72068.jpg', 3, 1);
/*!40000 ALTER TABLE `user` ENABLE KEYS */;

-- 导出  表 wcg_mall.user_wish_list 结构
CREATE TABLE IF NOT EXISTS `user_wish_list` (
  `id` bigint(20) NOT NULL AUTO_INCREMENT,
  `user_id` bigint(20) NOT NULL,
  `product_id` bigint(20) NOT NULL,
  PRIMARY KEY (`id`)
) ENGINE=MyISAM AUTO_INCREMENT=31 DEFAULT CHARSET=utf8 COLLATE=utf8_unicode_ci;

-- 正在导出表  wcg_mall.user_wish_list 的数据：5 rows
/*!40000 ALTER TABLE `user_wish_list` DISABLE KEYS */;
INSERT INTO `user_wish_list` (`id`, `user_id`, `product_id`) VALUES
	(27, 32, 14),
	(26, 32, 11),
	(25, 32, 12),
	(29, 23, 12),
	(30, 23, 15);
/*!40000 ALTER TABLE `user_wish_list` ENABLE KEYS */;

/*!40101 SET SQL_MODE=IFNULL(@OLD_SQL_MODE, '') */;
/*!40014 SET FOREIGN_KEY_CHECKS=IF(@OLD_FOREIGN_KEY_CHECKS IS NULL, 1, @OLD_FOREIGN_KEY_CHECKS) */;
/*!40101 SET CHARACTER_SET_CLIENT=@OLD_CHARACTER_SET_CLIENT */;
