-- --------------------------------------------------------
-- 主机:                           127.0.0.1
-- 服务器版本:                        5.7.26 - MySQL Community Server (GPL)
-- 服务器操作系统:                      Win64
-- HeidiSQL 版本:                  11.0.0.5919
-- --------------------------------------------------------

/*!40101 SET @OLD_CHARACTER_SET_CLIENT=@@CHARACTER_SET_CLIENT */;
/*!40101 SET NAMES utf8 */;
/*!50503 SET NAMES utf8mb4 */;
/*!40014 SET @OLD_FOREIGN_KEY_CHECKS=@@FOREIGN_KEY_CHECKS, FOREIGN_KEY_CHECKS=0 */;
/*!40101 SET @OLD_SQL_MODE=@@SQL_MODE, SQL_MODE='NO_AUTO_VALUE_ON_ZERO' */;


-- 导出 wcg_mall 的数据库结构
CREATE DATABASE IF NOT EXISTS `wcg_mall` /*!40100 DEFAULT CHARACTER SET utf8 COLLATE utf8_unicode_ci */;
USE `wcg_mall`;

-- 导出  表 wcg_mall.address_book 结构
CREATE TABLE IF NOT EXISTS `address_book` (
  `id` bigint(20) NOT NULL AUTO_INCREMENT,
  `user_id` bigint(20) DEFAULT NULL,
  `consignee` varchar(20) COLLATE utf8_unicode_ci DEFAULT NULL,
  `consignee_address` varchar(500) COLLATE utf8_unicode_ci DEFAULT NULL,
  `consignee_phone` varchar(11) COLLATE utf8_unicode_ci DEFAULT NULL,
  `default` int(11) DEFAULT '0',
  PRIMARY KEY (`id`)
) ENGINE=MyISAM AUTO_INCREMENT=25 DEFAULT CHARSET=utf8 COLLATE=utf8_unicode_ci;

-- 正在导出表  wcg_mall.address_book 的数据：5 rows
/*!40000 ALTER TABLE `address_book` DISABLE KEYS */;
INSERT INTO `address_book` (`id`, `user_id`, `consignee`, `consignee_address`, `consignee_phone`, `default`) VALUES
	(10, 32, '杨健', '重庆市涪陵区', '13290010295', 1),
	(2, 32, '陈韦江', '重庆市涪陵区白涛街道', '18223354992', 0),
	(18, 36, '测试', '重庆市涪陵区', '18223354992', NULL),
	(15, 32, '陈佑强', '重庆市涪陵区白涛街道', '18223354992', NULL),
	(17, 36, '陈韦江', '重庆市沙坪坝区', '18223354992', 1);
/*!40000 ALTER TABLE `address_book` ENABLE KEYS */;

-- 导出  表 wcg_mall.blog 结构
CREATE TABLE IF NOT EXISTS `blog` (
  `id` bigint(20) NOT NULL AUTO_INCREMENT,
  `create_time` datetime DEFAULT NULL,
  `update_time` datetime DEFAULT NULL,
  `create_user` bigint(20) DEFAULT NULL,
  `update_user` bigint(20) DEFAULT NULL,
  `title` varchar(50) COLLATE utf8_unicode_ci DEFAULT NULL,
  `content` text COLLATE utf8_unicode_ci,
  `image` varchar(255) COLLATE utf8_unicode_ci DEFAULT NULL,
  PRIMARY KEY (`id`)
) ENGINE=MyISAM AUTO_INCREMENT=18 DEFAULT CHARSET=utf8 COLLATE=utf8_unicode_ci;

-- 正在导出表  wcg_mall.blog 的数据：7 rows
/*!40000 ALTER TABLE `blog` DISABLE KEYS */;
INSERT INTO `blog` (`id`, `create_time`, `update_time`, `create_user`, `update_user`, `title`, `content`, `image`) VALUES
	(10, '2024-11-01 15:35:22', '2025-04-18 17:03:10', 36, 36, '川剧绝活：变脸', '<p><span style="font-size: 19px; font-family: 微软雅黑;">千年绝技的魔幻密码：解码川剧变脸的时空魅影</span></p><p><span style="font-size: 19px; font-family: 微软雅黑;">在成都锦里古街的露天戏台上，当铜锣声骤然划破暮色，一张青面獠牙的鬼王面具突然绽裂，露出旦角含泪的素颜。这电光火石间的面容更迭，让初次观看川剧变脸的外国游客集体失声——他们不知道，此刻见证的不仅是戏剧魔术，更是一场穿越千年的文明对话。</span></p><p><br></p><p><span style="font-size: 19px; font-family: 微软雅黑;">一、青铜时代的生存密码</span></p><p><span style="font-size: 19px; font-family: 微软雅黑;">三星堆遗址出土的黄金面具暗藏玄机，考古学家在青铜纵目面具内侧发现了植物染料的残留。这与《华阳国志》中"蜀人画脸驱虎豹"的记载惊人契合。古蜀先民或许是最早的"变脸师"，他们用赭石、朱砂在兽皮上绘制可替换的面部图腾，形成原始的多层面具系统。每当部族迁徙，战士便背负着这些"表情包"，在密林深处上演震慑野兽的生存戏剧。</span></p><p><img src="https://web-framework-cwj.oss-cn-chengdu.aliyuncs.com/5504a2f7-3ba2-4841-94ca-d266abb44e04.jpg" alt="" data-href="" style=""/></p><p><span style="font-size: 19px; font-family: 微软雅黑;">大足石刻的宋代造像中，观音三十三应化身像暗藏机关，通过可旋转的莲花座实现法相变换。这种古代机械装置为川剧变脸提供了技术原型，明代戏班将丝绸夹层与磁石结合，创造出可瞬间切换的"十八罗汉面"。清光绪年间的戏折记载，名角彭天喜在《白蛇传》中连变九张脸谱，从法海的怒目金刚到许仙的惶惑书生，全程仅用半柱香时间。</span></p><p><br></p><p><span style="font-size: 19px; font-family: 微软雅黑;">二、后台揭秘：面部魔术的四种维度</span></p><p><span style="font-size: 19px; font-family: 微软雅黑;">1. 扯脸绝技的物理美学（科学解析）</span></p><p><span style="font-size: 19px; font-family: 微软雅黑;">当代川剧传人王金龙的工作室陈列着解构的变脸道具：蚕丝制成的脸谱薄如蝉翼（0.03毫米），内置记忆合金骨架。每张脸谱边缘密布微型钩爪，通过肩部肌肉牵动钢丝传动。这种精密系统能在0.5秒内完成七层脸谱的剥离，其力学原理堪比航天器的折叠太阳能板。</span></p><p><br></p><p><span style="font-size: 19px; font-family: 微软雅黑;">2. 吹粉术的化学方程式</span></p><p><span style="font-size: 19px; font-family: 微软雅黑;">看似浪漫的吹脸艺术实则是精准的化学实验。金粉需混入3%的阿拉伯胶增加附着力，银粉要搭配特制松香增强反光。演员含在口中的微型气囊经过三十年训练才能控制气流，让粉末在面部形成渐变效果。《火焰山》中铁扇公主的"三色渐变脸"，实则是三次不同角度吐息的艺术叠加。</span></p><p><br></p><p><span style="font-size: 19px; font-family: 微软雅黑;">3. 运气变脸的生物密码</span></p><p><span style="font-size: 19px; font-family: 微软雅黑;">这项濒临失传的秘技依赖面部微血管的精确控制。传承人李老爷子每天用川乌药酒敷面，通过刺激面部神经增强毛细血管收缩能力。当他演绎《卧龙吊孝》时，运功后面部会自然浮现诸葛亮的病容，这种生物易容术至今未被现代科技完全破译。</span></p><p><br></p><p><span style="font-size: 19px; font-family: 微软雅黑;">三、数字时代的文明突围</span></p><p><span style="font-size: 19px; font-family: 微软雅黑;">在成都非遗公园，全息投影技术重现了光绪年间的经典变脸场景。智能脸谱内置LED矩阵，可实现每秒20次的图案切换。但老艺人们坚持保留丝绸质感，他们与麻省理工团队合作开发的"电子丝绸"，既保留了0.1毫米的轻薄特性，又能显示动态脸谱图案。</span></p><p><br></p><p><span style="font-size: 19px; font-family: 微软雅黑;">抖音直播间里，00后传承人小茶茶用变脸绝活带货。当商品从火锅底料切换到汉服时，她的脸谱同步变为红脸关公和青衣旦角。这种古老的戏剧语言正在重构商业传播密码，单场直播最高吸引800万观众，让变脸艺术获得前所未有的传播裂变。</span></p><p><br></p><p><span style="font-size: 19px; font-family: 微软雅黑;">夜色中的锦江剧场，第1024代变脸传人谢幕时突然露出自己的真容——那是张布满皱纹却神采奕奕的脸。瞬息间，老人脸上浮现出青铜面具、宋代观音、明代脸谱的虚影，最终定格在二维码形态。观众扫码进入的H5页面，正滚动播放着三千年变脸史的数字化档案。这场传统与现代的终极变奏，让古老技艺在数字洪流中完成了惊艳的重生</span></p>', 'https://web-framework-cwj.oss-cn-chengdu.aliyuncs.com/3db9481a-35b9-4d60-8409-9bb75bd5d190.jpg'),
	(11, '2024-11-01 15:36:07', '2024-11-01 15:36:07', 36, 36, '舞狮', '舞狮是驱邪避害的吉祥瑞物，每逢节庆或有重大活动必有舞狮助兴，长盛不衰，历代相传。舞狮活动也广泛流传于海外华人社区，有华人之处，必有舞狮，这成为了扬民族之威、立中国之魂的重要仪式，以及海外同胞认祖归宗的文化桥梁，其文化价值和影响十分深远。据说这一习俗是起源于三国时期，在南北朝时开始流行，至今已有一千多年的历史。传说，它最早是从西域传入的，狮子是文殊菩萨的坐骑，随着佛教传入中国，舞狮子的活动也输入中国。狮子是汉武帝派张骞出使西域后，和孔雀等一同带回的贡品。而狮舞的技艺却是引自西凉的＂假面戏＂，也有人认为狮舞是五世纪时产生于刘宋的军队，后来传入民间的。两种说法都各有依据，今天已很难判断其是非。', 'https://web-framework-cwj.oss-cn-chengdu.aliyuncs.com/65152cdb-3455-4db5-bdfd-7cff5dd9eb29.jpg'),
	(12, '2024-11-01 15:36:23', '2024-11-01 15:36:23', 36, 36, '中华传统的魅力', '中华优秀传统文化是人类文明的宝贵财富，是新时代中国特色社会主义文化的根基和重要组成部分，源远流长、博大精深、魅力无穷它有十大魅力：修齐治平的家国情怀，胸怀天下的宏大格局，无远弗界的远大志向，孜孜以求的学习精神，知行合一的道德修养，止于至善的厚德载物，慷慨赴死的英雄气概，居安思危的忧患意识，福祸相依的辩证智慧，求新求变的创新思维。汲取、弘扬中华优秀传统文化的魅力，对于坚定文化自信，实现中华民族伟大复兴具有重要意义。', 'https://web-framework-cwj.oss-cn-chengdu.aliyuncs.com/8eaa12a9-3bb6-49e8-92aa-6b6f44753f37.jpg'),
	(13, '2025-04-11 16:06:22', '2025-04-11 16:06:22', 36, 36, '文创商品解码：如何用设计语言讲好文化故事？', '引言：从故宫胶带纸到敦煌飞天盲盒，文创商品正成为年轻人追捧的文化消费新宠。但如何让传统文化"活"起来？设计是关键密码。\r\n符号提取与重构：案例解析三星堆青铜面具如何被转化为潮玩造型（如简化线条、夸张比例）；\r\n功能性嫁接：苏州博物馆"文徵明紫藤种子"礼盒，用植物生长连接历史与生活仪式感；\r\n情感共鸣公式：故宫猫IP的成功逻辑——萌化严肃文化，降低认知门槛；\r\n互动体验设计：AR明信片、可拼装古建筑模型如何让消费者从"旁观者"变为"参与者"。\r\n结语：文创不是文物复刻，而是用现代语言重译文化基因。', 'https://web-framework-cwj.oss-cn-chengdu.aliyuncs.com/dfa73368-939e-4500-9acc-81c847fd3d5d.jpg'),
	(14, '2025-04-11 16:06:50', '2025-04-11 17:54:35', 36, 36, '从书签到潮鞋：文创如何打破次元壁征服Z世代？', '现象观察：当非遗刺绣出现在运动鞋上，当《山海经》神兽变成桌游角色，跨界联名正在重构文创边界。\r\n破圈逻辑：\r\n\r\n场景渗透：河南博物院"考古盲盒"将考古体验搬进客厅，让文化消费日常化；\r\n圈层共鸣：汉服+电竞、戏曲+说唱——用青年文化语态解构传统；\r\n社交货币属性：敦煌研究院"飞天冰淇淋"为何成为打卡标配？颜值经济+文化认同双重驱动；\r\n限量营销策略：故宫"十二花神杯"饥饿营销背后的身份认同消费心理。\r\n数据支撑：引用《2023文创消费报告》中Z世代购买动机数据（如"拍照分享"占比超60%）。', 'https://web-framework-cwj.oss-cn-chengdu.aliyuncs.com/24bb14fa-7c21-4f09-b0ee-9b36a6eb5efd.jpg'),
	(15, '2025-04-11 16:07:33', '2025-04-11 16:07:33', 36, 36, '文创产品的"灵魂三问"：有趣、有用、有温度？', '痛点分析：为什么有些文创叫好不叫座？脱离实用性、过度堆砌文化符号是致命伤。\r\n成功要素拆解：\r\n\r\n有趣不肤浅：陕西历史博物馆"唐妞"IP的表情包衍生品，用幽默化解历史距离感；\r\n有用不鸡肋：中国国家图书馆"甲骨文调味罐"，让3000年前文字融入厨房美学；\r\n有温度不矫情：大英博物馆"罗塞塔石碑U盘"，用存储功能隐喻文明传承使命；\r\n可持续价值：景德镇陶瓷文创如何通过材料创新实现环保与文化的双赢。\r\n消费者访谈：引用真实用户评价，如"买的不只是产品，是能被使用的文化记忆"。', 'https://web-framework-cwj.oss-cn-chengdu.aliyuncs.com/839f47cb-f7a5-4383-9113-f9a9803b002f.jpg'),
	(16, '2025-04-11 16:07:53', '2025-04-18 17:13:54', 36, 36, '从伴手礼到文化输出：文创商品如何撬动千亿市场？', '<p>行业洞察：全球文创产业规模突破4万亿美元，中国IP衍生品开发仍处于爆发前夜。<br></p><p>市场突围策略：<br></p><p><img src="https://web-framework-cwj.oss-cn-chengdu.aliyuncs.com/506726ac-de27-4d19-a44d-41cad501d112.jpg" alt="" data-href="" style=""/></p><p>在地文化挖掘：案例：泉州"蟳埔女"簪花头饰如何从渔村习俗变身文旅爆款；<br></p><p>科技赋能体验：3D打印定制皮影、数字藏品NFT的虚实融合玩法；<br></p><p>产业链升级：景德镇陶溪川文创园如何打造"设计-生产-销售"生态闭环；<br></p><p>出海路径探索：李子柒IP文创在YouTube的传播启示——用视觉叙事跨越语言障碍。<br></p><p>专家观点：引用清华大学文创研究院关于"文化转译力"的论述，强调降低文化折扣率的重要性。</p>', 'https://web-framework-cwj.oss-cn-chengdu.aliyuncs.com/ac0ea7db-d230-4487-92c9-a3d380ff2d70.jpg');
/*!40000 ALTER TABLE `blog` ENABLE KEYS */;

-- 导出  表 wcg_mall.comments 结构
CREATE TABLE IF NOT EXISTS `comments` (
  `id` bigint(20) NOT NULL AUTO_INCREMENT COMMENT 'ID',
  `pid` bigint(20) DEFAULT NULL COMMENT '父级ID',
  `fid` bigint(20) DEFAULT NULL COMMENT '关联ID',
  `module` varchar(50) COLLATE utf8_unicode_ci DEFAULT NULL COMMENT '模版',
  `root_id` bigint(20) DEFAULT NULL COMMENT '根节点',
  `create_user` bigint(20) DEFAULT NULL COMMENT '评论人',
  `create_time` datetime DEFAULT NULL COMMENT '评论时间',
  `comment` mediumtext COLLATE utf8_unicode_ci COMMENT '评论内容',
  PRIMARY KEY (`id`)
) ENGINE=MyISAM AUTO_INCREMENT=60 DEFAULT CHARSET=utf8 COLLATE=utf8_unicode_ci;

-- 正在导出表  wcg_mall.comments 的数据：4 rows
/*!40000 ALTER TABLE `comments` DISABLE KEYS */;
INSERT INTO `comments` (`id`, `pid`, `fid`, `module`, `root_id`, `create_user`, `create_time`, `comment`) VALUES
	(57, NULL, 15, 'blog', 57, 36, '2025-04-23 12:50:57', '不错'),
	(58, NULL, 10, 'blog', 58, 36, '2025-04-23 12:51:55', '哈哈'),
	(59, NULL, 33, 'product', 59, 36, '2025-04-23 12:58:24', '不错'),
	(56, NULL, 16, 'blog', 56, 36, '2025-04-23 12:46:12', '哈哈哈哈');
/*!40000 ALTER TABLE `comments` ENABLE KEYS */;

-- 导出  表 wcg_mall.index_slider 结构
CREATE TABLE IF NOT EXISTS `index_slider` (
  `id` bigint(20) NOT NULL AUTO_INCREMENT,
  `url` varchar(255) COLLATE utf8_unicode_ci NOT NULL DEFAULT '',
  PRIMARY KEY (`id`)
) ENGINE=MyISAM AUTO_INCREMENT=16 DEFAULT CHARSET=utf8 COLLATE=utf8_unicode_ci;

-- 正在导出表  wcg_mall.index_slider 的数据：5 rows
/*!40000 ALTER TABLE `index_slider` DISABLE KEYS */;
INSERT INTO `index_slider` (`id`, `url`) VALUES
	(14, 'https://web-framework-cwj.oss-cn-chengdu.aliyuncs.com/3ed34880-e786-478a-9ca1-b362c0fd2ead.png'),
	(15, 'https://web-framework-cwj.oss-cn-chengdu.aliyuncs.com/a50be774-a720-4434-b7ab-0de87d9e022e.png'),
	(13, 'https://web-framework-cwj.oss-cn-chengdu.aliyuncs.com/ab93b566-2384-4151-b879-e5cc5182abf8.png'),
	(12, 'https://web-framework-cwj.oss-cn-chengdu.aliyuncs.com/69547a42-983b-4e39-8524-d5a175da0ba7.png'),
	(11, 'https://web-framework-cwj.oss-cn-chengdu.aliyuncs.com/5cbd450d-7fb7-4dbd-a9e1-3d76d870cdd1.png');
/*!40000 ALTER TABLE `index_slider` ENABLE KEYS */;

-- 导出  表 wcg_mall.key_pairs 结构
CREATE TABLE IF NOT EXISTS `key_pairs` (
  `id` bigint(20) NOT NULL AUTO_INCREMENT,
  `user_id` bigint(20) DEFAULT NULL,
  `public_key` text COLLATE utf8_unicode_ci,
  `private_key` text COLLATE utf8_unicode_ci,
  PRIMARY KEY (`id`)
) ENGINE=MyISAM AUTO_INCREMENT=38 DEFAULT CHARSET=utf8 COLLATE=utf8_unicode_ci;

-- 正在导出表  wcg_mall.key_pairs 的数据：15 rows
/*!40000 ALTER TABLE `key_pairs` DISABLE KEYS */;
INSERT INTO `key_pairs` (`id`, `user_id`, `public_key`, `private_key`) VALUES
	(37, 43, 'MIIBIjANBgkqhkiG9w0BAQEFAAOCAQ8AMIIBCgKCAQEAzszNtG9dD2s29RVfOxTtMdPzQ1GxsQE6xEO9Felwu0HZhVpfFm2cg3fVqkba2YAhcyGaw3ZvT0fPbAQgcxz4y0aSXMTk+85FfNhexUowH49SJ85hY8+t/JAK3vkEj4W3hnCebnNvesKFHMXwxfW7nL6JQr4JDDlVtGu52BcKGlCkZagMfOD8f36rRG77fHXiivmXlNgERMfTn8ZS5pXbRtm7tq8SLAU1muNKkeDjSgnnn3tnKDMnbjFBVu7FVWsmI/DLQlZoatBayCzGby3IDAR5aKzG4gibs+f6bTJe/KBBOszlrrqcuzuCc47bExn1MIetKEG4sIh4AWA8VMN8aQIDAQAB', 'MIIEvgIBADANBgkqhkiG9w0BAQEFAASCBKgwggSkAgEAAoIBAQDOzM20b10Pazb1FV87FO0x0/NDUbGxATrEQ70V6XC7QdmFWl8WbZyDd9WqRtrZgCFzIZrDdm9PR89sBCBzHPjLRpJcxOT7zkV82F7FSjAfj1InzmFjz638kAre+QSPhbeGcJ5uc296woUcxfDF9bucvolCvgkMOVW0a7nYFwoaUKRlqAx84Px/fqtEbvt8deKK+ZeU2AREx9OfxlLmldtG2bu2rxIsBTWa40qR4ONKCeefe2coMyduMUFW7sVVayYj8MtCVmhq0FrILMZvLcgMBHlorMbiCJuz5/ptMl78oEE6zOWuupy7O4JzjtsTGfUwh60oQbiwiHgBYDxUw3xpAgMBAAECggEAEvm06FkNm3QVi2CGJ/gwGZHesO8mlFzOBSNIDuIoL26H5JYZwoeVRHTy/JhazXlV2GgdeND9vrMSo9EvHxDp/VEA7hU9A6P2OVHrREQd7U9r1O45fnyYdOPMs4/67KZy5BmiV/UspgGCUFUTVj7Jk8Th+GdSkjYSmKcH2v2mNirE29Vb4x7cLi+6YAj31Osj+u95EfyGp9psecbdDzkFzwp+8kcyjpHrv5gQlqIDwQ4psjYWI0RalmFGEFtLJqGB+KdRc9LXGs9GvgHK5kokiWJIg9EhzP2UYFIyenKTTwuptcLDvgJw6ZAY23VtB4rJtAaYNZ2fzd985e1h/E2WrwKBgQDa5MP0IwUq0HEy5oxoyo4eLtye7v6mdLYO0FC8tE59afeuAcYgbva7w0u6EWpS78fYswHLX9ypvGMNNc6tqGI0ngbyrUOXv2tq1rJ9SsM+BLcTbRENTakJ4AFLcCtbOGy+BY5Mn3pMBN/eQDXD6hFrk0nCCSHSc+b0C4kN4rj5ZwKBgQDx2zeWqOGINFiQBmMkjDBP52g3DvlJ35q6ApgDIbGkvZoLoV0gk40Gj0AzhMInPfklG8fRUlpfAySf+ihku4CVpfT+vbdayMtnNv6UJg2oKuY1+ttn7GTKTV++DWTEI5qQ1Xt+0wFxAI8BrxF3KLNXwBhBJfxQQn5GyiEsX3SprwKBgGj6xDvnO8gv1cpqpbZwRr6VDPwwdPLSEKqEH+SQuQAO/Vl3wlS1wyGD5WKkjZCfLQJxv4+RNxw0nHCueKPymL7Rd1WV4U/63wKLW2kZnQ+2ZTMs4Lu3njV9OEG81x5VrlloAroe1iF1SQSnWOHP9XDZX8tuY8kyCvbKPX3qWXpLAoGBAO/5Zr+7lAQ0hEdrvwWtf+ZYosQ2vE17a6fzGOfKj9v5MRcnJiNDpGOE0dwMdyS+zi3u0aY1g2vQz49YhKnmjeBuiZgVoA+ZOpGQNKvE0joxTrjyzq7gFOXSPhRyb7BZ72yUFnQxY7W/KyYtkjPck46XELnbue3c/DS7LI09raELAoGBANAC/el9gb2+5cZEGRz5rfS7dmHk3SsWKH7+UuBuPnhrKgVzaS10ucMkooBOMQ9B0Y2x3iVsTlmxC6kODjS+BmN2fUEioWMEoyjdANQxvDmfQimCUs3YSSCJTSjKIqOa1j0I05pWn2c45raF+DS3F4SBc7VlJOqS/CcFOtoBgIgG'),
	(36, 42, 'MIIBIjANBgkqhkiG9w0BAQEFAAOCAQ8AMIIBCgKCAQEA5mzDL0C/9Ifsi/DV95ehUvHpL2AJhIbwpb40RS+6JKrvg8W/+o+wyfRXS02NvwYVpyZ/AkMDy/mCBflfs89KVxy8thE6LSfkexULLfl7d4cyO8/3nNYHDifsXhV5tpPKk7SCZHMJ+uzXkdxtNpMU9bdJrJ6ZE3XJrXogHUDEdgMG/3bo50l1F+0BiCPO0bVUg1/jpY2l0Qf5qsCB9B1AZRAYpUx6omn4CgH0QAHsTl4ccJLebmn7+3LAqb60rydyyAbwR4pBOnUhM+eMUEdtLJMt4d85V0Q0122+ulJsSEj0fCXhgjkh/EXjQsznWo2qC5RgQQS2EIfrRXrXA2xfFQIDAQAB', 'MIIEvgIBADANBgkqhkiG9w0BAQEFAASCBKgwggSkAgEAAoIBAQDmbMMvQL/0h+yL8NX3l6FS8ekvYAmEhvClvjRFL7okqu+Dxb/6j7DJ9FdLTY2/BhWnJn8CQwPL+YIF+V+zz0pXHLy2ETotJ+R7FQst+Xt3hzI7z/ec1gcOJ+xeFXm2k8qTtIJkcwn67NeR3G02kxT1t0msnpkTdcmteiAdQMR2Awb/dujnSXUX7QGII87RtVSDX+OljaXRB/mqwIH0HUBlEBilTHqiafgKAfRAAexOXhxwkt5uafv7csCpvrSvJ3LIBvBHikE6dSEz54xQR20sky3h3zlXRDTXbb66UmxISPR8JeGCOSH8ReNCzOdajaoLlGBBBLYQh+tFetcDbF8VAgMBAAECggEAA+j3uph1RBOUDeoxNfbD+p8XF0zLJI1Qoz4Hb4ly4GvpIrngkIJ53BdyGBmcYeUwdAoTxiiidXE0sGAYrGRZrSw+6d0AI84v6ERwEIs8TzKDWvSkDZcr0/o/88xr/g84dQoEsL/V/Roh7Kb0+yPYS3TH19lyHLHXPAMc7Tomi0pox1FxU6l1NbSf/MRSWD031fM/ppC8zKB6yfU/jzIkIXmoABQw1n5rMycrTHz2aJW+2UzZVMMw/jnTskCvxnCielKGEXbgMgETxou3Tn7td4CVapIEp+inp4r6turnhamOjGheMVCpyP3CY6hdPbT01qiZcPSggSeRxjNzkG5IaQKBgQD8CFRxkpOHgXwexztcOI8+mmmYlOGMmTcLn2mGA+bHI7P3Av1yugYivWeN9/ogAkKAv+CM1A+KZqQpSUzG16/eSGj9IqhI7jjGfM4okgrxw24EwVX7zbm7GIOS7TtQYhEUCFd14wa8QseDCntEdeO8Qh4TRzm2sOe6t27Z/0keTQKBgQDqDVr8IaMP6DzkqI0Ie1yp7WSmdVoyuXztQMGoclgLuxGhIQvtkKniU8njm4NhgzlgZ1BID/rGlPuTHnGAKUj72S7dpHbGlVZ5nDm1fdeCnt2gQfzONvZd2KC3hFvHkt5DBh3kfdUCdEohDLIJPQ2OV9quwlZ3/YZirQiIKPJ36QKBgGTURExHksQUdn6twD7N1ej6x6ImdfHU3iPFO+dEqlAjJX198b2zVH8TfVlbyvKBVO/DU+ejczAwjh6CV7f5VD++glo7Qk4jGA24opWyj7RXNi2q12Zs0JBcZ08hn6gyA5kbGTptgCVTJhRz3gruixSm8vdNeHZxYdPeTPfj3PHFAoGBAIW6LcMjYOykz64CE9rFyVMZ3Ukygd+7lYJlXoDlHCNPtinvHMaWwkobf525bB6aAH1xajBSWQF/fCI54bXNYPLsy1c+MdMS3n7LYTmudiUeqhh3u38Dbk5+iI1yZZIo+y8mXov/zWYClZw+iba3mHg9ACibxxX12AOnQ9mwM6GJAoGBAKKYXkNNN6NWKuu6DmwgdY0IDOQDG9uXnB1PUOcvupshxwNY7/Y9jXd+2D5A7vA7hGC+dvmtQ0va9yQVDSAOipjw5KilAaSRvo/gTGeo3lUbzWXVqHZTWuID2A29pA2PsFg4wBB/d5Lkw3fvVkkJWfhUkU+O2gScg+DLwCp9i5A2'),
	(35, 41, 'MIIBIjANBgkqhkiG9w0BAQEFAAOCAQ8AMIIBCgKCAQEAucENNyHPh6y78/ozFugUf22fPeaVpcYtcnebji+D55cyTuEkQ25toXLNZ082R6etAj0/1hG2Vwgsn14YivJ3Id9zIdArUyTQ60fXOb/ivX+5gn+LENaUxTVhGOXQey8N71Ip/g47uB7zuddHnH9+JwK6hwsz2JchUoVlMyE3DdiJ1sYYMzwGOhGarehMWP+U4D/0Gg21CvKvsfGl1qyvAvzBP6wD5yFm1+NZP8y7q7u0XvjcG6rortJw3jt8vJrl/4YC6laNA6MqxqQUX6UMn4yWjwI/nV+xeLcJWkPM3kRNeNDxHwnC/v2NdxU+3cegCSJEQBPyLohwqz5a/SNGSQIDAQAB', 'MIIEvAIBADANBgkqhkiG9w0BAQEFAASCBKYwggSiAgEAAoIBAQC5wQ03Ic+HrLvz+jMW6BR/bZ895pWlxi1yd5uOL4PnlzJO4SRDbm2hcs1nTzZHp60CPT/WEbZXCCyfXhiK8nch33Mh0CtTJNDrR9c5v+K9f7mCf4sQ1pTFNWEY5dB7Lw3vUin+Dju4HvO510ecf34nArqHCzPYlyFShWUzITcN2InWxhgzPAY6EZqt6ExY/5TgP/QaDbUK8q+x8aXWrK8C/ME/rAPnIWbX41k/zLuru7Re+Nwbquiu0nDeO3y8muX/hgLqVo0DoyrGpBRfpQyfjJaPAj+dX7F4twlaQ8zeRE140PEfCcL+/Y13FT7dx6AJIkRAE/IuiHCrPlr9I0ZJAgMBAAECggEAEKLbGaR0Dz0nqi6u067eYxlAyUz0+x9YI6fVrTLRN/UhItJkKovh0rNS9R0xidJZGtm8dWIpt/q58F3/ibY0eDqod49KygwCkAfjnT7zwjAFv8vHey8UrOLeetneRaINt/DeZOwGajOPdYXz2m7KsBi89upIbu3+JINg8GbZpOooQcyIX/wq/r1394RWqqKEwI9FK1oEu6Lvl/Uh08cbw6bamw9R9DxwzdUugTz65EdtblQ9g1lfzr/CLiMEWUuxO/vjS7uX6hENMJWXlQgV7fyYsGfx+MnFNOw/0d76tdUasrzsVfHkPr7LUdo8BcZ2S9JHU5/jJcOhrQ2H30JTgQKBgQDc5bcbWo6A3CTggMcqgVem00g2ez3AaAxK1YUbRzbyN5Zi5++zdVfFN/rAKZ378RtHZW/JQ+iGjasDrK1LIey8Z9Ms5/vDCsSTse3O3fgF2DhRjoxcyPFSwT9KVN7RRrHOjaqTD9RFyp0oLqn4A3tepEx75ei7iw+l2JWq4xXAIQKBgQDXRa5wCJvx4sG2qndqxLJyM5wjeoQmBh4PEwrUn4NdjJa0cW2hsoRvFZrniEJTmGsYyTlaCneN74npuEZF0/0xLIfMGm9kCUU0rcoWX/Q1VbXOt405vrM9H9zmukEKTHP2twCjEId/1lyvfOhe8yMwQzRVigb6o5zBdZi/8XthKQKBgD2Y5QWArAos2S+tWVx18t43PoTKuv6DRSI9BkAEDMNgUtRDvui5CP+ay5Z4RHCz3Bp9o71o7VdP++craKtxy1UCUrXL/r11rDlPPXQZG4dtss6zRFq/QeQEtURiBDwxTXW+tVkK6fOIO2iwEn9xYR6UDCvkgZCCh5uEmL+tUSxhAoGALVUuM8eMV3bCBl6FgUVksqntoocFVyCIqfH/oODqgAPAJMWSKa/3NZFeKo3GMeZx/yk4255CqPAdocs9eSz4L6fJ/RBADtfo6/wBB48zVRv0ilCa++MNybxw/2GPmsSY0wacqrorXp9cq1Ppdz1KVrqARdcoOxXDR/YksZ7/tWkCgYA62kBwd4ceoikIP2I0HqrDRnLJt/x67DI5umhlPG9kto+l3Gfwb/LQZla99KZXrerG3Uqcix2tdagbXAKTYO5/Di2gBRlFC753XO1OXmdGTgMRi+IoCgVamX0Yco/i7yVz7faAJDq5kHy+wTXA+qeic1AhfX5aP2Bs400e5k7oXA=='),
	(34, 40, 'MIIBIjANBgkqhkiG9w0BAQEFAAOCAQ8AMIIBCgKCAQEAr5Ty9DdR/nwetefHViPvkJi6a8qq2ga6+CCVZdXTyCQmxiCHL7+OVVIwTCIRRZ4x+vExNCj4ZeHNrrMxxa8hB+Vv/FfaEeK7d4dyDboIas6R6nEAFuAj831qvI3ZWXlxOSEYMfyf1qwu2GchGFBmWOtGla2Uku0L3fMm9MP7OMh12Q+OO1XGrPXQ0FELpRbVIVetMEodW7ojdsAEfyEut40zaoboFG4LlDbzShbklJmPxZb1oyGSP+N1yYfajZ0xEo3rfhGNdrn90+I0+JqsiagsGPKy7JxYrey/fHxu2EzBhBjbJJgWCYo5ho1q1Df6oMObLWFO2UTxjAPDUzKFcwIDAQAB', 'MIIEvQIBADANBgkqhkiG9w0BAQEFAASCBKcwggSjAgEAAoIBAQCvlPL0N1H+fB6158dWI++QmLpryqraBrr4IJVl1dPIJCbGIIcvv45VUjBMIhFFnjH68TE0KPhl4c2uszHFryEH5W/8V9oR4rt3h3INughqzpHqcQAW4CPzfWq8jdlZeXE5IRgx/J/WrC7YZyEYUGZY60aVrZSS7Qvd8yb0w/s4yHXZD447Vcas9dDQUQulFtUhV60wSh1buiN2wAR/IS63jTNqhugUbguUNvNKFuSUmY/FlvWjIZI/43XJh9qNnTESjet+EY12uf3T4jT4mqyJqCwY8rLsnFit7L98fG7YTMGEGNskmBYJijmGjWrUN/qgw5stYU7ZRPGMA8NTMoVzAgMBAAECggEAFYxXIMelRXEgJ7zxRs4UOY+02UO/IhDPY2JEU4Ihgp+FLq2RSbfdlPUIPl+z9PJMOfrdygP5MC+9GWKeih9LE3gB/VsexTEpRqsVwT+ChvEhET+a/jO11c0fi1JxSTzRO2ynVoMlbqgk+6P0eNJtLR56xCXQZRO4cB3GOyXOMBKdmXTRXbpDiBInzRwT2FSZstOjfjK96Jbtt/P7Rl0GxGESPhP8wLv0j6RT57Y3c1UqEAQUkaYL9MQC/5rpkdFHqZwvtyN8oqDjX5Qf8sq980pjpuAajFkOkAxjOn/SrzLCRZ0ClH4qqeW96+VbnIyim91/y6lrRSm7pgdOzOME2QKBgQC88ImiuaX9E9Ay6oq+gtt9Mly40iPLoZCR0rYRgEK12CszbvTByPckzTNOVfL3CFIP3ZJBQY6/Lcu7JVwHjB/m9iSCDZL7TX2fcfP66tC6KoRKM1A6wGH2uwLINJhaSp80QczynkwnTzWMH0PFzMJPOFRUHKfdzu0jkx/v3eA7HQKBgQDt5rISgvCVOqAAyBUEAnv0jM8l1cmAsjXYVim9MZhA32NRJEXUR9A8YNCrOQOl8n6E7fdBEtdNE69mwKELak6Mow2LEn9HQ5LQ41zpNgfMbjddEQZ2YD/DuVZFXFr0mLVd4ry0Lo1mTpvaQw62keAyJ9mxRfejLytABdiAF5dNzwKBgDfpbrGLAsXr0RbgNYK/MrjP6ISBGzqtaxzcICj5rcQmXlJwKVoXYJuxZddus+HKwo4TYa6R+e41XS7alWteWip8+LzLy402l1BR5oOAbZhJ8LAMk1dviw36tY4NknBV2NscBcxeb+bKF+yJbALi3zWWU844VKzdCWwXo8HWBP85AoGBAMki3/FYtXFl5Htkrqf6NbTYDBdP/hKKGY4zowxrTu+iLsUeps9IfB1gOWxaQuRd9mwLCZ4CAPgQqZ51RHNzSMAM51lqpSOqVQm5AQfHf6ZulO5hg5Y34BFptC/mWpwsNEMRfTvVlAUodwp84YaoJOYi3SHNJwbXzXhOuPHrgCfvAoGAdsjDFRmuX5SAjOzxvSdGPVKAyiHFZS3acvIQ8vV0OU9q9dRzsJ9GNOoBuOFy5kMwmsi94vblwXJrZv//fnZcHkmFvLRjkvRpJOdw46BvdU/tpLjDVUSwUhBI9EiggwRMsCBW5r90UpL4DVghk/rMSIie0gj5jCVJONClHZNXWlM='),
	(33, 39, 'MIIBIjANBgkqhkiG9w0BAQEFAAOCAQ8AMIIBCgKCAQEAsGJrzqR+MqKnuYMfDbAM78UHjILdK/epyz06kgO7Jp/4HzU8xakZN4/c9I4JaAqvOknNezumPxSfTr082H72Ggi4cwOsaIE43KOnplAaYG4tkZNo4WlNYdbtR5nHt0M1pmAPINWVAdJ88jLF+cEothduFGc5StNFrm4HBc0jJDHBmPFRlugnu4K62f8OD9IUw8mF7BbFZ9xzuMsw0bdFfN19bHP56Sb1djnkaIRPykPfFb7i2APl0Sg4pcefg2z1QNocx41V/WwErVVgbhuZSc2N3yqbbgxgvqc2r74S4r1zsUHFS9kNswNEvjlr2ANXPBI/6UdHaqKf4W5ySAfa9wIDAQAB', 'MIIEvgIBADANBgkqhkiG9w0BAQEFAASCBKgwggSkAgEAAoIBAQCwYmvOpH4yoqe5gx8NsAzvxQeMgt0r96nLPTqSA7smn/gfNTzFqRk3j9z0jgloCq86Sc17O6Y/FJ9OvTzYfvYaCLhzA6xogTjco6emUBpgbi2Rk2jhaU1h1u1Hmce3QzWmYA8g1ZUB0nzyMsX5wSi2F24UZzlK00WubgcFzSMkMcGY8VGW6Ce7grrZ/w4P0hTDyYXsFsVn3HO4yzDRt0V83X1sc/npJvV2OeRohE/KQ98VvuLYA+XRKDilx5+DbPVA2hzHjVX9bAStVWBuG5lJzY3fKptuDGC+pzavvhLivXOxQcVL2Q2zA0S+OWvYA1c8Ej/pR0dqop/hbnJIB9r3AgMBAAECggEACAohu38APjhEvdjDUxaPAw9vgHuR2jMFMGgqNxqSxA1u5qPrZl+xRbjkdi8n2vAAZv892EadQBXQDGuQDkF8ioOS6LHRAMhsZOjUDOlsx7AYmqCQm2mh0c+qlroPLNlpj3D5xOIx/a3Fl9fcRz3YfbLusmEMGaQsnRPodQlnIdChZQBjapZpiYNlUtNPzmOHMYP+2CJ9e4aFGXs9AOQT+6tgiaHI07jGiBi2PeRe8jCw4wq96LPRytnGrRWyOODzKRMQ9cNJm3/eXX5e9T8bEMR46kWgY24pOAcfFWkQD7AWyTV72Z3KnbXfojF8qjFyYrDfj338rNYoEB7oWD1CZQKBgQDPWyKE0wSdqk5Yjm+dlNT335cL9o5HBHxIu5UsCKm8v0cbwZ+ermWkByxOguz2SwXvv5AyZsCToWb9Y2VKBRKyvxDNtfqcXxQDomaIwHck41IP/cIsqo/EKo70nSQ4O7N+VpZhyfkQHLcypZydsm9hRL/jzXIOO2kmL8HhTjUVNQKBgQDZw0aHm375Wt6VcGZSGM4ZcgOulP36cAB8zco877JRPjEx6tksYTJy6RycdVCL+BTVzoIi+IyfnbsEFJpMXC+4f9pcNaypEXDat9OfZFW9ujyO21HWRR4zS1IU65v4cLiIDAREzcsAs2D+reuIZnF5YAoFk92qLkDeUynywt3Q+wKBgQDKCZJouPMWbIpJ3v8CG7ImksUp8uJOcCBo/d0rOoWoUveGI/LTOjnuyM5y8T7R++ec4potgdDCB9HBssdOiALgByroRRgapMlrgSFGvcFZP+UFj8tSmh3alV0VGsffwsvxnYyJW7JB8LjPsG4ZeXLs43/VBqjLFTgu7PmL/hfawQKBgAK/dxVg/fIxllt2ZqQkkf06Nheu46GUZj0s759jOvHRghdqKkFoHJXcoTLMPC73+3NTPssoLcYZ3HFJvUS3aRa/7kZ5musrQCxSY4ZAYuCZCAiZdefpSV9GVQvUiUxSR9HXrPodSrGAkfnEwhMfj9EDSD0Xx5VNLh5gGEhq8xefAoGBAM1AtinLy8rC3Lg6SJmNXhxQNktl76XGLkI+ij6/ZdofJR3SgXIQix93s0XpnSuiZaU0gvV/0wrOa+GJIfRwjAsJ38XlXFIh2DPpEVCgDzJMJfmez4jPhYLCQW8QqVxouVnCBlGfSEUfnLp2ZFMLmF5GxwiLsAf8z3HSGzkKGE/o'),
	(32, 38, 'MIIBIjANBgkqhkiG9w0BAQEFAAOCAQ8AMIIBCgKCAQEArDTfCkU9xoOsAbnrq6+MWNx4YImvgwyoS6Bj0JKVb2Cgt6xjntZ+SWatPyB2NHG/wkLiQcOBGWOD1uiIrgSLv72qrI7YGsc7khj8m1UyRJyLPtoJ8LPA5FCU/wdGvRvZcNIEWPMf6RQECrUnwMrL8zcyYgydh1GZi8z1lvmEtcXUXDxdfZGNR5GjjOjpjCgElZcR6AHd+13+GTBjbYjamf5isBXHrh8tz7dILvF0oVd9TWmHopp8j7YjGa2tgEs2ZUj4SanzUgRbNSo7QHhUJlNRPsajoWL7ANrgh3iqxoCcUQJ24uI8UOBYmRaDCqFm3ni+kkuqraHrB4Yb2vH2ewIDAQAB', 'MIIEvgIBADANBgkqhkiG9w0BAQEFAASCBKgwggSkAgEAAoIBAQCsNN8KRT3Gg6wBueurr4xY3Hhgia+DDKhLoGPQkpVvYKC3rGOe1n5JZq0/IHY0cb/CQuJBw4EZY4PW6IiuBIu/vaqsjtgaxzuSGPybVTJEnIs+2gnws8DkUJT/B0a9G9lw0gRY8x/pFAQKtSfAysvzNzJiDJ2HUZmLzPWW+YS1xdRcPF19kY1HkaOM6OmMKASVlxHoAd37Xf4ZMGNtiNqZ/mKwFceuHy3Pt0gu8XShV31NaYeimnyPtiMZra2ASzZlSPhJqfNSBFs1KjtAeFQmU1E+xqOhYvsA2uCHeKrGgJxRAnbi4jxQ4FiZFoMKoWbeeL6SS6qtoesHhhva8fZ7AgMBAAECggEAKobaB+bGlTYiLcD0xs7Q+YbkwW5vJg1jqF2BGNqCReGWfxV2+pxczpKpORwypMvsf7RVvMjjoln1joaZbmQYAO99bSTPkHlgKDm8dD3Lbq88IfblmohBnACccwigewYcIiTzRuYvnLdBMkW/ffh2+mbIrfcQlgDcSu6APdr734mGCNXCQIzLFVDuvlI4tyHkCjrU+fSWviH66tw8/0aUFJtS80QWoJb7SEUyupH6pgP9Pg3YNS3vsDMwl9WUMqXKUiLAp1EIr1Q+xjEHqPSdqw9G82q0AXeN2g4KYEGe8Qkt4DZpfo+5cmXAcihqXXBeGe/nnbUJFMqZeK6yU+m82QKBgQDdb1+D7nd0dwq40WDeuF28VjAEmfSnRu2uW+Z5YjE8vn8U0wBVNgSci8b6FKjawlTei2PL2gJ0wynx0kDwtQEql8RqwdDcFY1I0CX+iCh/1c9na2yG7P0F9pD/rHmklpa77uZzCWhISc/zFeIk7GcpoLVSDndubZR7ir8QUjd6GQKBgQDHFk7eoa3SxcFGaEivLrM9vCZtB0pgkg491h6x5D9zGXjflvrDuKtlO6yfH8TeXIdVazzclLvL0QajzE5DrNUnjlNGxP7zPtKzm83Nohd2HCjuLCA4jomzLo9fw2d/Dg3Y3RpBieD1E9l04XjFQEuA5XASerk+9zWlyOetNkUvswKBgQDJN2hjObIA+h+bHGBbYsuC1griU4g27UQUOdxwFuNJII3YPXjC9cgw/O891sItr4NxitaPqjarJaGa5gUu9jvuGWVZ4W9KXqc5MDQmXFH5ADBs+Pfwj6/I2Gqgenk7L8AfXJK6nCTP84rsiMkr5kpEUI4T16N9jEPuE4FVcnCJGQKBgQCFVl6KYzSdBs90jWGo2pk3jq0ZtplM5mVdauvx7tHED9pRvbfDoApC6d2qUUe0Obp2LjV78q14S02sJKiCUN4N+RezPTsXxQqvOnly8M3Pz/pl0e3ekzCMbnGeDKxjfxEtHqB4JpUg7yNkUaJmUbJ/6KrP5ZvuHPm0SENKUh+yWwKBgE9ynMuguykfa2/eN1m6SZEKInE7i/K4QlYZ4c1JvKsr1yBBYdQdlggtQjUNJLgh691FAtj2xGS0/uo8uhvYU36dTTsu/bu1sC4ktwivnstd4rmSPxohFMjgeRspVIpiQxWq/6kirqTCeVSAjwrEJuUk2/V497QeKxMEdl2coBg0'),
	(31, 37, 'MIIBIjANBgkqhkiG9w0BAQEFAAOCAQ8AMIIBCgKCAQEA35ZOHCkVh3tTipYbi65LS/a5WzJODi8Y0KyabFm7AhcIlQPyfZU55Fmli/e9JClnLq0bNvtMPLZ6JaxHYwtFof9X2x921pSucrszmd2aGKWYJixVWrRZz+DQIKuzkmeiyiF+v56s0r2vhlZQTSkEWOpcPlqn0Iu1GK4m3qN0e1VxJGg0Zj2kOkgCAVHxIYxUg69q6/GOdz0sIwwlKlGboqYt3MDvUkwB5V5M2RZeJ6bEyHJUTd4OSHCQK51w0G0hUaKWczwM4xjtHMEvwNU4RTahqvj6u0xWz1ObGVAKyPgSrbt5AiCk4Nx3ju+UIs8VOTyEajhiI/RDze0A9qd2JQIDAQAB', 'MIIEvQIBADANBgkqhkiG9w0BAQEFAASCBKcwggSjAgEAAoIBAQDflk4cKRWHe1OKlhuLrktL9rlbMk4OLxjQrJpsWbsCFwiVA/J9lTnkWaWL970kKWcurRs2+0w8tnolrEdjC0Wh/1fbH3bWlK5yuzOZ3ZoYpZgmLFVatFnP4NAgq7OSZ6LKIX6/nqzSva+GVlBNKQRY6lw+WqfQi7UYribeo3R7VXEkaDRmPaQ6SAIBUfEhjFSDr2rr8Y53PSwjDCUqUZuipi3cwO9STAHlXkzZFl4npsTIclRN3g5IcJArnXDQbSFRopZzPAzjGO0cwS/A1ThFNqGq+Pq7TFbPU5sZUArI+BKtu3kCIKTg3HeO75QizxU5PIRqOGIj9EPN7QD2p3YlAgMBAAECggEAEHIr8YEpytL3izvX2lokwo7AcGoT7jyoyLP4JuH3HLlTgbHY4hkPeVGzw4bNPuNHFO/u5B2Ewc7SpMHrkqg3WWoLYmbfKlD6P55aoRB5CiOSEbVp8NelEeKcLy8EsM9BMjjXq8zGMw54olBn1zPIv1PmcEAMVHgWRx1g5rhOCYKVNbSSpjqoL8nK6S7mtmNS8Sf3cjMX8Dlr0TVPmkL9NeZSc/plbNbavfSKmdhszt8lJBAKU2ylMUvnhPtxqXhASDXjN6M6+4bVJkBEnp7N0Jd0WXPwG6vKKRDBmFcaGceNPirSCXwm3w+iX9Iw+HnYSYA9ViFLbhY6qs+vfBmM6QKBgQDgNycGXQT16LIF5J2gdx3WbuSpAZ+VzgKX4aqo2fhV0tQGNx+ir7rdMQtnojH1bPLYchxIhwqmGyOW0F/2t4d4bCffoxlM57J5I5G2NclQPLAsRVWk9mQO6fyPa/5QsQoZtdgXdMGneIawBOP+qMPPP+y7co968zjCIVNI4pT/mQKBgQD/SFni1fHoriQllH1WsO9jivGN9vvZTZJTOIA9RzAD+uNI6jy8Wi/XOp8m68FYyUqprJwdrNUHgFSgaRklIgOF0Db+ubyfGJQKDMAZ+ypUmrp2APlwKCiGg9sX0L0z2UrSc2CkVF/Q84dsYII94iiVH2i6DBgTlGT1HEImX1jybQKBgAXcSy/WZJfM4kJXLGuSUXxWX7GvMi2nOdggdOZ+9AfCP/p9nF0TPM4lRwgJbEbe9yYDLYwTw4p98RszDR8Uwvy5zv0AdVvWPor+DAP4Oe/X9j7h/RAXxJvDL+/LwdT4G6x6XVCXo6wt8U9OgWsZnCyhnh10LB3pl5Uza8re6UgZAoGBANyvYD0vdKwQduEh5+ScmqY0BDQU0o19eMSGsJ3Iv6KBLiDnlc/CK19lpxYPcprdkLTzqhYhRhvw/beag4lNSTxRzmkQihYDOl8hvKP5NBPlmtHOb9RccwQuUqXY5uc+rmcWJPKKmjZZgLXZDF6Q90JK388OC3ZJr6kRX8IqZQtVAoGAQ4ZFeM6vGStPPkiVsOon/iU2zhmaBYI7rty1zg5UpyshTeyTetVBfHg8KyP7WrvcqsLlNJVBUmM/YzJjtnAqAdeUSrAsNMLn/IBgk2TDaTRXhnaBPV6PMqjmC9+lNCCIdOctj3OPCGFNxCKgzP9xWZaMubicgikkimcfcab4H/M='),
	(23, 29, 'MIIBIjANBgkqhkiG9w0BAQEFAAOCAQ8AMIIBCgKCAQEAs4eTMhdFmF/4C1Hqsl8Ib772ioImPs9A/4Onf9Qbepsz/EuvdTeVzn6rGJCmQYuGt9qm7Ol3XIf3ws9wU0a2DrFMTz1j4Y24CwTTUc6fgIBFp9mv2KID4eY4FBrih8bHOp0aKMVBptyWkLU8FAPDjYDMfAh9tiGFheiDZ+TOHpFqwTES6gxO06gqdyKZKhLEAIc6OAuVfgQqFJbRDgIyjcPuIZJqrV3oC4sOBnvrGHglv1OZB1mqMqbF2+Ccl8k5AdxC7rH8m3tZK8/7sXfkYL9ttGFjOwfK9xj9FkhTkGQmpAC9lzSi+nmMLSYBWGKs6e9Ya4Vdn2zJ+RL0DLkGcQIDAQAB', 'MIIEvgIBADANBgkqhkiG9w0BAQEFAASCBKgwggSkAgEAAoIBAQCzh5MyF0WYX/gLUeqyXwhvvvaKgiY+z0D/g6d/1Bt6mzP8S691N5XOfqsYkKZBi4a32qbs6Xdch/fCz3BTRrYOsUxPPWPhjbgLBNNRzp+AgEWn2a/YogPh5jgUGuKHxsc6nRooxUGm3JaQtTwUA8ONgMx8CH22IYWF6INn5M4ekWrBMRLqDE7TqCp3IpkqEsQAhzo4C5V+BCoUltEOAjKNw+4hkmqtXegLiw4Ge+sYeCW/U5kHWaoypsXb4JyXyTkB3ELusfybe1krz/uxd+Rgv220YWM7B8r3GP0WSFOQZCakAL2XNKL6eYwtJgFYYqzp71hrhV2fbMn5EvQMuQZxAgMBAAECggEAAkxw+u1N87XK2bsNq7hh+PhNDmUjMzh5GkYBWraInlXAlFetu+z498D3oaPJSFtbRenzq2KqQUUjMkHXEm6vcKaEr4EKndeWkyfxKRt7P4YLUXfzWe02t0/SYpa2u5e02YNe03kCSBSL8vddeQ4hSCPT7Z44NqEQPuPFIIsb60unQMhsJzeWVNXaHp1ZTIPMUw9SJrOWBwsDtXPgCc74ZhqhHem8NMvszhLe79zaBmERBRcgXPSVpkNvH9mSeaE0VlBikrabEF/DIxA1SL7ZV4s2f7GVmvKPoGftjYdpKJwWkW1dZfmS/Z2Zp+aGO2TM+I+2HAYAOHsy0rp+d1coXwKBgQDW37HMPUbWH5sy2tFgJCt1GFneWhw2JEHi1dQWMLZQs6ed2+48cmRnmrdYnRYPhu2gwOMlWJ9j4zc3gg7cRkKVAdRb6NtjoLNDLRmhOQZygUA/nrOAdxb3ZvXn40Nv1gzRCQS1Z0HXf3hUAxFI6JyiNhjCh6NQdzgx3vJluMIn+wKBgQDV5BkPcRVro31Ivm+TMBkl0wVMHhV4HW4Wp5BFYTbUMR0CR0XfLBOluRRSvFrg1k+Lz4Ciw2XqhmMkhTwJWyxIjzPHM9okvzhiv1y0LkQU+cdZ3OhHtaRwqc8S7J2e7JMzGF2u4C0TyiXHGSeQpcOsQjKzYbLPaZxSr6Vc3NHjgwKBgQCEUFMH1WPdTrEe66eqcBtii5ArX4mnvUPlDo7+6xgZMcexaVCWYEp7kcX9Bx4iiY+iQaSdxqi/tZa205ubAJjXcLz3q7gM7VP1tbvmj1rs/7I0euFF5g96YShjlopcP4682bTQj7j3nkLWWN037CUnrfApOaTTU9aCvyq8gLzuKQKBgQDR2pXr3JuTnDhTouR9mPdTcRMFd47A5r8YYxbdu1+8GOPJVHxtViWAt3IFKuBPMHWjStd+2g+oZmnnbwFUfKuaFUZL78fbvfFokTA3aB1MJzU8Kc2Mbd8E2tZcTuLnBl32B7YC2dfgTrl5+mgjN0AgRmLQNM7nSUsipUqtLcqQWQKBgAS17BvQQ5p4vPPBZue8NtB3OyzwSKXPWW88d4CM+d1Y0oxAD3yqHqCaQ7IJVJsxblVheHXU7DVBJVpaEqOTKqdvitNCqLATZmvdHDhrzH949oo+47bLB4+5ytwd1vsNwkMRy20+0L215dpowZTD5Z6wn4uG5eh35JdgwEkFgl3A'),
	(24, 30, 'MIIBIjANBgkqhkiG9w0BAQEFAAOCAQ8AMIIBCgKCAQEA91oLa+4QLzXaZd5UNvc7fmZij2+Asxk6hzhhIfBtswyXn0mEOWd1cncxVd16faaAUdCQ7d7hui7Ypr+dU9gbtg4+hhO/viMHvd/RjbF7V4wb+tMMZBmt8qUX4rvO0JWljhosdqrIXtnVsK15ZIPp45wMeaG/7tS/x/h8ZEEKJXW2QLLswShVs/LAyvsbPrljDIz10moMRN0UMm23oP93/R/W2GU03HeFiS3EtbeCExQ5fzgK/313pnagTCoQ6BPnwK59gEdlDZbx/TUYO4JUrUnfbJ8UA1O8OvNE49YbhDGG3jZVDZFvELyg0w6Kqm51fYrhUTAnvDUM3aiO8GQNRQIDAQAB', 'MIIEvQIBADANBgkqhkiG9w0BAQEFAASCBKcwggSjAgEAAoIBAQD3Wgtr7hAvNdpl3lQ29zt+ZmKPb4CzGTqHOGEh8G2zDJefSYQ5Z3VydzFV3Xp9poBR0JDt3uG6Ltimv51T2Bu2Dj6GE7++Iwe939GNsXtXjBv60wxkGa3ypRfiu87QlaWOGix2qshe2dWwrXlkg+njnAx5ob/u1L/H+HxkQQoldbZAsuzBKFWz8sDK+xs+uWMMjPXSagxE3RQybbeg/3f9H9bYZTTcd4WJLcS1t4ITFDl/OAr/fXemdqBMKhDoE+fArn2AR2UNlvH9NRg7glStSd9snxQDU7w680Tj1huEMYbeNlUNkW8QvKDTDoqqbnV9iuFRMCe8NQzdqI7wZA1FAgMBAAECggEACFzdP34qQmpb8q9AYiZcNtMP2IEg1Q1QjwNPN2ZJUzElDC/gXk96506T1q8ZBdgEBSAb0ksDjzenwAWA9HV9RFu5be+Lf0pwZ9FCJLwAK07ToFiT1euPV8GQq+wFG0S/9uy4HZ/7C8fqI2HOFaGnHfin7FHVayX6wPBMBlizlt4RsdbZphPd6KdSpeARcdmB2V+kEq9Qgod6u01jXsLpQVCBcz4vvYxmXGNIkTWKQhLXmviDtIID9+nNZ/7Tnok9ShO/QR2/sgIYAHX/JeHrpLgE+tE7+1/DDCKl4x4NBq90g9vJYSMcdSfi39sWmyJcMTzilyIthmwLB9bHLIXdqQKBgQD+iKYfAVQUEX3xW7JpOTKUBDWX95RBMCiyFxkcGy2cE5ktmji33PHViuoRIuDtCXDGa0b+ZFcHisBzlXM9LDmYMAKkgxKeAFl6KJGFqupTxtUVcuXV5ftfyZ+WjMAGaxDbG0bQuTjxcdXhG66gmF+rHsLg8oKbDQr5Wka+T3psKQKBgQD4xs37bGj0FA9G0ZwEnF1z2/KRM7l+RGS/mdumVkXbE8+mS/5VV4t5itOqRhSob0UmrA95CNOZ2qIe/P3A1J9vrTRfmtr4PZZuFyFhEkaMGwkOn35mZT0LuTJnZiRdDNM9Ayr9n2ql2rWkc1ta5SWZoaOZMY8O+A9dJwhjYgb7vQKBgQCOc1+1XoL1sExx9cXFyfMaj7iG0lKwoQlFklPFPRirjvRdZ0By9j6KKnKRIJoNTwlEoulamkFywR6wEWYrSEL7f3MbKxgSQVPSYD4BNwRp2o+Kr4Ed0tZ6Z1bfZOpbLTSDy6I4UlEiH3l5wIpc6qowFMkwJ8kciZIot3N8MvLq8QKBgBghiJdrw55xV64B5QVZeYMkgZnuD38c+TzQmsq+sZX3jPvPgUMb8859Vdy9YYGZEXcX14RhA813tKQW3DJZLYHyphLj/Xt41d+l5Ln6wNcUREOj2unpxgseErKO6NYRyWewp/nj/b9KwLXL7r+ZXJVTZYAVm4/TJgJeJ+Uj/BNtAoGAdz7Y2OqxkJux3Di7wnrxsCIfvsdmdSVA9cWCaMJrYdVmA9KekWulMWhPe4G7GwTpD9icYjMs2EqEbG0G5AsJvFHZ9RaRIlnYQ9TOOuerniqvqticHPF7C7tUQPrs2rvUxfumbGNVEIVpsMebEVys3v7PrA2/r6llo2dvbsKq2fk='),
	(25, 31, 'MIIBIjANBgkqhkiG9w0BAQEFAAOCAQ8AMIIBCgKCAQEAzRauLAF1q7PBv8eDU2DzXsrpaT1OH0EDNGPYpJ6IWxr07+ZD5xqpk28tqkai2Lf+fmRyW2Dtk9M3kHdW0q0Xaw2Ls6+cV8nGar0hD2WYWhjCEohMp25C/1VegLuSAJka/LSBQgtnf+kKWwQUItzVPkQ7PiZYL69LRRY6E+AH75gLa2GBCqU7+gZwA/n1KXDZnfJpL0x7XmU6peq6jGyOa8qbGLXpMdV80qdiSkF5ejZVe+k4ZQes386z5tWFdi51T1hrbN4WQ57o7/QiQkQKt3ePId7EXEA0Ve/z4Pb6MAuy2YPJwX91E8uXqsMs3S7DgyK5Xy9w+D9uSct113hpwQIDAQAB', 'MIIEvQIBADANBgkqhkiG9w0BAQEFAASCBKcwggSjAgEAAoIBAQDNFq4sAXWrs8G/x4NTYPNeyulpPU4fQQM0Y9iknohbGvTv5kPnGqmTby2qRqLYt/5+ZHJbYO2T0zeQd1bSrRdrDYuzr5xXycZqvSEPZZhaGMISiEynbkL/VV6Au5IAmRr8tIFCC2d/6QpbBBQi3NU+RDs+Jlgvr0tFFjoT4AfvmAtrYYEKpTv6BnAD+fUpcNmd8mkvTHteZTql6rqMbI5rypsYtekx1XzSp2JKQXl6NlV76ThlB6zfzrPm1YV2LnVPWGts3hZDnujv9CJCRAq3d48h3sRcQDRV7/Pg9vowC7LZg8nBf3UTy5eqwyzdLsODIrlfL3D4P25Jy3XXeGnBAgMBAAECggEACX8772cdpqblQWMM+XflSzHipURAzW0Ud7kKLaTW9/+PgTqwsSdsm/p/cwmwdbBPA1W1zzYVyFU1Bu5Eza6U5Zjf69ElcHIEO3oAuXqdF4p7FbI8uPnf1byzeqr87cTJQXOfIvKd30goieqOX2cqI4cTtnr+dU5U8ij/ZV9X5LwIq72FqqaI+KOsrWXwcbMsTfNteyVg9B+yjiwufPjaJKN2DWw5x3NOX1G06ypA20LZiXuTlMNUl74zNAsHFxxcMKY7m4nkCtqqRBvKOuxYOI1kcEA40vXOTnOKlLIoGI7WsM10aT7vK6S4XON1/3W1d46d7kyp++zl2Vika3ef8QKBgQDeXtvSWsbm8xkuvkssYCmEB04ORKBI6yZ27nvD5DqC/vfo9BSUlHoyEwbKl+ZDVtbOEtlwSc1vumrvDOfDvUfE/n4o+Lbq3yiSN/VOA+8l9XCaVLmHGvlCSe0CDFMtFQPJXIhViL9fhiUhooJs3cFauqH79d6vFHmGS7ooh9UjkQKBgQDsGr76OkhNfod0X9P8xhWaCsy0Ern7CiR/1StkfqH73Mt3qzsvxL+L4XZtSasepOyaOvUm4woAETWnFdUik2zx9A8BxJG+mhl3Ajj+mmM+JpV+uCjH90AZ0G2LfnDxRTFMcJ4I06jFw2Sssf/hZJvjt8yEgBE9rCFSxReXH19rMQKBgET5V2XgEmIAdYcyL08MZNQ3D9cNIkp75ept/qW8XQnU3EC9tMSBaYWusSSWCS5J+UbiQd+6hKZrRE/xyNHGHETWS3uZ6eLgZU01XjlcrwkvIEY+kW1+yGHvXDyOZh5Nrmb+9KrTR8jxawMLzTjHb/ocebIViYT07NzjEFMSDuKBAoGBAOs1GdweA7lvu3FrpbvDefGjoJojrbMxP3s52aibnrNSGkB1DNlhn5CyY1Ase5RjqHFdGqxKscOvYUu6rEFtrLK899ZDBQ5kZcnxJOY+128q8PL0c2wCHJGa2gaFR+6Th7Em38jbUt7w8HI6QTdBCyuoBs5Y5tQRjoDuZ7ndPymBAoGAIymVytpyefmB96350/kc8XPom/w/XG9HxJorg3iGm/V2yvqqzMVJcmL6KCVBIogYaM9uqpA7jfxaVDswxhfUynd1FYH2lTgbZ33ViYjvawl/re+aRSyvqmcWC7u3W9Xi3GKPequpAcTRiAd4pnqbDotVIgRhVHx/gRC7uXrj8kQ='),
	(26, 32, 'MIIBIjANBgkqhkiG9w0BAQEFAAOCAQ8AMIIBCgKCAQEAtEbqLopqiRwyPVvG0VhTPCkb7Rg8vz20k2bPR9sGlyqHKpEZC+jV5aBpq9B16JerTs6gFbhugnWiqIEuHFOVANI5wyJBuzX4Fkl+QoFoOEEOngax77P3aIBkvfDvwru5/TvjLkXrKxRsedeWGhixbnk31uHjm6tgboGk/9JJFnoaDjQLHjSORopOSOJHGIEkXtUNahCDKPaL55eXPPyoxA2JiIBC7sYDSWgLdQ/HjTteVZfFIWNRLHrW0wy2uwlREyLY4mJDdZLJmTpdzr52C0ATPVARU4J2YzkeFpf9fOBW5Cg3sh+YkaF96me1Hr06352YyXSUqSTpjoyMQJg7WQIDAQAB', 'MIIEvAIBADANBgkqhkiG9w0BAQEFAASCBKYwggSiAgEAAoIBAQC0RuouimqJHDI9W8bRWFM8KRvtGDy/PbSTZs9H2waXKocqkRkL6NXloGmr0HXol6tOzqAVuG6CdaKogS4cU5UA0jnDIkG7NfgWSX5CgWg4QQ6eBrHvs/dogGS98O/Cu7n9O+MuResrFGx515YaGLFueTfW4eObq2BugaT/0kkWehoONAseNI5Gik5I4kcYgSRe1Q1qEIMo9ovnl5c8/KjEDYmIgELuxgNJaAt1D8eNO15Vl8UhY1EsetbTDLa7CVETItjiYkN1ksmZOl3OvnYLQBM9UBFTgnZjOR4Wl/184FbkKDeyH5iRoX3qZ7UevTrfnZjJdJSpJOmOjIxAmDtZAgMBAAECggEAAY665DuG6nfS6pN56knLIQaDlFpdoo3pTi+EWTnNJ5hvILnr1zdw1A5Rrz55SdYE00yetsZyfX9hNT9KO6Mt8vcgkjDs4L0splLigh2/lgZG1B0iGCVXCxjAuUSWajHBdWUGARMAps1Kyo36lB290eaqP7NJj3m6jg77m9yyOgoDX75YteHenb0cBVFQbIxUuDEMlY/oCoKqO9Kb6k2iQJvPnmqEzNd5dEeXgyCOextTxcc8pD0WYcSs0wiBVFIWMuBzXgioazd9AZsMtwpDuO5sYFtPpCYG2EwZ0m1ahrcAd1tGCVYmSTvY+QhOnYGi8nIyETf2k1xl86ZmlO+UjwKBgQDCIGss09sQ08zCMNSPb+X/KzNSnFQakGSeKnQ8dY9DS7/sUvBvdjP4PvXZL1HDOQBV2I4AS9W8Uzfy3mxIFbemgyJi7ame+Owb0R0+lGvUo/g86P1syANOFa3jFSdscdAEMYYHU/OHuBoga1E9XpTNBIKPZLEUMKfBXAmAhlkxOwKBgQDtvHLujcLDOY243BrIcLeUjIYdtF3+xiHPUQ/VPCbgYemg8Mb367gYccDFCAhlbyDNKJrT1m0VLkCbJrn3glzevqgNGRZoH0RLwWpH2dvB95Fk0eHrvr7dP74V3WFqGkvuIPOAZdQOBJd3gKACMWsAnPuk+JpAvzHBbSxqAV98ewKBgF54Uk/FZaVBvTJ/euG2zdGon1hDdXZb8Gs8M8a8WxSfx21lS1aiylWzpgakTYDYu34LXcdtID1+rgqGDWHjF7VzuYc1K0eO0bATysyKhBM+HG7f33xRtbIJQM7ym3XdySJRS21DgI76m9RNBYL9BSLkX/kSQk6WAv1JIeKm/r7DAoGABukQajDCtYwJu5LiUGs+WtoO1/QzO0GlH/KaRDeAZctS0DPPhMtcSZGc6d1G6TPmvy/r+DZma1Qx2pCwnSoz6uGd3uuYxCQMhyszHK2Pfr7kggq7x29++s1siBQsTbo/9McObPAIzvOBN58Mh6PKGXV2tx/m0/T6zEWRIe+yR9sCgYAXJQTjrCaWwAKShn2tRj9ykUKu/GD6m8wTG9OPneAOKCvcdj63zsIFTdWYoaOl12fDmBl+GC4gE9+QLuiQvqVlTwiA9c+xbG0GvDq+Ur6seIR0gLRev9aD3An3Ejs40RjlF09o7vVCSD4sUpd6RhGkV/yJkKjBkgZkOTfAz2KJTg=='),
	(27, 33, 'MIIBIjANBgkqhkiG9w0BAQEFAAOCAQ8AMIIBCgKCAQEAph7j/HFeYj6rQnXAchmNzIQKQd1Xiuw3IxXFCueXgExQcb5+ObJtXP/IFb0in3tGiuzldzVJsHDsFMs/0ga3buCpSIkYqjGqDhMRcJDDz7vrKmKloUJGFTtGpiTzAM3wjCixLZLjmNHBTCXVZeNmatpaZ97O+fmrAO3oL2isf9tcr6Q+lCf5ayWLvbX6ARVXo0xoRihaGsO4nbxD6ZqZlriJcrMcRvUJ6GVG6/Pjb/X38M0OzE2r/RcJ3furszGWklZQlslCw3WwKo2EuSMHrIFY6IXqGMPaFt0L4EImyZ4gyGNCSW6T7DFmnP8dxzqfap48qis9yvyLOR/IPsl3SQIDAQAB', 'MIIEvgIBADANBgkqhkiG9w0BAQEFAASCBKgwggSkAgEAAoIBAQCmHuP8cV5iPqtCdcByGY3MhApB3VeK7DcjFcUK55eATFBxvn45sm1c/8gVvSKfe0aK7OV3NUmwcOwUyz/SBrdu4KlIiRiqMaoOExFwkMPPu+sqYqWhQkYVO0amJPMAzfCMKLEtkuOY0cFMJdVl42Zq2lpn3s75+asA7egvaKx/21yvpD6UJ/lrJYu9tfoBFVejTGhGKFoaw7idvEPpmpmWuIlysxxG9QnoZUbr8+Nv9ffwzQ7MTav9Fwnd+6uzMZaSVlCWyULDdbAqjYS5IwesgVjoheoYw9oW3QvgQibJniDIY0JJbpPsMWac/x3HOp9qnjyqKz3K/Is5H8g+yXdJAgMBAAECggEABT1GLYkZ0/lsB12VY0PhEAk+FZO4lh4bIxUlsNFbGuXNR7kdXA5/moZKtjzP4b3OnMUZ+6eHmnQFTiaW7bXehTW6wRnp2DxWw7jgPO+j7WJc6WpRFQP1F+hVsxnJPEZChvkllW1jlkdPVGqBD4Sbj1UxssL5PjMcrJvUTeJ8RlAEwMai6Cx7Qy2l2to4r1ZJNkM1lIh6O34zWi3Frhkmf0+nEhWB5HKD7gEr5A50cN5leHT88/KxAXQsOLlarLeDC2Q9tBKfJHLZItB7okY1/AKJTv9X8CTepDLiWZ0DMEsGYgE9Ib4sfIdtPdFE1KjQC/ei3l1YuruoYVFADQTD/QKBgQC10nlo1F5sOkbK3nkhwAYtWf0G//ekzB0Q9smjf2liXdPy4+pq9sBD4Owbc6mxV1FWk3IZJHChg02ZPqfdux885t67xmu9EgdTIa+KQSeOfSZLrYDwGStygktyGypt1O8G3Wf0M85nilh/3f//t1jCXo8rCHR2l60hPVHUju5elwKBgQDp5IzXIpKB9mxvUOxmHkK+OGoHBMowS4BHvpZ/u/R0eKhZaHFBuqrhdbAsL0x8vQN1SriKSOntWk5/AHqk9y5+dyqod6XTF1yUj8m8M6LDl5LeePzvKbp9flWWvGDRsCr+DDh4cZvvHN9+buz0dP0lpqoG20ctPmiqY6Mtffd1HwKBgQCasdNoNF+Nt1tp2TS4WVcoGMslvHwncx47w6y09X9lGK1ulyloDj5wwhpAFP1IjCEBBvvplk5ZrIxGGL/b8AvY1hilLGGYAJHI0f03JM4R9jqx4pG0NcX4bBDiqWhFAAjKD3AVnko7X8KCMBBRsd3LqYYnt87W45+Ci1hm/6ChSwKBgQDKJro/2uaroxN3Zobbf/4JsHKbXF1wPmFCIQysnAOdgwdmNynkOHUm5nP8zGicSzUo9Arpojlk5q9/fyeBWw55SX+6Gadd+gwPbvNaUXq0+FV9KS7besJvYniRDoHT2iJebquEFhVDJj5YZYExi8eb+h9sS6uKBC2sTu+jCwOM2wKBgFaat3zERMNMEuTAxinRnKERpP5TMsPsxLm4bDj7/EtKIMa15YTYoKSv9jnxkf0g7h2c0K4YkP+FBj98V5jixZS0MQ9NIwtjX5G6ZK63S6/3GG8YhKtge/MA2aneaJt2nh4kfyF1MKhWFWwkn1KGM8howwV873m+lxoQE2TAvKwZ'),
	(28, 34, 'MIIBIjANBgkqhkiG9w0BAQEFAAOCAQ8AMIIBCgKCAQEAxpcRah2UxY8kMxH7tVe0U9W40kOajtO0LPaqNVLKHQW7nLFG/A6gn659MIGkQKroIUKj6yTZUj0TVBLHzajfyHxRuQ99uSNBqleoFUHCARcigTM6OowAB1tZ/Zs6Tjyq9ibJNupM2sVAhoMSiHHGmqrdhRXJLVs77afwJKRByjaE8Gbph+tscrdIR48aVLTD5yefqIqakvt5j7XYiZ0qdAkGd8eC1ZVyQLifRKfEXB/N5myYblHHlavplczarol1XIy33hItD6L26KPINIJZ0zVqakbe0RGNx4p8JzxfwmjCstBKybUlfbi+4ZVauhKgsMqiZNDKd+YId1t5bi3OGwIDAQAB', 'MIIEvQIBADANBgkqhkiG9w0BAQEFAASCBKcwggSjAgEAAoIBAQDGlxFqHZTFjyQzEfu1V7RT1bjSQ5qO07Qs9qo1UsodBbucsUb8DqCfrn0wgaRAqughQqPrJNlSPRNUEsfNqN/IfFG5D325I0GqV6gVQcIBFyKBMzo6jAAHW1n9mzpOPKr2Jsk26kzaxUCGgxKIccaaqt2FFcktWzvtp/AkpEHKNoTwZumH62xyt0hHjxpUtMPnJ5+oipqS+3mPtdiJnSp0CQZ3x4LVlXJAuJ9Ep8RcH83mbJhuUceVq+mVzNquiXVcjLfeEi0Povboo8g0glnTNWpqRt7REY3HinwnPF/CaMKy0ErJtSV9uL7hlVq6EqCwyqJk0Mp35gh3W3luLc4bAgMBAAECggEAF8bFhH13LvIU5PJtvwf5pKHth2slqZ0KMOn1df3sCe6CSF/nPk1oCMZE4dZbuoxbz4OhiYk3ZcO/OS0oc+SYqnHL/QqwREbG2WS2UJk3Z5cEABEIkzLo2/ihfR4lLHHSDDeXlrYVrom4UIKH6QMqQqFbdVAm7oHCWpFlTJXH9LQ9LPachBEJSGijJY6bHGmf1qu+bADRlOJ5vd9/1Srx02OiSEVNgNJdKjdGXilf4Y1tdxLPoji2AZdVK9N5CkSmUaqGpoDr/KnEGoFx0E1jMLF3cCiUy9Nsqx6lDib6W8OV1D0G+990iqroFplSKy+E7qbTE59cFBFka6d73bb3EQKBgQDQcu9EJqSG5uYGRug1I9sT6EGxd91Hz2B6Se8iZ044UbeAAnuqtqaWfeXP63VeZKTt0uuvdSbIVYSEOzmh+ApJaLi8mfUYK+PIvOxB67mTDP1R2eBpQHO0i2lSD9JL+dGoqfQ9XgRW0mm9Z3p9QuEBsXFpdmS60R7i8Cqi9qwQEQKBgQDz5GSgL8gVks1O6oX0Lo8QSB/jNBQgBiTzvoRooB8dxtpN3xmCeTarMdGyrBd20ggUgZMf+s3oWoVd2Dq+gRkdW7sLfx2J5mnz18jvuTkoMWP1FEYg2sCDjrp35RJDls4GSQolTmDPpNmwyuwrJd4Ls6XWTfxcA9g12xulgUinawKBgQC8HKzuXM0nbOJzEbRmmGgRjA0U4e4Q6wXO9j/XVVESpDQsUpFV2yV1NEKbo4q017C7axgErH2GVx6S0nvNPnHSE657jZjQ6nLS6iNvzhIXsaY+IphRg7enXBR82QhYRie9xTpD0z+pNpP0OJkix6MVCxQlL5HxwdzUwhZIIMHgcQKBgBCdweFMABTAMK6sub2eIm8Yitue47Qe1wuoMjsylYwgzSS7C3DhM0FMnp3OrbaRrq0++rgWDUtER4vSPIZYI07lvgOVgHyxrwxG6lCyzNsZKlc7L1/zp2QPKFMczza9ooG5HjDWezAKai5qVNbHuK4Raj4EiCn4tRVOPT70ZO/LAoGAPhuneKMIBnOPRyuzSafqOeSuZ2kqXwaW27iO1vl2gj/tyrbHjow1mbwoBlNp4wdtDz9oBQUn+nkl9oPGUHf9+sCu1UuItUAhNNBG8oKgUGhwUo9XXKQm0J5yn/E3gdpEba33qPLKz7q0JVIE9k6ZI+8utRLn76t2lguBLt3z8cI='),
	(29, 35, 'MIIBIjANBgkqhkiG9w0BAQEFAAOCAQ8AMIIBCgKCAQEA5YQ+HmmF96ehJQPzy3rL3Fw3xS/qQAL2LxYbKVsgKEWuy0XMXQcIihb2jMjDaRpN4e9fkVylMhI5OR9rPb42KuUrv9IluD7em/W6dIyAW5CkWGt2xLdfvrFkAcEKsgl9a+PnQ9YAOLF9Sk45RLhyVyHhRqKK92kv8Hh8KYIjSaxHNLSo2obB2LDWjAgrxV20tSAljh83vPmdbgIgHzzZ+n5s1a+/ymgCXxswg/GeTDbFBzV359g9FNNb+/UFu2Qh+KCDxzqX3FDqdVeO2rtJvLQDq7U20UcKa4CObHXaoWVKaIa3fltGJSvL8F+CoJuo4NhbTgjW/2NvZM6o5xpYWwIDAQAB', 'MIIEvwIBADANBgkqhkiG9w0BAQEFAASCBKkwggSlAgEAAoIBAQDlhD4eaYX3p6ElA/PLesvcXDfFL+pAAvYvFhspWyAoRa7LRcxdBwiKFvaMyMNpGk3h71+RXKUyEjk5H2s9vjYq5Su/0iW4Pt6b9bp0jIBbkKRYa3bEt1++sWQBwQqyCX1r4+dD1gA4sX1KTjlEuHJXIeFGoor3aS/weHwpgiNJrEc0tKjahsHYsNaMCCvFXbS1ICWOHze8+Z1uAiAfPNn6fmzVr7/KaAJfGzCD8Z5MNsUHNXfn2D0U01v79QW7ZCH4oIPHOpfcUOp1V47au0m8tAOrtTbRRwprgI5sddqhZUpohrd+W0YlK8vwX4Kgm6jg2FtOCNb/Y29kzqjnGlhbAgMBAAECggEADMZ4uxjUxNodgKHaYwc4ElFGjQdjpEhMUe09+f/UZ7MO2mOAtbIYbUmyhvFkp+5RMa3KzBynJbg/W8KEpboRA5mgMhWtVTbLc+ZQiIAKyjRgL+HCoySxdu8inQX7Px/pgMtkCiUYlXWsfsNuGAXYq3WIN6lnHDb/kATAC7Y7Zs4BAOkg/ohfIuuyEcU0BW8A/lcuqFJjNE+0MXG+Bzh8xiKG5S8TrP1d37wx/yr+qG9gzONAE0ZYY2+Mq2zyyS2M/Dw5CCO1yaG64Z07iagO2ZVfa/0uDFzmH4QgBdmbitnexQYH2bqKu3GN/HZm9gFd5vJFxGXby6OANMFtLgECoQKBgQD2KRnP+XshAhWpyDJX9/PTtie/E/1/jcP5BprQX+0GyWbUUXPypzrPP3FpXzqJQ0LlALxu2Bz3IlmPA0s+R+YUND0YndGkkbl5wZec0xSUFqHhKj9gAQ2qRbI4ufDs8+Cnlu9F7kg9vLqgrWBW+UmSbwKeyv4yLed/MIV9mE4YYQKBgQDusNQDaMVVcoKLFfOjqHwIKKoVHsPACY8OC6iATj2vOzf8zmYkZCoy21yaA9LZevlqp/KFo3esiKVKCUJGEf/bPYyLeygY+UMEFeYcex8QM+I3obwZG1+t6swoEdwuM6d8ETUT68TES3sVPSUQjPIwlbYbQqqD7SX3x4lknMz6OwKBgQC4lml8wx/JyL5l6nGV9aEpiNaVOnBFThE+k+1ThBtBk5VAcTP5Kd23u2NYGMjUVVO8Vaj3ladiyqdNzrKFqXSmgeWup+mk9oGXA8ylFMPBqJcLOZr8as3MeScD0qsPhHFaOpyCXARgBz4LbvdnQNgirovQd3fWOQX3InN3ktY9AQKBgQDB1b3Gqv2dn2ld08zQedGHuqYskpg6ykhvCo6i62byd6/G0EJoiSMvu65esH44+MG1mH+9gPt9lFZOYmh8iL9zZm9NEg2FAl8m4TXGqUGXodqyfNhIt08i6Es0uxRIPNBlU3/8FnnrQrTIkagY4a0IQXvqdWAN1LcBmfv8Rc274wKBgQCsVfqF/ZxMFDmBdTeap2LmrEV7XUdZyiSyhI/XKH05pZ2ZthRqN3w4TMwd7FMe5QoOgunR7esYkOspf4RrswSsmDtgiA5fOsZZw4WskQuLB/2C0J9locBtg7Gvo2GvGaf6Om6cqqdLtkHipgYKx6aJLpPV1UEHbejYfwn+3XigfA=='),
	(30, 36, 'MIIBIjANBgkqhkiG9w0BAQEFAAOCAQ8AMIIBCgKCAQEAm309vuEomu3ChbdAhCdJK25n/vCdAjA78siTwlUy5P5vd8K4HJsGP9BgxRo57zVZYlprhetK99CoU0Toiibdfb1PO9ZzEldvoHA0qK0+mX0nG5M1Q9sejsIYwGivr4WacxmH7bv36oovzJjjNAykPeThO38zdyIGCOZ47dHvDPyhbZCmBVtQyrVU8dpw2XTFiq+xjbb9rcMVZCPuUpyr12h4aQ6dHmuVNAW7q5XFx36YbBuyn9jgj7UvXsqZzIMXTT8eIX5uZakCPREfTzajpiwZTGLG/riI/NKl8+2nEstz2lG+DEzQwVHhjwuCWUYNoeFyc9JMrtPK5bOBZQxVvwIDAQAB', 'MIIEvQIBADANBgkqhkiG9w0BAQEFAASCBKcwggSjAgEAAoIBAQCbfT2+4Sia7cKFt0CEJ0krbmf+8J0CMDvyyJPCVTLk/m93wrgcmwY/0GDFGjnvNVliWmuF60r30KhTROiKJt19vU871nMSV2+gcDSorT6ZfScbkzVD2x6OwhjAaK+vhZpzGYftu/fqii/MmOM0DKQ95OE7fzN3IgYI5njt0e8M/KFtkKYFW1DKtVTx2nDZdMWKr7GNtv2twxVkI+5SnKvXaHhpDp0ea5U0BburlcXHfphsG7Kf2OCPtS9eypnMgxdNPx4hfm5lqQI9ER9PNqOmLBlMYsb+uIj80qXz7acSy3PaUb4MTNDBUeGPC4JZRg2h4XJz0kyu08rls4FlDFW/AgMBAAECggEACuO+bt9xKwCR0zBwydnAOWcszIXom2dX9ug31rA8kPjPHpGn3LxwblGyt5aWMrK+O/sCmaSYhjrerMUgRK3Q/1PUrzCU/R+3YqdGz7VqajnK8KkHFK7NghG8fJwYUvAzvRZ4hHf+WxIGNh3lTxctRq2Sy4E30Dm1EsbJZIHxR5mYo4f0UCwQ7XoFLHSH+uMUNSbxD5/qBhe+j+ebCaoxgFvnycFC4NEYqWct3brjboLmE0SwnNWyghQef3KEBYds+UqJKeKWHZY2HZkmcR1EIJ56BIQK3wU0bv1SPo4IKWz1Q1aCrCy5BLJozBFbaXAG/Ls9hE9NqdE4rYpeRpIUoQKBgQDaxSqTKJC22mRWR1Nxiktd3dFM43HtQ78rBQIMV3sI5VSPrPobHwTSxU7H4Yu/ntpQOLjASHvkBbJCvvcr6B9vYL6ocfjIfCqSL8i1ZWKvXszoYNzlismCs9NTEtvzluG6y5ZCCCNw7NJh5HXJ7dnTS0jprT13PWZQ7fEn1YvKUQKBgQC18zU7NnTqylgpVuer1JCNR1uKcO0kacHfgc6jNfw1x1z5bi7xGPCb52GRxf9IRRWl7vq7wYSXdITZKLiln/3xG9GKFXYMBM40bk8QjgfFk9Z3c70NdsQZpOunaMtmfyxR4YLnaLG3x6+MoJvB11THU9F7mRhF/ZjXhiSCKQoLDwKBgQCp7GtdUizVWlyFB3GwxxIzHo/rgN6ExBJAf+tPWsOd7UL5Ngot9rHwZIEEkBPUCrbXiLc34xUXz7TeUyX5XJrOD/8HJz9tucP3OFZVTyKPxLqz5EivolVSyApkhEmDsrYyON/E+j1NASWIE8PJzI1cqSVBG+aaL37BbY/auOuTgQKBgG+VAh0ZDWR7yMs5V4QiLK/nhfUFwfilvtaR5aZj0hMs+xCgiLskn1IM+OIL+b1ZWKhVQYDpcaXsOBhxB6PS1UoK1FsJREakn8y5pVUytQNu4YSJ/vOF1Ucgw7/73VkzPnvMf5nos6xQEpF8YWjj5EMFXR+eSKuLlTL/Od50yorzAoGAZ+atF183qDW3faZr5TaDBqblGJMDvuXbmcn+nIyEbAg4SL/TEcGJZpCiISzwvRwniXu7Lf8sbfFTzP6PKkSAASY0Cn4RivIS6hnY/prJYBFAPG2XbdayiDWj3OOLRJ44p0MHL0bWnLYeypsAjlahUNDVOlcw4wSgBRMRS1eVsRg=');
/*!40000 ALTER TABLE `key_pairs` ENABLE KEYS */;

-- 导出  表 wcg_mall.official_collection 结构
CREATE TABLE IF NOT EXISTS `official_collection` (
  `id` bigint(20) NOT NULL AUTO_INCREMENT,
  `product_id` bigint(20) NOT NULL,
  PRIMARY KEY (`id`)
) ENGINE=MyISAM AUTO_INCREMENT=16 DEFAULT CHARSET=utf8 COLLATE=utf8_unicode_ci;

-- 正在导出表  wcg_mall.official_collection 的数据：6 rows
/*!40000 ALTER TABLE `official_collection` DISABLE KEYS */;
INSERT INTO `official_collection` (`id`, `product_id`) VALUES
	(15, 50),
	(14, 46),
	(12, 41),
	(13, 43),
	(11, 40),
	(10, 38);
/*!40000 ALTER TABLE `official_collection` ENABLE KEYS */;

-- 导出  表 wcg_mall.order 结构
CREATE TABLE IF NOT EXISTS `order` (
  `id` bigint(20) NOT NULL AUTO_INCREMENT,
  `order_number` varchar(50) COLLATE utf8_unicode_ci DEFAULT NULL,
  `status` int(11) DEFAULT NULL COMMENT '1待付款 2待发货 3已发货 4已完成  5已取消6已退款',
  `user_id` bigint(20) DEFAULT NULL,
  `consignee` varchar(50) COLLATE utf8_unicode_ci DEFAULT NULL,
  `consignee_address` varchar(50) COLLATE utf8_unicode_ci DEFAULT NULL,
  `consignee_phone` varchar(11) COLLATE utf8_unicode_ci DEFAULT NULL,
  `email` varchar(20) COLLATE utf8_unicode_ci DEFAULT NULL,
  `pay_method` int(11) DEFAULT NULL,
  `pay_status` int(11) DEFAULT NULL COMMENT '支付状态 0未支付 1已支付 2退款',
  `amount` decimal(10,2) DEFAULT NULL,
  `order_time` datetime DEFAULT NULL,
  `checkout_time` datetime DEFAULT NULL,
  PRIMARY KEY (`id`)
) ENGINE=MyISAM AUTO_INCREMENT=240 DEFAULT CHARSET=utf8 COLLATE=utf8_unicode_ci;

-- 正在导出表  wcg_mall.order 的数据：23 rows
/*!40000 ALTER TABLE `order` DISABLE KEYS */;
INSERT INTO `order` (`id`, `order_number`, `status`, `user_id`, `consignee`, `consignee_address`, `consignee_phone`, `email`, `pay_method`, `pay_status`, `amount`, `order_time`, `checkout_time`) VALUES
	(239, '174666700191936', 6, 36, '陈韦江', '重庆市沙坪坝区', '18223354992', '1774532899@qq.com', 1, 2, 1198.00, '2025-05-08 09:16:42', '2025-05-08 09:17:14'),
	(238, '174666696992036', 5, 36, '陈韦江', '重庆市沙坪坝区', '18223354992', '1774532899@qq.com', 1, 0, 1198.00, '2025-05-08 09:16:10', NULL),
	(237, '174666673315536', 2, 36, '陈韦江', '重庆市沙坪坝区', '18223354992', '1774532899@qq.com', 1, 1, 3899.00, '2025-05-08 09:12:13', '2025-05-08 09:13:49'),
	(236, '174666670920036', 5, 36, '陈韦江', '重庆市沙坪坝区', '18223354992', '1774532899@qq.com', 1, 0, 9999.00, '2025-05-08 09:11:49', NULL),
	(235, '174666659594436', 5, 36, '陈韦江', '重庆市沙坪坝区', '18223354992', '1774532899@qq.com', 1, 0, 1198.00, '2025-05-08 09:09:56', NULL),
	(234, '174666571531536', 5, 36, '陈韦江', '重庆市沙坪坝区', '18223354992', '1774532899@qq.com', 1, 0, 3899.00, '2025-05-08 08:55:15', NULL),
	(233, '174666566456336', 5, 36, '陈韦江', '重庆市沙坪坝区', '18223354992', '1774532899@qq.com', 1, 0, 1198.00, '2025-05-08 08:54:25', NULL),
	(232, '174666522118636', 5, 36, '陈韦江', '重庆市沙坪坝区', '18223354992', '1774532899@qq.com', 1, 0, 3999.00, '2025-05-08 08:47:01', NULL),
	(231, '174666493057036', 5, 36, '陈韦江', '重庆市沙坪坝区', '18223354992', '1774532899@qq.com', 1, 0, 3899.00, '2025-05-08 08:42:11', NULL),
	(230, '174541795205336', 5, 36, '陈韦江', '重庆市沙坪坝区', '18223354992', '1774532899@qq.com', 1, 0, 120.00, '2025-04-23 22:19:12', NULL),
	(229, '174541780223136', 5, 36, '陈韦江', '重庆市沙坪坝区', '18223354992', '1774532899@qq.com', 1, 0, 1198.00, '2025-04-23 22:16:42', NULL),
	(228, '174541770608636', 5, 36, '陈韦江', '重庆市沙坪坝区', '18223354992', '1774532899@qq.com', 1, 0, 1198.00, '2025-04-23 22:15:06', NULL),
	(227, '174541751013836', 5, 36, '陈韦江', '重庆市沙坪坝区', '18223354992', '1774532899@qq.com', 1, 0, 1198.00, '2025-04-23 22:11:50', NULL),
	(226, '174541746249836', 5, 36, '陈韦江', '重庆市沙坪坝区', '18223354992', '1774532899@qq.com', 1, 0, 1198.00, '2025-04-23 22:11:02', NULL),
	(225, '174541724929036', 5, 36, '陈韦江', '重庆市沙坪坝区', '18223354992', '1774532899@qq.com', 1, 0, 1198.00, '2025-04-23 22:07:29', NULL),
	(224, '174541712383036', 5, 36, '陈韦江', '重庆市沙坪坝区', '18223354992', '1774532899@qq.com', 1, 0, 1198.00, '2025-04-23 22:05:24', NULL),
	(223, '174541677431636', 5, 36, '陈韦江', '重庆市沙坪坝区', '18223354992', '1774532899@qq.com', 1, 0, 1198.00, '2025-04-23 21:59:34', NULL),
	(222, '174541677215736', 5, 36, '陈韦江', '重庆市沙坪坝区', '18223354992', '1774532899@qq.com', 1, 0, 1198.00, '2025-04-23 21:59:32', NULL),
	(221, '174541598198236', 2, 36, '陈韦江', '重庆市沙坪坝区', '18223354992', '1774532899@qq.com', 1, 1, 3999.00, '2025-04-23 21:46:22', '2025-04-23 21:46:41'),
	(220, '174541557607836', 2, 36, '陈韦江', '重庆市沙坪坝区', '18223354992', '1774532899@qq.com', 1, 1, 1198.00, '2025-04-23 21:39:36', '2025-04-23 21:39:50'),
	(219, '174541366792836', 6, 36, '陈韦江', '重庆市沙坪坝区', '18223354992', '1774532899@qq.com', 1, 2, 3999.00, '2025-04-23 21:07:48', '2025-04-23 21:08:14'),
	(217, '174541217312536', 6, 36, '陈韦江', '重庆市沙坪坝区', '18223354992', '1774532899@qq.com', 1, 2, 9999.00, '2025-04-23 20:42:53', '2025-04-23 20:43:13'),
	(218, '174541237777736', 6, 36, '陈韦江', '重庆市沙坪坝区', '18223354992', '1774532899@qq.com', 1, 2, 3899.00, '2025-04-23 20:46:18', '2025-04-23 20:46:37');
/*!40000 ALTER TABLE `order` ENABLE KEYS */;

-- 导出  表 wcg_mall.order_detail 结构
CREATE TABLE IF NOT EXISTS `order_detail` (
  `id` bigint(20) NOT NULL AUTO_INCREMENT,
  `order_number` varchar(50) COLLATE utf8_unicode_ci DEFAULT NULL,
  `product_id` bigint(20) DEFAULT NULL,
  `product_number` int(11) DEFAULT NULL,
  PRIMARY KEY (`id`)
) ENGINE=MyISAM AUTO_INCREMENT=149 DEFAULT CHARSET=utf8 COLLATE=utf8_unicode_ci;

-- 正在导出表  wcg_mall.order_detail 的数据：57 rows
/*!40000 ALTER TABLE `order_detail` DISABLE KEYS */;
INSERT INTO `order_detail` (`id`, `order_number`, `product_id`, `product_number`) VALUES
	(135, '174541746249836', 33, 1),
	(134, '174541724929036', 33, 1),
	(133, '174541712383036', 33, 1),
	(132, '174541677431636', 33, 1),
	(130, '174541598198236', 35, 1),
	(131, '174541677215736', 33, 1),
	(129, '174541557607836', 33, 1),
	(128, '174541366792836', 35, 1),
	(127, '174541237777736', 34, 1),
	(126, '174541217312536', 36, 1),
	(125, '174541198685736', 35, 1),
	(124, '174541194556036', 35, 1),
	(123, '174541190955436', 35, 1),
	(122, '174541185987236', 35, 1),
	(121, '174541168334836', 35, 1),
	(120, '174539625777436', 36, 1),
	(119, '174539515729736', 36, 1),
	(118, '174539355058536', 35, 1),
	(117, '174539347884236', 35, 1),
	(116, '174539339794936', 35, 1),
	(115, '174539339223836', 35, 1),
	(114, '174539323790136', 35, 1),
	(113, '174539322062036', 35, 1),
	(112, '174539312877536', 35, 1),
	(111, '174539306703936', 35, 1),
	(110, '174539005509736', 33, 1),
	(109, '174538912851236', 34, 1),
	(108, '174538903268336', 35, 1),
	(107, '174538894104636', 35, 1),
	(106, '174538892671636', 35, 1),
	(105, '174538834594736', 34, 1),
	(104, '174538741357436', 33, 1),
	(103, '174504581635336', 39, 1),
	(102, '174504543233736', 36, 1),
	(101, '174504507211136', 34, 1),
	(100, '174496294624236', 36, 1),
	(99, '174496284549636', 33, 1),
	(98, '174496278407036', 34, 1),
	(97, '174496275218436', 55, 1),
	(96, '174280505946536', 36, 1),
	(95, '174150176645636', 37, 1),
	(94, '174098648882736', 33, 1),
	(93, '174098637984536', 35, 1),
	(92, '174098542889936', 34, 1),
	(136, '174541751013836', 33, 1),
	(137, '174541770608636', 33, 1),
	(138, '174541780223136', 33, 1),
	(139, '174541795205336', 39, 1),
	(140, '174666493057036', 34, 1),
	(141, '174666522118636', 35, 1),
	(142, '174666566456336', 33, 1),
	(143, '174666571531536', 34, 1),
	(144, '174666659594436', 33, 1),
	(145, '174666670920036', 36, 1),
	(146, '174666673315536', 34, 1),
	(147, '174666696992036', 33, 1),
	(148, '174666700191936', 33, 1);
/*!40000 ALTER TABLE `order_detail` ENABLE KEYS */;

-- 导出  表 wcg_mall.product 结构
CREATE TABLE IF NOT EXISTS `product` (
  `id` bigint(20) NOT NULL AUTO_INCREMENT,
  `create_time` datetime DEFAULT NULL,
  `update_time` datetime DEFAULT NULL,
  `create_user` bigint(20) DEFAULT NULL,
  `update_user` bigint(20) DEFAULT NULL,
  `name` varchar(100) COLLATE utf8_unicode_ci DEFAULT NULL,
  `category_id` bigint(20) DEFAULT '0',
  `brand_id` bigint(20) DEFAULT '0',
  `price` decimal(10,2) DEFAULT NULL,
  `inventory` int(11) DEFAULT NULL,
  `image` varchar(255) COLLATE utf8_unicode_ci DEFAULT NULL,
  `detail_images` text COLLATE utf8_unicode_ci,
  `description` text COLLATE utf8_unicode_ci,
  `description_image` text COLLATE utf8_unicode_ci,
  `label` varchar(255) COLLATE utf8_unicode_ci DEFAULT NULL,
  `status` int(11) DEFAULT '0',
  PRIMARY KEY (`id`)
) ENGINE=MyISAM AUTO_INCREMENT=58 DEFAULT CHARSET=utf8 COLLATE=utf8_unicode_ci;

-- 正在导出表  wcg_mall.product 的数据：25 rows
/*!40000 ALTER TABLE `product` DISABLE KEYS */;
INSERT INTO `product` (`id`, `create_time`, `update_time`, `create_user`, `update_user`, `name`, `category_id`, `brand_id`, `price`, `inventory`, `image`, `detail_images`, `description`, `description_image`, `label`, `status`) VALUES
	(42, '2024-03-17 13:56:59', '2024-03-17 13:56:59', 23, 23, '七星高照闲云壶', 9, 7, 3788.00, 119, 'https://web-framework-cwj.oss-cn-chengdu.aliyuncs.com/10a64296-b211-4eb0-b071-ca1c77f82ccb.jpg', '["https://web-framework-cwj.oss-cn-chengdu.aliyuncs.com/d010306f-829e-498a-9ea5-f98823cfb151.jpg","https://web-framework-cwj.oss-cn-chengdu.aliyuncs.com/80bb01fb-22b7-47ba-ae1b-6e5cb2e46690.jpg","https://web-framework-cwj.oss-cn-chengdu.aliyuncs.com/8bde78dd-4f0e-4064-8331-e66ce88067e5.jpg","https://web-framework-cwj.oss-cn-chengdu.aliyuncs.com/8594955e-93de-4c2a-8c80-0132bfed2f28.jpg","https://web-framework-cwj.oss-cn-chengdu.aliyuncs.com/85cd2636-0e12-4db5-bf41-50407108875b.jpg","https://web-framework-cwj.oss-cn-chengdu.aliyuncs.com/90c56b8e-5b99-48c8-b047-ee2b989c5fcf.jpg"]', '“七星高照闲云壶”可能是一种精美的茶具，其设计可能灵感来源于中国传统的文化和艺术。这款茶壶可能带有“七星高照”和“闲云”等元素，这些可能代表着吉祥和美好的寓意。它可能采用精湛的工艺制成，外观可能华丽精致，展现了中国传统文化的独特魅力。这个茶壶可能被设计为一个优雅的茶具，用于沏茶、品茶或展示。它可能成为茶道爱好者和收藏家们喜爱的艺术品，也可能作为一份独特的礼物，传达对接受者的美好祝愿。这样的茶壶可能因其独特的设计和高品质备受推崇，成为收藏者钟爱的文化艺术品。', '["https://web-framework-cwj.oss-cn-chengdu.aliyuncs.com/4b5d25cd-9bb4-4312-afe3-5a243fd4fb3e.jpg","https://web-framework-cwj.oss-cn-chengdu.aliyuncs.com/a7e35768-059a-4036-bf8b-e69da5eea7a5.jpg","https://web-framework-cwj.oss-cn-chengdu.aliyuncs.com/acfb617e-7293-444d-a89c-bc9cbd9465bc.jpg","https://web-framework-cwj.oss-cn-chengdu.aliyuncs.com/3456927c-b267-45cf-bc49-d3ed945deaf2.jpg","https://web-framework-cwj.oss-cn-chengdu.aliyuncs.com/602c10d6-db79-4661-97f8-09dac6e8a11e.jpg","https://web-framework-cwj.oss-cn-chengdu.aliyuncs.com/bacea3c1-3557-4523-9760-c79a2a89853f.jpg","https://web-framework-cwj.oss-cn-chengdu.aliyuncs.com/b31b6b3d-a52f-4161-9046-7654bc3dbfa2.jpg","https://web-framework-cwj.oss-cn-chengdu.aliyuncs.com/6a72cee1-5b51-401a-a3a8-3db7af4e83ee.jpg"]', '陶制', 1),
	(41, '2024-03-17 13:54:33', '2024-03-17 13:54:33', 23, 23, '霓裳羽衣茶盘', 9, 7, 4998.00, 99, 'https://web-framework-cwj.oss-cn-chengdu.aliyuncs.com/d87bb7ea-17a6-46f0-a17b-da1764818a3b.jpg', '["https://web-framework-cwj.oss-cn-chengdu.aliyuncs.com/af76ef43-8fac-4ae2-bdcd-3547a89ec75b.jpg","https://web-framework-cwj.oss-cn-chengdu.aliyuncs.com/f120420b-267b-45a6-92cd-6cc1841a425c.jpg","https://web-framework-cwj.oss-cn-chengdu.aliyuncs.com/47dd44f4-4cce-4f0c-9129-cc59cd3a3426.jpg","https://web-framework-cwj.oss-cn-chengdu.aliyuncs.com/e76b0930-7b53-47d8-9071-031a7e8ec61c.jpg","https://web-framework-cwj.oss-cn-chengdu.aliyuncs.com/302c1bf9-a077-470c-bc22-f87bd8a3d871.jpg","https://web-framework-cwj.oss-cn-chengdu.aliyuncs.com/b5cc1e4f-b102-41e1-9daa-459ccc86f948.jpg"]', '霓裳羽衣茶盘可能是一种精美的茶盘，其设计可能灵感来源于中国传统的文化和艺术。茶盘可能以中国古代传说中的神话故事"霓裳羽衣"为题材，这个故事中描述了仙女穿着美丽的羽衣的情景。这款茶盘可能采用精湛的工艺制成，可能具有华丽的外观和精细的雕刻，展现了中国传统文化的独特魅力。霓裳羽衣茶盘可能被设计为一个优雅的茶具陈设品，用于沏茶、品茶或展示。它可能成为茶道爱好者和收藏家们喜爱的艺术品，也可能作为一份独特的礼物，传达对接受者的美好祝愿。这样的茶盘可能因其独特的设计和高品质而备受欢迎，成为收藏者钟爱的文化艺术品。', '["https://web-framework-cwj.oss-cn-chengdu.aliyuncs.com/a1abf5ca-7cde-49df-9f1f-2659e082088e.jpg","https://web-framework-cwj.oss-cn-chengdu.aliyuncs.com/a8405bcc-5112-44c7-858b-7b7e1f70a046.jpg","https://web-framework-cwj.oss-cn-chengdu.aliyuncs.com/7419cc59-7ac9-4ed2-a8ac-7947c545a6ba.jpg","https://web-framework-cwj.oss-cn-chengdu.aliyuncs.com/1821f917-af27-414b-ab06-d81c80407e3f.jpg"]', '', 1),
	(33, '2024-03-17 13:42:20', '2025-05-08 09:25:00', 23, NULL, '吉祥托福', 10, 7, 1198.00, 97, 'https://web-framework-cwj.oss-cn-chengdu.aliyuncs.com/4c5e66a1-057b-440c-b8f4-2f0207975559.jpg', '["https://web-framework-cwj.oss-cn-chengdu.aliyuncs.com/69a49805-8cca-4b39-8aec-f0ec0f3fa74d.jpg","https://web-framework-cwj.oss-cn-chengdu.aliyuncs.com/122cea7b-7101-4a17-8b01-af9dddefe760.jpg","https://web-framework-cwj.oss-cn-chengdu.aliyuncs.com/157a37cc-4138-432e-8685-a840162a2f64.jpg","https://web-framework-cwj.oss-cn-chengdu.aliyuncs.com/ab89e4d2-268e-4835-8434-881421f729c7.jpg","https://web-framework-cwj.oss-cn-chengdu.aliyuncs.com/1923099f-e39d-47be-b7a9-5a8c98669b83.jpg","https://web-framework-cwj.oss-cn-chengdu.aliyuncs.com/ad9b6505-9cca-41e6-b0e2-a1be2193eb8b.jpg"]', '这个铜制摆件是由高品质的铜材料制成的装饰品，它的设计精美、工艺精湛。这件摆件可能是一件艺术品、雕塑或者是一个装饰品，它可能具有特定的主题或者寓意。铜制摆件通常具有较强的装饰性，可以用于家居装饰或者办公场所摆放。铜制摆件通常具有历史价值和艺术价值，是一种能够体现个人品味和文化修养的装饰品。它可以是一个独特的礼物，也可以是一个收藏品，展现着艺术家的创意和工匠的技艺。', '["https://web-framework-cwj.oss-cn-chengdu.aliyuncs.com/8b09ffc5-e1b2-4bd7-8deb-29046e08116a.jpg","https://web-framework-cwj.oss-cn-chengdu.aliyuncs.com/cf05aa03-297c-4c77-9e52-5e7e73d0aa75.jpg","https://web-framework-cwj.oss-cn-chengdu.aliyuncs.com/5a79763f-d81b-41a4-80e0-05869801092f.jpg","https://web-framework-cwj.oss-cn-chengdu.aliyuncs.com/e40b9f44-2b17-401b-9f01-a0e07997fb45.jpg"]', '铜制', 1),
	(34, '2024-03-17 13:44:43', '2025-05-08 09:13:49', 23, NULL, '鹿喜人间铜摆件', 10, 7, 3899.00, 90, 'https://web-framework-cwj.oss-cn-chengdu.aliyuncs.com/c175f71b-324a-4912-9abd-c5cc71352c9e.jpg', '["https://web-framework-cwj.oss-cn-chengdu.aliyuncs.com/69523061-e093-48f9-a708-38512ef28a71.jpg","https://web-framework-cwj.oss-cn-chengdu.aliyuncs.com/67eda34b-e919-4a52-af13-8fbc40abb6da.jpg","https://web-framework-cwj.oss-cn-chengdu.aliyuncs.com/edc07e97-ca92-424e-b9ea-332c553001cb.jpg","https://web-framework-cwj.oss-cn-chengdu.aliyuncs.com/e7dd3ee9-ee56-4b50-9164-ff76c243711f.jpg","https://web-framework-cwj.oss-cn-chengdu.aliyuncs.com/8bee92a6-a306-41aa-ab54-36a970968ce3.jpg","https://web-framework-cwj.oss-cn-chengdu.aliyuncs.com/bbc6bce8-c5ad-4392-8e05-2a049e5451fb.jpg"]', '鹿喜人间铜摆件是一件精美的装饰品，以鹿为主题，由高品质的铜材料制成。这件摆件可能展现了鹿的优雅形态，寓意着吉祥和幸福。它可能是一件具有艺术价值的雕塑作品，也可能是一件用于家居装饰的精美摆件。鹿喜人间铜摆件可能成为家居或办公室装饰的焦点，展现独特的品味和文化修养。此外，它也可能是一份独特的礼物，展现着对接受者的祝福和美好愿望。这样的铜制摆件可以是一件收藏价值高的艺术品，展现着艺术家的创意和工匠的技艺。', '["https://web-framework-cwj.oss-cn-chengdu.aliyuncs.com/705c2610-5818-42df-9283-29bf2a084d3c.jpg","https://web-framework-cwj.oss-cn-chengdu.aliyuncs.com/0931a1ce-1793-45f7-8e43-81f896c97eab.jpg","https://web-framework-cwj.oss-cn-chengdu.aliyuncs.com/dd0437b4-72c8-40d7-aa99-48c1b755f25e.jpg","https://web-framework-cwj.oss-cn-chengdu.aliyuncs.com/b7d6de5f-7f11-4732-bc25-b18069c5ccf6.jpg","https://web-framework-cwj.oss-cn-chengdu.aliyuncs.com/3d867d0c-47d4-47fb-989b-dee48ab4fde4.jpg"]', '铜制', 1),
	(35, '2024-03-17 13:45:55', '2025-05-08 08:55:00', 23, NULL, '乾隆八骏之腾雾', 10, 7, 3999.00, 8, 'https://web-framework-cwj.oss-cn-chengdu.aliyuncs.com/e272e1d4-a535-430a-8226-575d9b6c7eb4.jpg', '["https://web-framework-cwj.oss-cn-chengdu.aliyuncs.com/4efa5db9-5ea3-40b7-b1d2-9327c498eb34.jpg","https://web-framework-cwj.oss-cn-chengdu.aliyuncs.com/de631679-779d-47f8-92ce-ee9e884a4512.jpg","https://web-framework-cwj.oss-cn-chengdu.aliyuncs.com/037bb28c-a430-4e0e-9b97-076497a6699e.jpg","https://web-framework-cwj.oss-cn-chengdu.aliyuncs.com/d2cd6c74-2b64-422b-8029-7cdc08c1e1f5.jpg","https://web-framework-cwj.oss-cn-chengdu.aliyuncs.com/f70362b0-6d0f-4b4e-8cf2-bc80d1a5803d.jpg","https://web-framework-cwj.oss-cn-chengdu.aliyuncs.com/d17bb62e-30f3-4d3d-9b7b-d7f15bf373ab.jpg"]', '乾隆八骏之腾雾摆件是一件富有历史和文化价值的装饰品，以乾隆皇帝最喜爱的八骏为主题，由高品质的材料制成。这件摆件可能具有复杂的工艺和精湛的雕刻，展现了中国传统艺术的精髓。腾雾摆件可能是一件具有艺术价值的摆件，也可能是一件用于家居装饰的精美艺术品。它可能成为家居或办公室装饰的焦点，展现独特的品味和文化修养。此外，它也可能是一份独特的礼物，展现着对接受者的祝福和美好愿望。这样的摆件可以成为一件收藏价值高的艺术品，展现着艺术家的创意和工匠的技艺。', '["https://web-framework-cwj.oss-cn-chengdu.aliyuncs.com/93752b55-6125-41a8-860a-b7f5ada2a528.jpg"]', '限定', 1),
	(36, '2024-03-17 13:47:13', '2025-05-08 09:20:00', 23, NULL, '云起龙腾铜摆件', 10, 7, 9999.00, 2, 'https://web-framework-cwj.oss-cn-chengdu.aliyuncs.com/86b9e63e-76a7-4431-8dd0-63f4006430f7.jpg', '["https://web-framework-cwj.oss-cn-chengdu.aliyuncs.com/8411a7eb-91cd-4e8d-9017-21d196109efd.jpg","https://web-framework-cwj.oss-cn-chengdu.aliyuncs.com/161a2153-920a-4e21-a1b6-f135b9ad0356.jpg","https://web-framework-cwj.oss-cn-chengdu.aliyuncs.com/36618daf-9e00-4c4d-8c70-0a7bd9f8bcb8.jpg","https://web-framework-cwj.oss-cn-chengdu.aliyuncs.com/2a8f1e45-4d88-46c3-b564-27ea6c4386f5.jpg","https://web-framework-cwj.oss-cn-chengdu.aliyuncs.com/6229a394-194b-4c51-b154-721f62c1e32b.jpg","https://web-framework-cwj.oss-cn-chengdu.aliyuncs.com/5185bb5d-9730-49fa-bff1-4dd440a0e9cd.jpg"]', '云起龙腾铜摆件是一种富有中国传统文化和神话元素的装饰品。通常以龙为主题，象征着权力、尊贵和吉祥。这样的铜制摆件可能展现了神龙腾飞的场景，具有较高的艺术价值和装饰性。它可能被用作家居装饰，也可能成为办公室或商业场所的装饰品，展现着东方文化的魅力。云起龙腾铜摆件可能被视为一种独特的礼物，传达着对接收者的祝福和美好愿望。这样的摆件还可能成为收藏者青睐的艺术品，展现着匠人的工艺和艺术家的创意。', '["https://web-framework-cwj.oss-cn-chengdu.aliyuncs.com/d46bf8c7-55c6-4c42-855b-2f98c2a77821.jpg","https://web-framework-cwj.oss-cn-chengdu.aliyuncs.com/223059ca-514a-4a7a-b2a1-074b715b1616.jpg"]', '限量发售', 1),
	(37, '2024-03-17 13:48:44', '2025-03-09 14:35:20', 23, 36, '宫蚕图卷笔记本系列', 12, 7, 99.00, 1001, 'https://web-framework-cwj.oss-cn-chengdu.aliyuncs.com/e7150df0-af17-46b9-895d-d9856da8174a.jpg', '["https://web-framework-cwj.oss-cn-chengdu.aliyuncs.com/d8890e31-a2a6-4f2c-9dc0-ef7ed5beb251.jpg","https://web-framework-cwj.oss-cn-chengdu.aliyuncs.com/df66b558-4d8e-40da-b2a8-f8546562831e.jpg","https://web-framework-cwj.oss-cn-chengdu.aliyuncs.com/e75b5001-3309-421b-99ab-ca7c4637337b.jpg","https://web-framework-cwj.oss-cn-chengdu.aliyuncs.com/dbef222f-2769-46fc-8684-c6523d99bd41.jpg","https://web-framework-cwj.oss-cn-chengdu.aliyuncs.com/32715945-3149-4abd-b673-2fe39f3e8312.jpg","https://web-framework-cwj.oss-cn-chengdu.aliyuncs.com/65d4f6f1-8ed2-456f-8a30-d0b4cb81d15e.jpg"]', '宫蚕图卷笔记本系列是一款以中国传统文化为主题的笔记本产品。它可能以宫廷蚕丝织物图案为设计灵感，采用精美的印刷工艺和高品质的材料制作而成。这个系列的笔记本可能具有古典美感，展现了中国传统文化的魅力，也可能是一种融合了现代设计元素的产品。宫蚕图卷笔记本系列可能被设计成不同尺寸和风格，以满足不同用户的需求。它可能成为书写、绘画或记录生活的工具，同时也可以作为一份独特的礼物，体现对接受者的美好祝愿。这个系列的笔记本可能因其独特的设计和高品质而备受欢迎，成为收藏者钟爱的文化艺术品。', '["https://web-framework-cwj.oss-cn-chengdu.aliyuncs.com/820487d5-6866-495f-80f9-d7415116d569.jpg","https://web-framework-cwj.oss-cn-chengdu.aliyuncs.com/1cd9767f-2226-45e3-a168-d82532b96aa2.jpg","https://web-framework-cwj.oss-cn-chengdu.aliyuncs.com/8e45bb4f-277e-4f28-8f58-0b20dd75c960.jpg"]', '', 1),
	(38, '2024-03-17 13:50:08', '2024-03-17 13:50:08', 23, 23, '兰亭雅集系列', 12, 7, 199.00, 999, 'https://web-framework-cwj.oss-cn-chengdu.aliyuncs.com/d0653273-6196-4d5b-a6b7-29b9e0cbf634.jpg', '["https://web-framework-cwj.oss-cn-chengdu.aliyuncs.com/8c8d6e42-6add-4d39-93a2-edb61fd1b019.jpg","https://web-framework-cwj.oss-cn-chengdu.aliyuncs.com/b44bfcfb-17f0-43d3-ab80-57d00417a2b2.jpg","https://web-framework-cwj.oss-cn-chengdu.aliyuncs.com/8796e9df-501c-440b-8f7a-e66ddf5677de.jpg","https://web-framework-cwj.oss-cn-chengdu.aliyuncs.com/c86c68be-513a-4887-bf96-708f8b6590cf.jpg","https://web-framework-cwj.oss-cn-chengdu.aliyuncs.com/b3197438-54c8-4fcb-b4fa-b812b58a667c.jpg","https://web-framework-cwj.oss-cn-chengdu.aliyuncs.com/79ccc080-e22e-4d6d-98ba-9b32140a9324.jpg"]', '兰亭雅集系列是一种以兰亭集序为题材的文化创意产品系列。兰亭集序是中国古代书法家王羲之的代表作之一，也是中国书法史上的经典之作。这个系列可能包括书法作品的复制品、文化衍生品、文具用品等。兰亭雅集系列可能以兰亭集序的书法艺术为设计灵感，产品可能包括笔墨纸砚、书法作品、文具、装饰品等，展现了中国传统文化的魅力。这个系列的产品可能因其独特的设计和高品质而备受欢迎，成为收藏者钟爱的文化艺术品。兰亭雅集系列可能通过创意设计和精湛工艺，将中国传统文化与现代生活巧妙结合，展现了对中国传统文化的传承和创新。', '["https://web-framework-cwj.oss-cn-chengdu.aliyuncs.com/f9fac986-98b3-4dd7-b9c6-c7895dd15e11.jpg","https://web-framework-cwj.oss-cn-chengdu.aliyuncs.com/3d93e9e4-b4a6-4e35-89aa-80951d71c4dc.jpg","https://web-framework-cwj.oss-cn-chengdu.aliyuncs.com/91abc6bd-74f7-4928-9d4c-b300b8ae6718.jpg"]', '', 1),
	(39, '2024-03-17 13:51:35', '2025-05-02 15:30:00', 23, NULL, '寻觅笔记本', 12, 7, 120.00, 1998, 'https://web-framework-cwj.oss-cn-chengdu.aliyuncs.com/55e73207-2f07-4589-a85e-30b6db74440a.jpg', '["https://web-framework-cwj.oss-cn-chengdu.aliyuncs.com/0c2e2c2b-8745-4ff2-806d-ba963a1887b4.jpg","https://web-framework-cwj.oss-cn-chengdu.aliyuncs.com/64d6b1d7-417d-4ceb-9a06-7480d7d1aef2.jpg","https://web-framework-cwj.oss-cn-chengdu.aliyuncs.com/eff7ed8c-a4af-4690-b304-bff1f60be7d8.jpg","https://web-framework-cwj.oss-cn-chengdu.aliyuncs.com/4a014eaa-ccd1-49bf-b763-cd8cd13c8fab.jpg","https://web-framework-cwj.oss-cn-chengdu.aliyuncs.com/675cf733-7a51-46e9-bd9b-28aaf90984e6.jpg","https://web-framework-cwj.oss-cn-chengdu.aliyuncs.com/4f93a4d7-9fbc-438f-93c7-06094bf38fbf.jpg"]', '寻觅笔记本是一种专为记录和规划生活的高品质笔记本。这款笔记本可能具有精美的设计，提供便捷的书写和记录体验。寻觅笔记本可能包括各种规格和风格，适合不同的使用场景，例如日常笔记、旅行记录、绘画创作等。它可能采用优质的纸张和耐用的封面材料，确保书写质感和长久保存。此外，寻觅笔记本可能包括便捷的书签设计、内部格栅或其他功能，以满足用户的各种需求。无论是作为个人使用还是送礼佳品，寻觅笔记本可能成为生活中不可或缺的伙伴，帮助记录生活点滴、激发创造灵感。', '["https://web-framework-cwj.oss-cn-chengdu.aliyuncs.com/81f977b5-c3b6-4e3c-8261-99e0c30d6fc0.jpg"]', '热销', 1),
	(40, '2024-03-17 13:53:10', '2024-03-17 13:53:10', 23, 23, '富贵吉祥葫芦瓶', 9, 7, 3988.00, 99, 'https://web-framework-cwj.oss-cn-chengdu.aliyuncs.com/baab1a64-a625-4b3d-8bb9-33ab6d17e0c9.jpg', '["https://web-framework-cwj.oss-cn-chengdu.aliyuncs.com/593f35a2-0a86-410a-886d-21922dd07ae9.jpg","https://web-framework-cwj.oss-cn-chengdu.aliyuncs.com/d2469980-e89b-4a6a-89ef-7f290570bdaf.jpg","https://web-framework-cwj.oss-cn-chengdu.aliyuncs.com/53fa7c88-44e2-40d7-8a9d-eea441b45aaf.jpg","https://web-framework-cwj.oss-cn-chengdu.aliyuncs.com/1d9c44fb-445b-4b0b-b988-40f4bc49d937.jpg","https://web-framework-cwj.oss-cn-chengdu.aliyuncs.com/867a1993-ea39-443b-bf99-e798ba15196f.jpg","https://web-framework-cwj.oss-cn-chengdu.aliyuncs.com/b0bb4f39-75b9-473f-b72b-ea6cc541c9f2.jpg"]', '富贵吉祥葫芦瓶是一种具有象征意义的装饰品，融合了中国传统文化中的“富贵”和“吉祥”元素。葫芦在中国文化中被视为吉祥、福气和长寿的象征，而“富贵”则代表着繁荣、财富和好运。这样的葫芦瓶可能采用精美的工艺制作而成，可能具有华丽的外观和精湛的细节雕刻。它可能被用作家居装饰，摆放在家中或办公室，以带来吉祥和繁荣的象征意义。富贵吉祥葫芦瓶可能也是一种受欢迎的礼品，传达对接受者的美好祝愿。这样的装饰品可能因其独特的设计和象征意义而备受青睐，成为收藏者钟爱的文化艺术品。', '["https://web-framework-cwj.oss-cn-chengdu.aliyuncs.com/82f39386-12ef-451c-b5b6-a4e0fe1729e8.jpg","https://web-framework-cwj.oss-cn-chengdu.aliyuncs.com/896d5131-6d6e-4316-94f5-fba5c431c86b.jpg","https://web-framework-cwj.oss-cn-chengdu.aliyuncs.com/b33b79d7-fa97-4791-9625-16692b7efcb2.jpg","https://web-framework-cwj.oss-cn-chengdu.aliyuncs.com/05ca7ccf-28fa-4586-9bfc-61dfbbfc5526.jpg"]', '', 1),
	(43, '2024-03-17 14:02:37', '2024-03-17 14:02:37', 23, 23, '千里江山茶盘', 9, 7, 3669.00, 99, 'https://web-framework-cwj.oss-cn-chengdu.aliyuncs.com/a1d3d276-3144-42e1-8bba-06e92ce835c7.jpg', '["https://web-framework-cwj.oss-cn-chengdu.aliyuncs.com/63c4f7c3-9f3c-46d5-aa08-08ad001644f9.jpg","https://web-framework-cwj.oss-cn-chengdu.aliyuncs.com/52ab92ca-15c4-4d3a-abae-739a000f9f29.jpg","https://web-framework-cwj.oss-cn-chengdu.aliyuncs.com/3a2f16a5-77af-4e03-911c-2dc91705b4a8.jpg","https://web-framework-cwj.oss-cn-chengdu.aliyuncs.com/1f0762b2-94f6-466f-b9fd-901cb8f86900.jpg","https://web-framework-cwj.oss-cn-chengdu.aliyuncs.com/57863d8a-e621-462f-b653-0631dd0acfb5.jpg","https://web-framework-cwj.oss-cn-chengdu.aliyuncs.com/b0f5c51d-1c0d-4a23-9081-3ccc9e3ffd83.jpg"]', '千里江山茶盘是一种传统的中国茶具，它的设计可能源自中国古老的文化和艺术。这款茶盘可能以其优雅的外观和精湛的工艺而著称。千里江山茶盘可能展现了中国山水画的意境，通过精细的雕刻和绘画，再现了壮丽的山川河流景色。它可能被设计为一个优雅的茶具陈设品，用于沏茶、品茶或展示。这样的茶盘可能备受茶道爱好者和收藏家的青睐，也可能成为一份独特的礼物，传达对接受者的美好祝愿。千里江山茶盘可能因其独特的设计和高品质而备受推崇，成为收藏者钟爱的文化艺术品。', '["https://web-framework-cwj.oss-cn-chengdu.aliyuncs.com/5012f7d9-65b4-45c6-9ba8-3dceebdeb6c6.jpg"]', '', 1),
	(44, '2024-03-17 14:04:18', '2024-03-17 14:04:18', 23, 23, '千里江山壶', 9, 7, 4599.00, 119, 'https://web-framework-cwj.oss-cn-chengdu.aliyuncs.com/07b1b158-7583-4674-aa76-19804f21501b.jpg', '["https://web-framework-cwj.oss-cn-chengdu.aliyuncs.com/81bf77fb-ceb7-40c3-afb1-487755e130ee.jpg","https://web-framework-cwj.oss-cn-chengdu.aliyuncs.com/4e5e84c3-d54a-40aa-8e46-2c7b930ef393.jpg","https://web-framework-cwj.oss-cn-chengdu.aliyuncs.com/e5de546b-3c64-4995-b426-9d0b23247a52.jpg","https://web-framework-cwj.oss-cn-chengdu.aliyuncs.com/cfdc0db1-0ea5-4ac3-889a-89c731b12591.jpg","https://web-framework-cwj.oss-cn-chengdu.aliyuncs.com/dbe9a7ca-4d2c-4770-9794-dcc7de204a06.jpg","https://web-framework-cwj.oss-cn-chengdu.aliyuncs.com/fde344a9-d775-4a9c-bbc7-00e99a1e73e7.jpg"]', '千里江山壶可能是一种具有中国传统文化特色的茶具。它可能以精致的工艺和独特的设计著称，展现了中国山水画的意境。这种茶壶可能被设计成外观优雅，结构精致，可能带有山水图案或者其他中国传统文化元素的装饰。千里江山壶可能成为茶道爱好者和收藏家们青睐的艺术品，也可能被用作沏茶、品茶或者展示。它可能因其独特的设计和高品质备受推崇，成为收藏者钟爱的文化艺术品。这样的茶具可能也是一份独特的礼物，传达对接受者的美好祝愿。', '["https://web-framework-cwj.oss-cn-chengdu.aliyuncs.com/a9fc8977-f30e-4592-b9d5-617d36cc81c3.jpg","https://web-framework-cwj.oss-cn-chengdu.aliyuncs.com/4c6357d3-125e-4ed8-a6e9-b913f3c5616e.jpg","https://web-framework-cwj.oss-cn-chengdu.aliyuncs.com/2903863b-3265-47cf-9911-1e7ca98ab674.jpg","https://web-framework-cwj.oss-cn-chengdu.aliyuncs.com/427f863f-aacc-46f9-b033-60e73e6037b4.jpg","https://web-framework-cwj.oss-cn-chengdu.aliyuncs.com/5f2a6301-5656-4e2c-a0c9-458f82d490f1.jpg","https://web-framework-cwj.oss-cn-chengdu.aliyuncs.com/05dd5c8f-df3d-463e-8bae-968434b76933.jpg","https://web-framework-cwj.oss-cn-chengdu.aliyuncs.com/3e1175dc-d82f-429e-9a84-5e021f0e3b1b.jpg"]', '', 1),
	(45, '2024-03-17 14:06:59', '2024-03-17 14:06:59', 23, 23, '清流乾坤海棠盘', 9, 7, 6899.00, 99, 'https://web-framework-cwj.oss-cn-chengdu.aliyuncs.com/74c80ae9-c583-45d8-9732-a877550a957e.jpg', '["blob:http://localhost:5174/6632d543-2517-45c5-b975-3ff8bb5949f5","blob:http://localhost:5174/4f7a39b4-8ddd-44a6-9576-20b5271ef267","blob:http://localhost:5174/d26814cc-1b94-406a-be89-21bd8de0f906","blob:http://localhost:5174/9e9c681c-97b9-4742-80be-993872b3d025","blob:http://localhost:5174/6583ebe4-4be3-4b9f-91a2-1691ed7b48ca","blob:http://localhost:5174/6f2569d3-7473-434d-b51e-6221a03c0a14"]', '清流乾坤海棠盘是一款精美的茶盘，它的设计灵感源自于故宫藏品元代王冕的“墨梅图”。盘内梅花含笑盈枝，展现出孤洁神韵，传递出“只流清气满乾坤”的志向。这款盘子采用了非遗传统工艺和朱氏釉彩铜技艺进行精制，铜材质具有抑菌性，经久耐用，健康卫生。它不仅可以搭配茶壶使用，还可以盛放糖果、点心等各种小物品，功能多样。这样的茶盘融合了传统工艺与现代实用性，展现出独特的文化价值和美感，是一件非常珍贵的艺术品。', '["https://web-framework-cwj.oss-cn-chengdu.aliyuncs.com/bfe6d27c-4288-4304-9945-01e3b3a23990.jpg","https://web-framework-cwj.oss-cn-chengdu.aliyuncs.com/606bef5f-3868-49b0-868e-83b0abf7a98a.jpg","https://web-framework-cwj.oss-cn-chengdu.aliyuncs.com/cfef65ec-62d8-4097-be78-fe611f8f3cc1.jpg","https://web-framework-cwj.oss-cn-chengdu.aliyuncs.com/d6e2ab95-491f-4317-98d0-5374b1f92697.jpg","https://web-framework-cwj.oss-cn-chengdu.aliyuncs.com/7e2683b6-1efb-44df-af86-f0386db167dd.jpg","https://web-framework-cwj.oss-cn-chengdu.aliyuncs.com/9a436c5e-2a64-4791-b3b7-80bf6a786225.jpg","https://web-framework-cwj.oss-cn-chengdu.aliyuncs.com/b7b76015-efad-4001-afea-67ab52cbcf83.jpg","https://web-framework-cwj.oss-cn-chengdu.aliyuncs.com/d003c4a1-9779-4d8d-a4c9-c4e7e80637c4.jpg","https://web-framework-cwj.oss-cn-chengdu.aliyuncs.com/25d767fb-5bc4-4a0e-882c-b7281407109a.jpg"]', '限定', 1),
	(46, '2024-03-17 14:42:30', '2024-03-17 14:42:30', 23, 23, '花开似梦系列线香', 11, 7, 199.00, 999, 'https://web-framework-cwj.oss-cn-chengdu.aliyuncs.com/ea8bdf77-e6a0-431f-a09c-6fb25c8bf095.jpg', '["https://web-framework-cwj.oss-cn-chengdu.aliyuncs.com/e59dd3a1-9d77-4075-81af-f2b57566c85e.jpg","https://web-framework-cwj.oss-cn-chengdu.aliyuncs.com/b8c42c15-19b2-421b-8043-760a5a02b3b3.jpg","https://web-framework-cwj.oss-cn-chengdu.aliyuncs.com/3952651a-7c9f-4397-a3e1-d71491308694.jpg","https://web-framework-cwj.oss-cn-chengdu.aliyuncs.com/6070b572-805d-44c1-901d-4f82631ea535.jpg","https://web-framework-cwj.oss-cn-chengdu.aliyuncs.com/302b9058-5b53-4789-83f2-46d0d7b4c9dd.jpg","https://web-framework-cwj.oss-cn-chengdu.aliyuncs.com/2926704f-5506-4c9e-b4f3-ff137978f435.jpg"]', '花开似梦系列线香是一款精致的香氛产品，以清新的花香和梦幻般的气息而闻名。这款线香采用天然植物精油和优质香料制成，散发出迷人的花香，让人仿佛置身于花海之中。\n\n花开似梦系列线香有多种香型可供选择，包括玫瑰、茉莉、樱花等，每一种香型都有着独特的魅力，能够满足不同人的喜好。线香的包装设计精美，外观典雅，适合作为家居装饰，也是送礼的不错选择。\n\n使用花开似梦系列线香，可以为生活增添一丝浪漫和温馨的氛围，让人放松身心，享受宁静的时光。不仅如此，线香的持久香味也能够净化空气，改善室内环境，是一款非常实用的香氛产品。', '["https://web-framework-cwj.oss-cn-chengdu.aliyuncs.com/89847b13-c0b1-4c9a-8be5-58d38687ea63.jpg","https://web-framework-cwj.oss-cn-chengdu.aliyuncs.com/27dae475-6f03-4fcc-a195-f944d7685c79.jpg","https://web-framework-cwj.oss-cn-chengdu.aliyuncs.com/70a1a493-f38c-42f2-ac68-5fb37da17763.jpg","https://web-framework-cwj.oss-cn-chengdu.aliyuncs.com/f0553663-7347-4502-8d03-0908dc3c1b7f.jpg","https://web-framework-cwj.oss-cn-chengdu.aliyuncs.com/8d7eece6-cb1d-4e4c-8a4e-fea4a85ab463.jpg"]', '', 1),
	(47, '2024-03-17 14:43:57', '2024-03-17 14:43:57', 23, 23, '千里江山收纳盒', 11, 7, 299.00, 999, 'https://web-framework-cwj.oss-cn-chengdu.aliyuncs.com/875e95ab-174e-49f0-99d8-83936f51fab4.jpg', '["https://web-framework-cwj.oss-cn-chengdu.aliyuncs.com/71e16c02-e0a9-4099-819a-2cf3e17ebb30.jpg","https://web-framework-cwj.oss-cn-chengdu.aliyuncs.com/1c6c021e-cb92-4903-8ba6-e11e0e97a72a.jpg","https://web-framework-cwj.oss-cn-chengdu.aliyuncs.com/ae47a0c4-d8fa-440d-8422-fb3e8c462b85.jpg","https://web-framework-cwj.oss-cn-chengdu.aliyuncs.com/f0266a2f-3c50-40ea-a6fb-0624055eeb83.jpg","https://web-framework-cwj.oss-cn-chengdu.aliyuncs.com/48256a76-a962-4c73-a55e-6bcacd3c069f.jpg","https://web-framework-cwj.oss-cn-chengdu.aliyuncs.com/6cfd67c4-3bb2-44df-b70d-04eb3ad65228.jpg"]', '千里江山收纳盒是一款设计精美的收纳盒，外观简约大方，采用高品质的环保材料制成，经久耐用。收纳盒的设计灵感源自中国传统山水画，以千里江山为主题，图案精美细致，寓意着广阔的胸怀和收纳空间。\n\n收纳盒内部结构合理，可以有效地分类收纳各种物品，如文具、首饰、化妆品等，让杂乱的物品有条不紊地摆放整齐。盒子的大小适中，方便携带和摆放，不占用过多的空间。\n\n千里江山收纳盒不仅能够让生活更加整洁有序，还可以作为家居装饰，增添一份文雅和艺术气息。无论是自用还是送礼，都是一款实用且具有美感的收纳盒。', '["https://web-framework-cwj.oss-cn-chengdu.aliyuncs.com/14a55185-7690-4fed-a70e-3560cf37730c.jpg","https://web-framework-cwj.oss-cn-chengdu.aliyuncs.com/5ee6019e-0cb8-46d1-a668-5ef2e5118b2c.jpg","https://web-framework-cwj.oss-cn-chengdu.aliyuncs.com/a7dbf287-6181-41c2-960d-bdb2719b6c4b.jpg","https://web-framework-cwj.oss-cn-chengdu.aliyuncs.com/dc203cc7-ed01-42d6-b12d-879e1de5cc0f.jpg","https://web-framework-cwj.oss-cn-chengdu.aliyuncs.com/ea62d11d-7ac6-446b-9d97-8caa4d4270d5.jpg"]', '', 1),
	(48, '2024-03-17 14:45:34', '2024-03-17 14:45:34', 23, 23, '山林清欢系列线香', 11, 7, 199.00, 999, 'https://web-framework-cwj.oss-cn-chengdu.aliyuncs.com/c73daac0-13fe-43b9-9141-5da5957df79f.jpg', '["https://web-framework-cwj.oss-cn-chengdu.aliyuncs.com/3115f7bd-3074-4cc9-b5ce-8700ff82cd55.jpg","https://web-framework-cwj.oss-cn-chengdu.aliyuncs.com/34e62aab-8de8-408e-a491-d7fd729a80a4.jpg","https://web-framework-cwj.oss-cn-chengdu.aliyuncs.com/cf9df437-3c9e-4f15-9c10-2fc489398407.jpg","https://web-framework-cwj.oss-cn-chengdu.aliyuncs.com/3e51ee1d-82f7-46db-998a-45252aef3c3e.jpg","https://web-framework-cwj.oss-cn-chengdu.aliyuncs.com/dba4c698-e351-4d66-a119-fa66ec52068f.jpg","https://web-framework-cwj.oss-cn-chengdu.aliyuncs.com/033b8cd7-4cc0-4346-a61a-cabe598c39ca.jpg"]', '山林清欢系列线香是一款清新、自然的香气产品，散发出深入山林的芳香气息。这款线香选用了天然的植物香料和精油，打造出清新的松木、柏木和竹叶等独特的山林香气，让人仿佛置身于大自然之中。\n\n山林清欢系列线香具有持久的香味，能够有效净化室内空气，带来放松和舒缓的感受。线香的包装设计简约典雅，展现出清新自然的风格，适合作为家居香氛装饰，也是送礼的不错选择。\n\n使用山林清欢系列线香，可以为生活增添一份清新自然的气息，让人感受到大自然的宁静和舒适。这款线香不仅能够提升居室的氛围，还能够带来身心的放松和愉悦，是一款非常实用的香氛产品。', '["https://web-framework-cwj.oss-cn-chengdu.aliyuncs.com/a6ff6e56-4928-4dfd-a9d0-f4a2ef1ed543.jpg","https://web-framework-cwj.oss-cn-chengdu.aliyuncs.com/44ea03c8-b467-440d-86ae-e0a2f4ed900c.jpg","https://web-framework-cwj.oss-cn-chengdu.aliyuncs.com/fad16b37-0839-4c77-b44e-5b7a1d4a9e43.jpg","https://web-framework-cwj.oss-cn-chengdu.aliyuncs.com/da91b855-40c0-443c-8bed-fa947f288554.jpg","https://web-framework-cwj.oss-cn-chengdu.aliyuncs.com/d12cbbd6-0d22-463a-a1a0-181302a54a38.jpg"]', '', 1),
	(49, '2024-03-17 14:47:40', '2024-03-17 14:47:40', 23, 23, '喜悦如意收纳盒', 11, 7, 399.00, 499, 'https://web-framework-cwj.oss-cn-chengdu.aliyuncs.com/337295f0-3cca-4483-a5e4-aedf85c938f8.jpg', '["https://web-framework-cwj.oss-cn-chengdu.aliyuncs.com/f2cf5f0b-3e77-4f02-afc1-fcf2274e022a.jpg","https://web-framework-cwj.oss-cn-chengdu.aliyuncs.com/f4f8da3b-52fc-436b-84c5-cce3d51402cc.jpg","https://web-framework-cwj.oss-cn-chengdu.aliyuncs.com/e182942f-53d2-4d8b-8918-ff12061c6a9c.jpg","https://web-framework-cwj.oss-cn-chengdu.aliyuncs.com/f33a974e-4226-4446-b1ab-5bac91e26c0f.jpg","https://web-framework-cwj.oss-cn-chengdu.aliyuncs.com/a08ca233-effa-441a-ad57-dbe941a8a14a.jpg","https://web-framework-cwj.oss-cn-chengdu.aliyuncs.com/9c0132b6-7146-413b-b495-37f0712a8aa3.jpg"]', '喜悦如意收纳盒是一款设计精美的收纳容器，外观充满了喜庆和美好的意象。它通常采用优质的环保材料制成，具有良好的耐用性和质感。收纳盒的设计通常寓意着幸福如意，常常搭配一些吉祥图案或者祝福语，适合用来收纳珠宝、首饰、文具或其他小件物品。它不仅能够帮助整理物品，还能为居室增添一份幸福的氛围。这样的收纳盒在生活中也可以作为一份美好的礼物，用来表达对他人的祝福和关怀。喜悦如意收纳盒是一款设计精美的收纳容器，外观充满了喜庆和美好的意象。', '["https://web-framework-cwj.oss-cn-chengdu.aliyuncs.com/be6a0baa-e6ec-4045-acbf-8f0c2f42183d.jpg","https://web-framework-cwj.oss-cn-chengdu.aliyuncs.com/0d220c6e-3622-41db-8c73-08e2070bfc70.jpg","https://web-framework-cwj.oss-cn-chengdu.aliyuncs.com/e6d3a2f8-7cfb-477f-a25a-2de2fd35bf43.jpg","https://web-framework-cwj.oss-cn-chengdu.aliyuncs.com/31a62b7d-252a-49f9-ac0f-a4c94440b244.jpg","https://web-framework-cwj.oss-cn-chengdu.aliyuncs.com/f5afdaa5-1cd0-4a9e-a926-d5ba0080e6c1.jpg","https://web-framework-cwj.oss-cn-chengdu.aliyuncs.com/09182c1a-2426-473a-be53-2bc7aa14a361.jpg","https://web-framework-cwj.oss-cn-chengdu.aliyuncs.com/a0b9fa6b-de04-45fb-8cc0-50e75c7b8d53.jpg"]', '限定', 1),
	(50, '2024-03-17 14:49:07', '2024-03-17 14:49:07', 23, 23, '春玉满堂系列白玉首饰', 8, 7, 12999.00, 499, 'https://web-framework-cwj.oss-cn-chengdu.aliyuncs.com/efcdb559-f1f0-4390-b1f5-9ea25b61209a.jpg', '["https://web-framework-cwj.oss-cn-chengdu.aliyuncs.com/f91fdef1-d3c8-4b64-b80f-98870f993f63.jpg","https://web-framework-cwj.oss-cn-chengdu.aliyuncs.com/6ce52360-f1f6-4483-84ef-a5e0427566da.jpg","https://web-framework-cwj.oss-cn-chengdu.aliyuncs.com/d42c8d05-6ba9-42a8-91fe-f7d8da2c4ed8.jpg","https://web-framework-cwj.oss-cn-chengdu.aliyuncs.com/0571dfb4-3ce9-4406-9b98-7c5fe9f1e42a.jpg","https://web-framework-cwj.oss-cn-chengdu.aliyuncs.com/464a334d-72a9-4ffe-bfae-75af6d0a91e4.jpg","https://web-framework-cwj.oss-cn-chengdu.aliyuncs.com/241bafde-c9bd-4ae9-ba13-b4fd76fa1e2e.jpg"]', '春玉满堂系列白玉首饰是一系列精美的珠宝首饰，以白玉为主要材料，设计时尚典雅。白玉在中国传统文化中象征着纯洁和吉祥，因此这款首饰系列常常寓意着吉祥如意、幸福美满。首饰设计精美，包括项链、手镯、耳环等，每件都展现了高品质的工艺和精湛的设计。白玉的自然纹理和光泽使得每件首饰看起来独一无二，散发着迷人的光芒。这些首饰不仅适合日常佩戴，也是搭配正装的完美选择，展现出优雅与高贵。春玉满堂系列白玉首饰不仅能够提升整体气质，还能成为送礼的不错选择，传达祝福和美好的愿望。', '["https://web-framework-cwj.oss-cn-chengdu.aliyuncs.com/660a7c80-9e59-44bd-8506-7a31cd32a12c.jpg","https://web-framework-cwj.oss-cn-chengdu.aliyuncs.com/2eaf78a1-9c18-4f4e-98bc-32563497a68b.jpg"]', '玉石', 1),
	(51, '2024-03-17 14:50:22', '2024-03-17 14:50:22', 23, 23, '福禄迭至水晶手串', 8, 7, 8999.00, 300, 'https://web-framework-cwj.oss-cn-chengdu.aliyuncs.com/938f9eda-d219-467c-9981-5516a3cd1ca4.jpg', '["https://web-framework-cwj.oss-cn-chengdu.aliyuncs.com/ace49279-585f-4906-abbc-2e97020250e1.jpg","https://web-framework-cwj.oss-cn-chengdu.aliyuncs.com/3b0e18ca-0438-401b-b9e1-b7becb5fd31f.jpg","https://web-framework-cwj.oss-cn-chengdu.aliyuncs.com/862d251e-dc9f-42ff-8aa2-df72a905265b.jpg","https://web-framework-cwj.oss-cn-chengdu.aliyuncs.com/eff9105d-70e3-4eea-8ed3-d6e58f8e3d10.jpg","https://web-framework-cwj.oss-cn-chengdu.aliyuncs.com/6463282d-d8ce-44b0-8e93-ed389730ad14.jpg","https://web-framework-cwj.oss-cn-chengdu.aliyuncs.com/8e19a847-3ba7-4a8d-b037-9c3177f507bd.jpg"]', '福禄迭至水晶手串是一种具有独特寓意的手饰，以水晶材质制成，寓意着福禄寿喜齐至。水晶被认为具有净化和平衡能量的功效，能够带来积极的能量和好运。这款手串通常以细致的手工制作而成，每颗水晶珠都经过精心挑选，串成手链，展现出优雅的光泽和天然的美感。福禄迭至水晶手串不仅适合佩戴，还可以作为一种具有美好祝愿的礼物，传达对他人的祝福和关怀。佩戴这款手串可以让人感受到内心的宁静与平和，同时也能成为日常穿搭的点睛之笔，增添亮点和美感。', '["https://web-framework-cwj.oss-cn-chengdu.aliyuncs.com/02e2217d-ebd8-4ee1-8241-62f73e5ce363.jpg","https://web-framework-cwj.oss-cn-chengdu.aliyuncs.com/cabe2fc1-cd9d-4e1a-9cfb-e7570bec14ac.jpg"]', '限定', 1),
	(52, '2024-03-17 14:52:03', '2024-03-17 14:52:03', 23, 23, '福禄绵长系列白玉首饰', 8, 7, 15999.00, 100, 'https://web-framework-cwj.oss-cn-chengdu.aliyuncs.com/f63c99c4-db0c-4da4-8e69-50c575eeee44.jpg', '["https://web-framework-cwj.oss-cn-chengdu.aliyuncs.com/a4f85bae-1268-4620-8964-9f818018034d.jpg","https://web-framework-cwj.oss-cn-chengdu.aliyuncs.com/85c9a308-ac13-4db7-b1f3-ae87d6f19da3.jpg","https://web-framework-cwj.oss-cn-chengdu.aliyuncs.com/dce2872e-f713-4552-8092-2e3e36ecb0a2.jpg","https://web-framework-cwj.oss-cn-chengdu.aliyuncs.com/aa511794-138a-47f0-8d62-4f12c00ae619.jpg","https://web-framework-cwj.oss-cn-chengdu.aliyuncs.com/246d0908-555b-4638-b0b0-025f92740d42.jpg","https://web-framework-cwj.oss-cn-chengdu.aliyuncs.com/7781da3e-fd8b-4d58-96f8-40468358ce3b.jpg"]', '福禄绵长系列白玉首饰以白玉为主要材质制成，代表着幸福、富贵和长寿的象征。这一系列的首饰设计精美，包括项链、手镯、耳环等，每一件都展现了高品质的工艺和精湛的设计。白玉的自然纹理和光泽使得每件首饰看起来独一无二，散发着迷人的光芒。福禄绵长系列白玉首饰不仅适合日常佩戴，也是搭配正装的完美选择，展现出优雅与高贵。这些首饰不仅能够提升整体气质，还能成为送礼的不错选择，传达祝福和美好的愿望。佩戴这些首饰可以让人感受到内心的宁静与平和，同时也能成为日常穿搭的点睛之笔，增添亮点和美感。', '["https://web-framework-cwj.oss-cn-chengdu.aliyuncs.com/53f05f6a-8555-4afa-a6a0-c404af23d87a.jpg","https://web-framework-cwj.oss-cn-chengdu.aliyuncs.com/94785ffc-6b21-49ea-a61b-ad65291d7326.jpg"]', '限量', 1),
	(53, '2024-03-17 14:53:21', '2024-03-17 14:53:21', 23, 23, '事事如意系列首饰', 8, 7, 29999.00, 10, 'https://web-framework-cwj.oss-cn-chengdu.aliyuncs.com/b36c7166-78fd-4904-aa64-69cbf95609da.jpg', '["https://web-framework-cwj.oss-cn-chengdu.aliyuncs.com/e26b22ad-564e-4725-89de-375cd20c2388.jpg","https://web-framework-cwj.oss-cn-chengdu.aliyuncs.com/164cc097-993e-46ea-9ca4-98aeaad1958e.jpg","https://web-framework-cwj.oss-cn-chengdu.aliyuncs.com/680ace73-c1ad-4368-bdb6-4c90934bd1d5.jpg","https://web-framework-cwj.oss-cn-chengdu.aliyuncs.com/00d7c6a2-9527-4e5e-87a4-cb216f84b556.jpg","https://web-framework-cwj.oss-cn-chengdu.aliyuncs.com/06816834-96ab-4f31-916c-ef20fe2a1ee2.jpg","https://web-framework-cwj.oss-cn-chengdu.aliyuncs.com/864f8ddc-4fca-486d-8ea2-efd16ebb366a.jpg"]', '事事如意系列首饰是一款具有美好寓意的饰品系列，旨在传达吉祥如意、幸福美满的祝福。这一系列的首饰设计精美，通常以精致的工艺制成，包括项链、手镯、耳环等，每一件都展现了高品质的制作和精湛的设计。饰品常常搭配一些吉祥图案或者寓意吉祥的吉祥语，如如意、福禄寿喜等。这些首饰不仅能够提升整体气质，还能成为送礼的不错选择，传达祝福和美好的愿望。佩戴这些首饰可以让人感受到内心的宁静与平和，同时也能成为日常穿搭的点睛之笔，增添亮点和美感。', '["https://web-framework-cwj.oss-cn-chengdu.aliyuncs.com/9c974843-d74a-43bc-aaa9-31b945ff1fe7.jpg","https://web-framework-cwj.oss-cn-chengdu.aliyuncs.com/cf332234-d03d-4834-8693-778641f105eb.jpg"]', '限量', 1),
	(54, '2024-03-17 14:55:28', '2024-03-17 14:55:28', 23, 23, '鹤舞青松丝巾', 13, 7, 999.00, 1000, 'https://web-framework-cwj.oss-cn-chengdu.aliyuncs.com/3620e4f6-f5bc-44e4-9893-91684de73b99.jpg', '["https://web-framework-cwj.oss-cn-chengdu.aliyuncs.com/e02a8269-daa8-46ea-816f-75b56957293e.jpg","https://web-framework-cwj.oss-cn-chengdu.aliyuncs.com/872254c9-273c-4744-81aa-a756f26710fa.jpg","https://web-framework-cwj.oss-cn-chengdu.aliyuncs.com/f9371bd3-d127-4b0e-aa32-48b7e92e1d63.jpg","https://web-framework-cwj.oss-cn-chengdu.aliyuncs.com/e15d980d-927e-4f68-9817-1546c965fd28.jpg","https://web-framework-cwj.oss-cn-chengdu.aliyuncs.com/fbd6733f-0cc1-432c-b10f-d88df98acbd5.jpg","https://web-framework-cwj.oss-cn-chengdu.aliyuncs.com/b6884432-8115-4e76-a60a-837566193955.jpg"]', '鹤舞青松丝巾是一款精美的丝质面料制成的围巾，通常以鹤舞和青松等优美图案或者寓意吉祥的图案进行装饰。这款丝巾通常采用优质的丝绸材料制成，具有柔软光滑的手感和光泽。其设计灵感常常来自中国传统文化中的吉祥元素，如鹤和青松，象征着长寿、吉祥和幸福。这样的丝巾在日常穿搭中既能增添亮点，又能展现出优雅的气质。它不仅可以作为配饰搭配服装，还可以作为礼物送给亲朋好友，传达对他们的祝福和关怀。鹤舞青松丝巾的设计精美，寓意美好，是一款值得收藏和佩戴的精美饰品。', '["https://web-framework-cwj.oss-cn-chengdu.aliyuncs.com/d7ece9e0-79a2-4ef3-b5f6-e71848809262.jpg","https://web-framework-cwj.oss-cn-chengdu.aliyuncs.com/747d8bb1-6641-49c1-9d05-f95b9a8d721a.jpg","https://web-framework-cwj.oss-cn-chengdu.aliyuncs.com/b0e8c0b3-45a2-40ea-ac07-3752e29fb2bc.jpg","https://web-framework-cwj.oss-cn-chengdu.aliyuncs.com/040c2891-2638-4b44-b652-13b4bed45608.jpg","https://web-framework-cwj.oss-cn-chengdu.aliyuncs.com/706441e8-8eac-4fd0-a607-ae5acc789641.jpg","https://web-framework-cwj.oss-cn-chengdu.aliyuncs.com/277a223d-c5c2-409c-a609-4b3b3e6d74d9.jpg","https://web-framework-cwj.oss-cn-chengdu.aliyuncs.com/b278a9a2-c5a2-463c-9c4d-aa8af964376a.jpg","https://web-framework-cwj.oss-cn-chengdu.aliyuncs.com/5c2ee3c2-740a-4efc-9c67-1bdcd82a6fb0.jpg","https://web-framework-cwj.oss-cn-chengdu.aliyuncs.com/2826ec88-9270-4f64-afd1-41bd11a3bf89.jpg","https://web-framework-cwj.oss-cn-chengdu.aliyuncs.com/49677dec-d7a6-4bd9-ab29-948fe2c5b5c8.jpg","https://web-framework-cwj.oss-cn-chengdu.aliyuncs.com/5b9cafcc-d2c2-408e-8af8-6002ff5a4522.jpg","https://web-framework-cwj.oss-cn-chengdu.aliyuncs.com/ed022669-9878-4e65-9f76-2a373d0715ff.jpg"]', '真丝', 1),
	(55, '2024-03-17 14:57:09', '2025-04-18 15:52:37', 23, 36, '珍宝庄严丝巾', 13, 7, 798.00, 1200, 'https://web-framework-cwj.oss-cn-chengdu.aliyuncs.com/3a87a218-ba9e-41f5-a791-ddb8f674d43c.jpg', '["https://web-framework-cwj.oss-cn-chengdu.aliyuncs.com/09ba1cfd-17d1-4f37-b2c8-7e25b33f7158.jpg","https://web-framework-cwj.oss-cn-chengdu.aliyuncs.com/4437a70f-1e32-436c-9441-48078608a635.jpg","https://web-framework-cwj.oss-cn-chengdu.aliyuncs.com/1fb0b2fe-6706-4d1c-a855-eef4ed4c9b54.jpg","https://web-framework-cwj.oss-cn-chengdu.aliyuncs.com/202f1a04-bb48-4fd4-bf21-cc2341e540a1.jpg","https://web-framework-cwj.oss-cn-chengdu.aliyuncs.com/e8436800-fe73-49f3-bc74-35e96f3b227f.jpg","https://web-framework-cwj.oss-cn-chengdu.aliyuncs.com/6ef51c58-dd46-4120-a44e-996d5a7f1eb0.jpg"]', '珍宝庄严丝巾是一款精美的丝质面料制成的围巾，通常以庄严肃穆的图案和富丽堂皇的设计闻名。这款丝巾通常采用优质的丝绸材料制成，具有柔软光滑的手感和细腻的光泽。其设计常常融合了中国传统文化中的庄重元素和寓意吉祥的图案，如龙凤、寿桃等，展现出华贵和典雅。这样的丝巾在日常穿搭中既能增添亮点，又能展现出高贵的气质。它不仅可以作为配饰搭配服装，还可以作为珍贵的礼物，传达对亲朋好友的祝福和关怀。珍宝庄严丝巾的设计精美，充满着文化内涵，是一款值得收藏和佩戴的精美饰品。', '["https://web-framework-cwj.oss-cn-chengdu.aliyuncs.com/f3f5cc9d-3d07-4ff2-bd5f-1e698bdc23bc.jpg","https://web-framework-cwj.oss-cn-chengdu.aliyuncs.com/8e66bf0a-121c-4d24-b877-26e549556f04.jpg","https://web-framework-cwj.oss-cn-chengdu.aliyuncs.com/1144f86c-f9bf-4f4c-bd47-b7811710af57.jpg","https://web-framework-cwj.oss-cn-chengdu.aliyuncs.com/1b3a267d-ba11-47aa-af64-e5a5ba308e44.jpg","https://web-framework-cwj.oss-cn-chengdu.aliyuncs.com/e09d1be2-75c7-43d6-b084-821492001fbf.jpg","https://web-framework-cwj.oss-cn-chengdu.aliyuncs.com/4d4f042d-872b-475f-a25f-6286869d76e1.jpg","https://web-framework-cwj.oss-cn-chengdu.aliyuncs.com/096b62d3-62b4-4fd9-b287-312ec4b01793.jpg","https://web-framework-cwj.oss-cn-chengdu.aliyuncs.com/d0fcfd35-63e2-407d-8924-cc6e34afb8ec.jpg","https://web-framework-cwj.oss-cn-chengdu.aliyuncs.com/a86eb755-2b0c-49c8-9944-be63e509595e.jpg","https://web-framework-cwj.oss-cn-chengdu.aliyuncs.com/fc1eb87b-499a-4813-afe2-4637bead107d.jpg"]', '真丝', 1),
	(56, '2024-03-17 14:58:53', '2025-01-22 15:36:01', 23, 36, '珠光宝气丝巾', 13, 7, 1099.00, 999, 'https://web-framework-cwj.oss-cn-chengdu.aliyuncs.com/e5c95952-941e-4f57-ad0f-0625cbccc335.jpg', '["https://web-framework-cwj.oss-cn-chengdu.aliyuncs.com/7188eb3f-6d3b-4e0c-9f46-16606a278733.jpg","https://web-framework-cwj.oss-cn-chengdu.aliyuncs.com/bedc010d-1aae-4cbe-a02c-42e4f5e42598.jpg","https://web-framework-cwj.oss-cn-chengdu.aliyuncs.com/ac9d4fc2-821c-476b-b003-864d6db95b3f.jpg","https://web-framework-cwj.oss-cn-chengdu.aliyuncs.com/c9eb82b6-d846-4a2f-a0b4-fa81130bf55b.jpg","https://web-framework-cwj.oss-cn-chengdu.aliyuncs.com/908761ee-b79b-4fd7-b835-652851b81454.jpg","https://web-framework-cwj.oss-cn-chengdu.aliyuncs.com/7247c651-4451-47a6-809e-a4d5d2bec66f.jpg"]', '珠光宝气丝巾是一款时尚华丽的丝质围巾，通常以精美的图案和璀璨的珠光设计而闻名。这款丝巾通常采用高品质的丝绸面料制成，手感柔软，光泽明亮。其设计常常融合了时尚元素和富丽堂皇的设计，如珍珠、宝石等，展现出华贵和典雅。这样的丝巾在日常穿搭中既能增添亮点，又能展现出高贵的气质。它不仅可以作为配饰搭配服装，还可以作为珍贵的礼物，传递对亲朋好友的祝福和关怀。珠光宝气丝巾的设计精美，充满着时尚魅力，是一款值得收藏和佩戴的精美饰品。', '["https://web-framework-cwj.oss-cn-chengdu.aliyuncs.com/bf5eeb02-0c5d-4404-b55d-bdfedc3b751f.jpg","https://web-framework-cwj.oss-cn-chengdu.aliyuncs.com/389e61a8-6548-4b36-8ba8-fabd609cef54.gif","https://web-framework-cwj.oss-cn-chengdu.aliyuncs.com/5d9941bd-f3ca-4b71-ad08-d239a8d2f14f.gif","https://web-framework-cwj.oss-cn-chengdu.aliyuncs.com/1025ea79-43f6-4555-9704-d642f0c2ea52.gif","https://web-framework-cwj.oss-cn-chengdu.aliyuncs.com/dc9a8289-794d-47c2-b10e-ce92afc29fb2.gif","https://web-framework-cwj.oss-cn-chengdu.aliyuncs.com/529d35f8-ea23-4a63-8698-aa31b9e4bbd7.gif","https://web-framework-cwj.oss-cn-chengdu.aliyuncs.com/d2cc7552-a4c3-420e-818b-5cad7722dd0e.gif","https://web-framework-cwj.oss-cn-chengdu.aliyuncs.com/7d68b359-e2ce-4d0a-81a1-4293a53850e0.gif","https://web-framework-cwj.oss-cn-chengdu.aliyuncs.com/ea3446d5-6302-43b2-93f6-69ba3c988547.gif","https://web-framework-cwj.oss-cn-chengdu.aliyuncs.com/80cbb922-48dc-4f68-9ce7-19cfaef6c062.gif","https://web-framework-cwj.oss-cn-chengdu.aliyuncs.com/05118a24-0913-4117-a029-4b1534f743ce.gif"]', '真丝', 1),
	(57, '2024-03-17 14:58:53', '2025-01-22 15:36:01', 23, 36, '测试', 13, 7, 1099.00, 999, 'https://web-framework-cwj.oss-cn-chengdu.aliyuncs.com/337295f0-3cca-4483-a5e4-aedf85c938f8.jpg', '["https://web-framework-cwj.oss-cn-chengdu.aliyuncs.com/f2cf5f0b-3e77-4f02-afc1-fcf2274e022a.jpg","https://web-framework-cwj.oss-cn-chengdu.aliyuncs.com/f4f8da3b-52fc-436b-84c5-cce3d51402cc.jpg","https://web-framework-cwj.oss-cn-chengdu.aliyuncs.com/e182942f-53d2-4d8b-8918-ff12061c6a9c.jpg","https://web-framework-cwj.oss-cn-chengdu.aliyuncs.com/f33a974e-4226-4446-b1ab-5bac91e26c0f.jpg","https://web-framework-cwj.oss-cn-chengdu.aliyuncs.com/a08ca233-effa-441a-ad57-dbe941a8a14a.jpg","https://web-framework-cwj.oss-cn-chengdu.aliyuncs.com/9c0132b6-7146-413b-b495-37f0712a8aa3.jpg"]', '喜悦如意收纳盒是一款设计精美的收纳容器，外观充满了喜庆和美好的意象。它通常采用优质的环保材料制成，具有良好的耐用性和质感。收纳盒的设计通常寓意着幸福如意，常常搭配一些吉祥图案或者祝福语，适合用来收纳珠宝、首饰、文具或其他小件物品。它不仅能够帮助整理物品，还能为居室增添一份幸福的氛围。这样的收纳盒在生活中也可以作为一份美好的礼物，用来表达对他人的祝福和关怀。喜悦如意收纳盒是一款设计精美的收纳容器，外观充满了喜庆和美好的意象。', '["https://web-framework-cwj.oss-cn-chengdu.aliyuncs.com/be6a0baa-e6ec-4045-acbf-8f0c2f42183d.jpg","https://web-framework-cwj.oss-cn-chengdu.aliyuncs.com/0d220c6e-3622-41db-8c73-08e2070bfc70.jpg","https://web-framework-cwj.oss-cn-chengdu.aliyuncs.com/e6d3a2f8-7cfb-477f-a25a-2de2fd35bf43.jpg","https://web-framework-cwj.oss-cn-chengdu.aliyuncs.com/31a62b7d-252a-49f9-ac0f-a4c94440b244.jpg","https://web-framework-cwj.oss-cn-chengdu.aliyuncs.com/f5afdaa5-1cd0-4a9e-a926-d5ba0080e6c1.jpg","https://web-framework-cwj.oss-cn-chengdu.aliyuncs.com/09182c1a-2426-473a-be53-2bc7aa14a361.jpg","https://web-framework-cwj.oss-cn-chengdu.aliyuncs.com/a0b9fa6b-de04-45fb-8cc0-50e75c7b8d53.jpg"]', '限定', 1);
/*!40000 ALTER TABLE `product` ENABLE KEYS */;

-- 导出  表 wcg_mall.product_brand 结构
CREATE TABLE IF NOT EXISTS `product_brand` (
  `id` bigint(20) NOT NULL AUTO_INCREMENT,
  `create_time` datetime DEFAULT NULL,
  `update_time` datetime DEFAULT NULL,
  `create_user` bigint(20) DEFAULT NULL,
  `update_user` bigint(20) DEFAULT NULL,
  `name` varchar(50) COLLATE utf8_unicode_ci DEFAULT NULL,
  PRIMARY KEY (`id`)
) ENGINE=MyISAM AUTO_INCREMENT=8 DEFAULT CHARSET=utf8 COLLATE=utf8_unicode_ci;

-- 正在导出表  wcg_mall.product_brand 的数据：1 rows
/*!40000 ALTER TABLE `product_brand` DISABLE KEYS */;
INSERT INTO `product_brand` (`id`, `create_time`, `update_time`, `create_user`, `update_user`, `name`) VALUES
	(7, '2024-02-20 15:57:17', '2024-03-16 17:11:47', 23, 23, '故宫博物馆');
/*!40000 ALTER TABLE `product_brand` ENABLE KEYS */;

-- 导出  表 wcg_mall.product_category 结构
CREATE TABLE IF NOT EXISTS `product_category` (
  `id` bigint(20) NOT NULL AUTO_INCREMENT,
  `create_time` datetime DEFAULT NULL,
  `update_time` datetime DEFAULT NULL,
  `create_user` bigint(20) DEFAULT NULL,
  `update_user` bigint(20) DEFAULT NULL,
  `name` varchar(50) COLLATE utf8_unicode_ci DEFAULT NULL,
  PRIMARY KEY (`id`)
) ENGINE=MyISAM AUTO_INCREMENT=14 DEFAULT CHARSET=utf8 COLLATE=utf8_unicode_ci;

-- 正在导出表  wcg_mall.product_category 的数据：6 rows
/*!40000 ALTER TABLE `product_category` DISABLE KEYS */;
INSERT INTO `product_category` (`id`, `create_time`, `update_time`, `create_user`, `update_user`, `name`) VALUES
	(11, '2024-03-16 17:10:33', '2024-03-17 13:33:53', 23, 23, '工具'),
	(12, '2024-03-16 17:10:42', '2024-03-17 13:34:16', 23, 23, '笔记本/册'),
	(10, '2024-02-20 15:41:57', '2024-03-16 17:09:52', 23, 23, '摆件'),
	(8, '2024-02-20 15:41:43', '2024-03-17 13:33:25', 23, 23, '首饰/手串'),
	(9, '2024-02-20 15:41:49', '2024-03-17 13:33:43', 23, 23, '瓶/壶/盘'),
	(13, '2024-03-16 17:10:56', '2024-03-16 17:10:56', 23, 23, '丝巾');
/*!40000 ALTER TABLE `product_category` ENABLE KEYS */;

-- 导出  表 wcg_mall.shopping_cart 结构
CREATE TABLE IF NOT EXISTS `shopping_cart` (
  `id` bigint(20) NOT NULL AUTO_INCREMENT,
  `product_id` bigint(20) DEFAULT NULL,
  `user_id` bigint(20) DEFAULT NULL,
  `number` int(11) DEFAULT NULL,
  PRIMARY KEY (`id`)
) ENGINE=MyISAM AUTO_INCREMENT=200 DEFAULT CHARSET=utf8 COLLATE=utf8_unicode_ci;

-- 正在导出表  wcg_mall.shopping_cart 的数据：5 rows
/*!40000 ALTER TABLE `shopping_cart` DISABLE KEYS */;
INSERT INTO `shopping_cart` (`id`, `product_id`, `user_id`, `number`) VALUES
	(199, 33, 36, 1),
	(165, 34, 37, 1),
	(164, 33, 37, 1),
	(125, 34, 32, 1),
	(124, 33, 32, 1);
/*!40000 ALTER TABLE `shopping_cart` ENABLE KEYS */;

-- 导出  表 wcg_mall.shop_slider 结构
CREATE TABLE IF NOT EXISTS `shop_slider` (
  `id` bigint(20) NOT NULL AUTO_INCREMENT,
  `url` varchar(255) COLLATE utf8_unicode_ci NOT NULL DEFAULT '0',
  PRIMARY KEY (`id`)
) ENGINE=MyISAM AUTO_INCREMENT=4 DEFAULT CHARSET=utf8 COLLATE=utf8_unicode_ci;

-- 正在导出表  wcg_mall.shop_slider 的数据：2 rows
/*!40000 ALTER TABLE `shop_slider` DISABLE KEYS */;
INSERT INTO `shop_slider` (`id`, `url`) VALUES
	(1, 'https://web-framework-cwj.oss-cn-chengdu.aliyuncs.com/712e7176-e8f4-41d9-aae6-4df781011933.png'),
	(3, 'https://web-framework-cwj.oss-cn-chengdu.aliyuncs.com/0908fab0-a978-4001-93e2-2dba0eb48182.png');
/*!40000 ALTER TABLE `shop_slider` ENABLE KEYS */;

-- 导出  表 wcg_mall.user 结构
CREATE TABLE IF NOT EXISTS `user` (
  `id` bigint(20) NOT NULL AUTO_INCREMENT,
  `create_time` datetime DEFAULT NULL,
  `update_time` datetime DEFAULT NULL,
  `username` varchar(50) COLLATE utf8_unicode_ci DEFAULT NULL,
  `nick_name` varchar(50) COLLATE utf8_unicode_ci DEFAULT NULL,
  `email` varchar(50) COLLATE utf8_unicode_ci DEFAULT NULL,
  `password` text COLLATE utf8_unicode_ci,
  `phone` varchar(11) COLLATE utf8_unicode_ci DEFAULT NULL,
  `avatar` varchar(255) COLLATE utf8_unicode_ci DEFAULT NULL,
  `status` int(11) DEFAULT '1' COMMENT '1:普通用户  2：卖家  3：管理员',
  `state` int(11) DEFAULT '0',
  PRIMARY KEY (`id`)
) ENGINE=MyISAM AUTO_INCREMENT=44 DEFAULT CHARSET=utf8 COLLATE=utf8_unicode_ci;

-- 正在导出表  wcg_mall.user 的数据：6 rows
/*!40000 ALTER TABLE `user` DISABLE KEYS */;
INSERT INTO `user` (`id`, `create_time`, `update_time`, `username`, `nick_name`, `email`, `password`, `phone`, `avatar`, `status`, `state`) VALUES
	(38, NULL, NULL, NULL, '枳枳枳zzzz', '1750463140@qq.com', 'lhVAhgtGahOn4Y5483vgtlxuckDdmtHOJwgDg/JMEsKdWRGGx6ciZs2PC3woiTkT+TezYT3bAxTtbXYViJfE9Jil4d+8eQ8L4oUAR8bxch05bjz7z3CULQoLTsc64qPZvsBG/ACGXm4KQU7W5hvwa+36GPsMVAKsHUVkHJK02x2NRnHwK+AMWGY/ynzPoF8H6MvOQJUWOFnbps+kSulKxG4y9CIop/rvp41EbeOjVh2MIGBZHPkhCPUXPC6PlwrQfCJ/CoFQTL6l3HyWE4p+wD0JrAf1gngJc3BgE76oTjRSwF7kRdLsqrA5BPav4lj82oMoahkyUG50nozKnBGrWQ==', NULL, NULL, 1, 0),
	(36, NULL, NULL, '陈韦江', 'cwjcwj', '1774532899@qq.com', 'aFELQ5vlieNCTFrjFjhijxZE8xOtCET1E1hwZsW0hRp27s/BcOw5tROwOKp0zoyXZ5ct1Hh7x/YaIcSXS9ZjoqAirHoylLOrI7gv2I5yTFo6J1Pa0f/q3SHt3uRbzBqvxGdhRD7AzjbViiU64+YfVYf5A/EpLA4xYYMqNpqtYyaB8yEE+K7fmM+RzM67KEzwSJqCc4X6wEjxvQ2kx3X1YVGVolRFbWdaHpXmWxbDvc+R9qkssW2enx7QG1Dexnq5t6ioLpHDvnLakTYO+j7sCSgGYz3RM7VZQivZghsX6R8fNr4m19WNrsgNrQ7SbcrLv3j0aA31KJxR/SjQyR9TKA==', '18223354992', 'https://web-framework-cwj.oss-cn-chengdu.aliyuncs.com/e5e35bc4-ae9b-430d-88ed-ed3591a97b1e.jpg', 1, 1),
	(37, NULL, NULL, '管理员', 'adminstrator', '2897656259@qq.com', 'J5VVtW6hMh4Ptrahh7dYSyeZbxIT4liGOjPgC8fQSJBBc7TeOxvVbrXJtnbGg+RMsqj96tA1GVbrNEp9mgXuWCLY/ehgcI6yZc99MK7PrGPnuYNJKsl1SwYi3m8eOjQMEhIodiQ1wg3PORdO3EvN38eGzBWtKmL1WS39CqNlSh8+DZgb9cJvycyMF8UvTNpsa3CQNS5dd3+ROylcCunBmbOkpAjODiWU8nMZ6q5+0hwlcv05L4U0d+fY/yCd8wmnsuJ9G4YZ2zba1svnzBX/aWHMQhn9X4iJU85OqynmjYp78DeQ5TnsDZvRFoneppUDuia69wtRvOzB0rBgrCfweQ==', '18223354992', 'https://web-framework-cwj.oss-cn-chengdu.aliyuncs.com/dfbce88c-715c-46f9-9a83-9239d00097a0.jpg', 3, 1),
	(35, NULL, NULL, '廖洪金', 'lhjlhj', '1511830715@qq.com', 'YEXe0evsQRZa63mBQatQGclfwbjV59yRD85U291hboyF5pWQqPwz5Sm3FrE9hPQyatHOX7C9MaOt05XCP7wymMvryks2F2adFRIZ20KRx1xak+sJGLnHj+meZyZNhsedEVjcku32TLX/nIa2IHLOBkxhI/CJCy0C63hYbTXDuILAueasrfs0n5a568jgFEZSaLGqk2NLzxaSJ0+imQPBqLOUCIxiRNlrMyqw/Xvgc8ktqirdq0YZixB4jdZ8GJ7oZF+BgoxTDSmqmh9ck/LZv15lgyuk8Q7FsQYIaM6b3pnUeMSQ8/ulxE2VHwKxMt+9ejWTuQQgL02yuhMDlL93Lg==', '15730524387', 'https://web-framework-cwj.oss-cn-chengdu.aliyuncs.com/65959681-4a56-4769-8589-27c191cea18e.jpg', 1, 1),
	(43, NULL, NULL, NULL, '枳枳枳', '2603226371@qq.com', 'DCCctQA5boijIbcBCocR0OdNNNkoBXV8BM8FSZjSYGbDCXfOsxSZMz34q51wU79u20bVotUdIlKB1ytkpJsskLE3td1ICwXDH1gfEaycJDMEBb2TnIGc6o+blQiciY34ODbo0fOqRjRzYnaGcd3CiMfP0vXfuYNJWWO5q+8MsAXibgTILc6TUs5Q+mSYe72yxdRgdT4ORq3RsH9mXHhq8Qo4FWVgUvvFmTQNyUdAnTwEr8xapIPQQVLNPbOm4Lpdq8fzWuMqrOyeflR2iI5k5WUfcdWdF44FKpqktqP9oer4RoR6zsZniAOfDKdJe0LO5JVUWWA/ErxAyiMlc/h2yA==', NULL, NULL, 1, 0),
	(42, NULL, NULL, '测试', '枳枳枳', 'l1svamgs24@gmail.pm', 't23dHmcjRhDwAMDC23KdUql7/8rgwjTn6xMsbuUKJiFYcy6fR52WY7bML8NNW2g+paBnxMZkAfRIaJLsnaZTm5doem3XGvSVYrBk0c+nbnxa2UZVriEHm2eK6ca4D5LhssNbJLy0nwJCd99uyF+GRSnL119dKrwWgOXqpZr35IZTjPt02Wg9C4UqTV3OXARRK8eYAaJxAjjQZ0H7YaIYJnm3cSDdMrom5xghX/Gbx8Y9X/pwY2F6KnqAc6kgQZZFPvJAPfUf66fClAMujGDv6Arpq230No/DJd3ISvkDT9yXrkwRgqPwmi8+SLZWscmKrBjG+0RbMCwpFsFNzjlR/Q==', '18223354992', 'https://web-framework-cwj.oss-cn-chengdu.aliyuncs.com/6e5f3c63-f927-4a6c-b582-a88d09eac3ed.jpg', 1, 1);
/*!40000 ALTER TABLE `user` ENABLE KEYS */;

-- 导出  表 wcg_mall.user_wish_list 结构
CREATE TABLE IF NOT EXISTS `user_wish_list` (
  `id` bigint(20) NOT NULL AUTO_INCREMENT,
  `user_id` bigint(20) NOT NULL,
  `product_id` bigint(20) NOT NULL,
  PRIMARY KEY (`id`)
) ENGINE=MyISAM AUTO_INCREMENT=72 DEFAULT CHARSET=utf8 COLLATE=utf8_unicode_ci;

-- 正在导出表  wcg_mall.user_wish_list 的数据：11 rows
/*!40000 ALTER TABLE `user_wish_list` DISABLE KEYS */;
INSERT INTO `user_wish_list` (`id`, `user_id`, `product_id`) VALUES
	(67, 36, 35),
	(62, 36, 42),
	(66, 36, 34),
	(50, 32, 36),
	(63, 36, 44),
	(64, 36, 33),
	(49, 32, 43),
	(68, 36, 55),
	(69, 36, 36),
	(70, 36, 40),
	(71, 36, 39);
/*!40000 ALTER TABLE `user_wish_list` ENABLE KEYS */;

/*!40101 SET SQL_MODE=IFNULL(@OLD_SQL_MODE, '') */;
/*!40014 SET FOREIGN_KEY_CHECKS=IF(@OLD_FOREIGN_KEY_CHECKS IS NULL, 1, @OLD_FOREIGN_KEY_CHECKS) */;
/*!40101 SET CHARACTER_SET_CLIENT=@OLD_CHARACTER_SET_CLIENT */;
